<?xml version="1.0" encoding="utf-8"?>
<COLLADA xmlns="http://www.collada.org/2005/11/COLLADASchema" version="1.4.1" xmlns:xsi="http://www.w3.org/2001/XMLSchema-instance">
  <asset>
    <contributor>
      <author>Blender User</author>
      <authoring_tool>Blender 3.0.1</authoring_tool>
    </contributor>
    <created>2025-09-29T11:44:10</created>
    <modified>2025-09-29T11:44:10</modified>
    <unit name="meter" meter="1"/>
    <up_axis>Z_UP</up_axis>
  </asset>
  <library_effects>
    <effect id="Black-effect">
      <profile_COMMON>
        <technique sid="common">
          <lambert>
            <emission>
              <color sid="emission">0 0 0 1</color>
            </emission>
            <diffuse>
              <color sid="diffuse">0.03310248 0.03310248 0.03310248 1</color>
            </diffuse>
            <index_of_refraction>
              <float sid="ior">1</float>
            </index_of_refraction>
          </lambert>
        </technique>
      </profile_COMMON>
    </effect>
    <effect id="JointGrey-effect">
      <profile_COMMON>
        <technique sid="common">
          <lambert>
            <emission>
              <color sid="emission">0 0 0 1</color>
            </emission>
            <diffuse>
              <color sid="diffuse">0.2784314 0.2784314 0.2784314 1</color>
            </diffuse>
            <index_of_refraction>
              <float sid="ior">1</float>
            </index_of_refraction>
          </lambert>
        </technique>
      </profile_COMMON>
    </effect>
  </library_effects>
  <library_images/>
  <library_materials>
    <material id="Black-material" name="Black">
      <instance_effect url="#Black-effect"/>
    </material>
    <material id="JointGrey-material" name="JointGrey">
      <instance_effect url="#JointGrey-effect"/>
    </material>
  </library_materials>
  <library_geometries>
    <geometry id="eSeries_UR10e_043-mesh" name="eSeries UR10e.043">
      <mesh>
        <source id="eSeries_UR10e_043-mesh-positions">
          <float_array id="eSeries_UR10e_043-mesh-positions-array" count="3618">-30.44062 84.93406 -68.41526 -24.61981 84.93344 -70.72393 -18.61549 84.93344 -72.53601 -12.49104 84.9326 -73.84486 -51.18277 85.17292 -54.61646 -46.46196 85.16541 -58.68861 -21.70785 85.17292 71.63382 -27.59484 85.16539 69.58155 -33.29104 85.18904 67.02117 -44.02306 85.20381 60.49403 -48.9672 85.17292 56.61137 -57.72248 85.17292 47.65239 -61.48838 85.18898 42.6532 -64.84633 85.16541 37.39009 -70.18302 85.17292 26.0188 -72.09537 85.18901 20.05923 -74.39479 85.21748 7.771264 -74.8359 85.17293 1.490609 -74.02124 85.18898 -10.99884 -72.83426 85.19936 -17.12205 -71.1481 85.20388 -23.14124 -66.2761 85.2038 -34.71366 -63.15735 85.17292 -40.17193 -6.222996 85.19934 -74.56052 0.01501667 85.17295 -74.85087 36.06838 85.18905 -65.5683 55.63492 85.17296 -50.07401 74.40468 85.20388 7.843066 48.84686 85.18899 56.69303 43.96357 85.16541 60.58276 15.50504 85.21748 73.17493 -3.211261 85.17292 74.78183 -9.415015 85.19936 74.22501 -15.57748 85.20388 73.17726 3.114522 85.18906 74.76918 21.61102 85.18905 71.64562 27.54068 85.17296 69.60002 38.7089 85.17292 64.06446 33.22861 85.21435 67.01663 53.41949 85.18899 52.4068 57.64835 85.18906 47.7158 64.77426 85.18899 37.47546 61.42922 85.18305 42.74365 67.66037 85.21747 31.89125 70.12921 85.18304 26.124 73.49571 85.18901 14.08884 72.05904 85.18898 20.18938 74.83631 85.1654 1.609976 74.69046 85.18901 -4.631432 74.0176 85.20389 -10.90703 72.84534 85.20388 -17.06244 71.18667 85.18305 -23.0874 68.99329 85.20381 -28.93929 66.33996 85.17296 -34.66498 59.64827 85.18901 -45.19069 63.22372 85.1654 -40.07277 51.24974 85.17296 -54.55379 41.46871 85.18899 -62.29335 46.51649 85.18304 -58.6241 30.45809 85.17295 -68.37366 24.65692 85.1654 -70.67604 18.62814 85.20388 -72.46077 12.49742 85.17295 -73.80019 6.302512 85.18304 -74.5711 -55.57344 85.17292 -50.14207 -59.59754 85.1654 -45.29017 -68.96215 85.20388 -29.01364 -74.70326 85.1654 -4.742418 -73.51896 85.18303 13.98333 -67.73339 85.17296 31.85656 -53.51053 85.1654 52.34204 -38.78246 85.18906 64.0004 -41.4095 85.17295 -62.35307 -36.02388 85.1654 -65.61515 -30.43109 85.17295 -68.38568 -24.59229 85.18905 -70.6778 -18.54498 85.18899 -72.49965 -12.42002 85.2038 -73.77874 -21.68732 84.93398 71.67147 -15.29017 84.9426 73.3013 -9.367437 84.93282 74.30477 -3.153782 84.93406 74.81533 3.127587 84.93344 74.8213 9.339577 85.16541 74.26869 15.54179 85.0533 73.25606 9.367299 84.93407 74.29356 15.54139 84.9344 73.24876 21.63664 84.93344 71.69285 27.54904 84.93406 69.62995 33.27156 85.05328 67.0895 38.77533 84.93406 64.06053 33.26935 84.9344 67.08254 48.92615 84.93344 56.69427 43.9998 84.93406 60.59122 53.49862 84.93344 52.4014 57.69581 84.93344 47.74098 61.48834 84.93344 42.74567 64.84954 84.93344 37.45057 67.7472 85.05329 31.91105 70.18699 84.93344 26.1112 67.74114 84.9344 31.90696 72.12575 84.93344 20.14659 73.55863 84.93344 14.04052 74.48369 84.9326 7.827456 74.86496 84.93407 1.586277 74.09024 84.9326 -10.94189 74.73939 84.93344 -4.693853 72.91481 84.9326 -17.10318 71.22401 84.93344 -23.13332 69.04145 84.9326 -29.02356 66.36888 84.93406 -34.67638 59.65449 84.93344 -45.26975 63.23443 84.93406 -40.10842 55.66009 84.93407 -50.09225 51.27326 84.93407 -54.57409 46.52221 84.93344 -58.68298 41.44857 84.93344 -62.37007 36.08424 84.93344 -65.61963 30.47362 84.93406 -68.40057 18.62429 84.9326 -72.54119 24.64322 84.93407 -70.71062 6.274673 84.93344 -74.6233 12.50572 84.93406 -73.83011 0.0180729 84.93407 -74.88177 -6.26809 84.9326 -74.6311 -36.05876 84.93406 -65.62808 -41.4239 84.93406 -62.3806 -46.49845 84.93406 -58.69559 -51.24697 84.93406 -54.59878 -55.63587 84.93406 -50.11914 -66.37174 84.9326 -34.697 -59.63465 84.93406 -45.28782 -69.04232 84.9326 -29.02151 -63.21509 84.93407 -40.1389 -71.22866 84.9326 -23.14234 -72.91534 84.9326 -17.10097 -74.08206 84.93344 -10.94792 -74.47931 85.05332 7.799298 -74.73287 84.93407 -4.719861 -74.86573 84.93406 1.550119 -73.56175 84.93344 14.0242 -74.47202 84.9344 7.799671 -72.13025 84.93344 20.13047 -70.19162 84.93407 26.08478 -67.76274 84.93406 31.86674 -61.49788 84.93344 42.73194 -64.85853 84.93406 37.42526 -57.70888 84.93407 47.71754 -44.02057 84.9326 60.59107 -53.51361 84.93407 52.37912 -48.94295 84.93407 56.67333 -38.80044 84.93344 64.05104 -33.30469 84.93344 67.07315 -27.58261 84.93407 69.61665 -6.237818 85.36058 -74.31686 -18.54524 85.37756 -72.21585 -24.51005 85.35665 -70.43857 -35.92588 85.36058 -65.35469 -41.25737 85.35664 -62.13022 -51.04156 85.37756 -54.349 -73.7489 85.38954 -10.85428 -74.5642 85.35731 1.570377 -71.78662 85.40734 20.01692 -64.58799 85.36058 37.28669 -57.46002 85.35731 47.5461 -43.83057 85.3573 60.34209 -21.51132 85.38955 71.3721 9.348003 85.37755 73.97074 27.45005 85.37755 69.32208 38.64208 85.3573 63.78931 43.78431 85.40733 60.30698 53.28217 85.36058 52.18156 57.45409 85.35663 47.5538 74.56176 85.36059 1.564596 72.58839 85.37756 -17.02881 68.74993 85.35731 -28.90903 66.10243 85.35664 -34.53699 59.38653 85.37755 -45.08098 55.42356 85.37207 -49.87725 46.30964 85.37756 -58.43348 -74.31113 85.86116 7.724414 -74.6969 85.86117 1.479199 -27.5545 85.84141 69.37953 -38.75149 85.85565 63.86158 -43.97668 85.86079 60.39595 -48.85899 85.85565 56.50468 -53.41578 85.85565 52.21813 -57.59798 85.85565 47.56524 -61.37613 85.85565 42.57876 -64.44641 85.87483 38.08068 -64.72377 85.85565 37.29361 -67.35353 85.87586 32.66518 -67.61744 85.85565 31.74685 -69.82726 85.88201 27.05338 -70.03677 85.85565 25.97751 -71.9649 85.85565 20.02582 -73.4027 85.86067 13.91681 -15.59412 85.85565 73.05343 -9.426383 85.85565 74.10211 -3.192732 85.85565 74.63101 3.063452 85.85565 74.63642 9.282975 85.83959 74.06924 15.46757 85.85565 73.08032 21.50542 85.83959 71.48387 27.43849 85.85565 69.4774 33.15594 85.85565 66.93775 38.64094 85.85565 63.92853 43.85481 85.85565 60.47094 48.76104 85.85565 56.58922 57.52183 85.86125 47.67662 53.3308 85.86075 52.32082 61.3095 85.86126 42.69629 67.42651 85.87233 32.33514 64.50315 85.8723 37.83105 70.00126 85.86127 26.10866 73.375 85.86128 14.06957 71.89272 85.8516 20.15412 74.29494 85.86128 7.880574 74.56874 85.86128 -4.619516 74.62162 85.84462 1.64366 74.3375 85.87928 -9.054001 71.83111 85.87907 -21.17337 73.33509 85.87918 -15.16557 69.83575 85.87895 -27.03659 64.42864 85.87871 -38.16984 67.36263 85.87883 -32.71505 56.8598 85.87579 -48.68947 61.05378 85.87857 -43.36368 53.07659 85.8783 -52.82822 43.64846 85.87801 -60.85005 48.52867 85.87815 -57.03419 38.4692 85.87785 -64.24969 33.00382 85.87513 -67.21753 9.634345 85.87901 -74.2643 3.464939 85.87913 -74.8065 -2.727798 85.87926 -74.83707 -8.901597 85.87937 -74.35591 -15.01428 85.87949 -73.36635 -21.02399 85.8796 -71.87527 -26.88988 85.8797 -69.89282 -32.00479 85.87654 -67.67292 -37.49486 85.87658 -64.79229 -43.23018 85.87998 -61.14942 -48.13376 85.88006 -57.36941 -52.70824 85.88014 -53.19735 -56.92243 85.88021 -48.66169 -60.7475 85.88027 -43.7935 -63.84914 85.87673 -39.07801 -66.86277 85.87675 -33.66247 -69.64117 85.88043 -27.53643 -71.67768 85.88047 -21.69014 -73.22435 85.8805 -15.69552 -74.27058 85.88052 -9.59381 -74.80923 85.88054 -3.426631 -21.64088 85.88511 71.70051 -69.87059 85.72421 25.94594 -67.46929 85.74504 31.71056 -64.5792 85.74504 37.24502 -61.23611 85.74504 42.51826 -57.46349 85.74504 47.49327 -57.41677 85.54296 47.46472 -53.2768 85.72422 52.12171 -53.26386 85.40734 52.12444 -48.7384 85.74504 56.41127 -48.69708 85.54296 56.37535 -43.84709 85.74505 60.29177 -43.80891 85.54297 60.25251 -38.64822 85.74504 63.74934 -38.61349 85.54298 63.70701 -38.65059 85.35665 63.78453 -33.22261 85.82011 66.8217 -33.15404 85.64877 66.72163 -33.16418 85.3889 66.75975 -15.52751 85.34236 72.96643 -15.51292 85.51594 72.86262 -9.326847 85.41632 73.93659 -3.11465 85.35731 74.51567 -21.56269 85.64878 71.31632 -9.3774 85.72424 73.94023 -3.146179 85.54296 74.42907 3.09551 85.40734 74.46083 15.54268 85.40794 72.88639 -21.64763 85.83731 71.43795 -15.53348 85.74507 72.91349 -3.156232 85.74504 74.4829 9.30723 85.62329 73.91202 21.52453 85.38892 71.3682 33.16882 85.35731 66.79907 3.084842 85.72422 74.46862 15.46069 85.72422 72.91131 21.50584 85.64877 71.33348 27.39019 85.67841 69.28371 33.09953 85.54296 66.73834 38.56791 85.54296 63.73462 48.71903 85.35665 56.46937 48.65676 85.54296 56.41014 61.2318 85.35664 42.57936 33.1166 85.74503 66.79037 38.5893 85.74504 63.78502 43.77973 85.72423 60.31937 53.20641 85.54297 52.1408 57.38282 85.54296 47.50576 61.15676 85.54296 42.53747 67.45327 85.40793 31.68687 48.68627 85.74504 56.45627 53.23966 85.74505 52.18431 57.41961 85.74504 47.54631 64.54514 85.41632 37.24963 69.84225 85.40734 26.0011 71.79689 85.39613 20.03709 73.26129 85.3573 13.96673 61.19679 85.74504 42.57484 64.5289 85.72424 37.29765 67.42355 85.72423 31.76724 71.75225 85.64879 20.06441 73.17102 85.54296 13.98525 74.11425 85.40733 7.815129 74.43302 85.35733 -4.691434 69.84529 85.72421 26.01394 73.2228 85.74504 14.00309 74.4741 85.56961 1.587393 74.3502 85.54299 -4.651066 73.74697 85.38891 -10.8679 70.90575 85.37271 -23.06205 74.12039 85.72424 7.826866 74.40479 85.74504 -4.646675 73.70987 85.64877 -10.85452 72.53427 85.62332 -16.98214 70.85884 85.62331 -22.99212 68.68502 85.54296 -28.84363 62.96534 85.37207 -39.9359 66.03054 85.54296 -34.48991 73.83119 85.82012 -10.85532 72.66392 85.82013 -16.99529 70.98693 85.82012 -23.01606 66.1168 85.79113 -34.5046 62.91371 85.59628 -39.89298 59.35608 85.62332 -45.0163 55.38105 85.62332 -49.82521 51.05552 85.37207 -54.34009 41.24345 85.37272 -62.1165 35.9307 85.3606 -65.35204 68.77219 85.79113 -28.85105 63.01524 85.80646 -39.93091 51.01754 85.62331 -54.28464 46.29621 85.62331 -58.36328 41.2501 85.62331 -62.03258 30.28701 85.38955 -68.11322 24.51907 85.3573 -70.43509 18.5652 85.35664 -72.23343 59.46916 85.82012 -45.08105 55.48834 85.82012 -49.89917 51.11826 85.82012 -54.36733 35.91031 85.56962 -65.26379 30.33097 85.64877 -68.05144 24.52414 85.59692 -70.33526 18.55166 85.56961 -72.14394 12.42254 85.39613 -73.49803 6.232356 85.3573 -74.31988 46.38964 85.82012 -58.45412 41.33563 85.82012 -62.1309 35.98382 85.80646 -65.34954 12.45436 85.64879 -73.45648 6.260215 85.54297 -74.23204 0.02174967 85.3889 -74.54345 -12.42997 85.35488 -73.53946 30.39531 85.82012 -68.15431 24.58568 85.82013 -70.4587 18.60155 85.80647 -72.2453 6.294 85.79113 -74.31275 0.02972197 85.64877 -74.5048 -6.207063 85.54296 -74.2365 -12.39354 85.59693 -73.44986 -30.29962 85.38891 -68.1077 -24.46911 85.59693 -70.35443 12.49109 85.82012 -73.57212 -6.187222 85.79113 -74.32171 -18.49748 85.62334 -72.16271 0.04659229 85.82011 -74.62492 -12.39915 85.82012 -73.58767 -30.27672 85.64877 -68.07559 -35.86515 85.54296 -65.29377 -41.203 85.54296 -62.06366 -46.28541 85.38891 -58.43275 -55.42032 85.38954 -49.85279 -18.51329 85.82012 -72.29206 -24.49765 85.82012 -70.48935 -30.31009 85.82012 -68.19224 -35.88168 85.79113 -65.37969 -41.22665 85.79113 -62.1479 -46.25522 85.64877 -58.40736 -50.97409 85.62332 -54.32545 -55.34798 85.64878 -49.87552 -59.36289 85.38892 -45.08627 -62.94121 85.39612 -39.93349 -66.07709 85.38954 -34.50411 -68.74649 85.35665 -28.91806 -46.31657 85.82012 -58.51203 -51.0503 85.82012 -54.43114 -59.32735 85.64878 -45.06919 -62.89057 85.64877 -39.94673 -66.01266 85.64876 -34.54409 -68.65658 85.59691 -28.89215 -70.89484 85.39613 -23.02609 -72.58198 85.38955 -16.98737 -74.43086 85.36058 -4.685537 -55.42593 85.82012 -49.96848 -59.41282 85.82012 -45.15528 -62.98293 85.82012 -40.02542 -70.8491 85.64878 -23.05149 -72.52952 85.64878 -17.04216 -74.34687 85.54297 -4.704179 -74.17128 85.35731 7.804234 -66.11129 85.82012 -34.61473 -68.77592 85.82012 -28.9613 -70.95813 85.82012 -23.10473 -73.7012 85.64876 -10.91326 -74.47976 85.54297 1.533498 -74.09023 85.54296 7.760419 -73.20983 85.40734 13.93977 -69.84396 85.41633 25.98903 -67.50789 85.34234 31.74734 -72.64261 85.82012 -17.08608 -73.81758 85.82012 -10.94752 -74.42826 85.79113 -4.736347 -74.53409 85.74503 1.52681 -74.14493 85.74504 7.758325 -67.41636 85.51593 31.69617 -61.23706 85.35731 42.57122 -71.79664 85.72422 20.0083 -73.2191 85.72422 13.93036 -64.52834 85.54295 37.22471 -61.18714 85.54296 42.49375 -48.73301 85.36058 56.45351 -27.45469 85.64878 69.26187 -27.43221 85.39612 69.30912 -43.83766 86.01556 60.85006 -48.7101 86.01107 57.02209 -71.78939 86.01357 -21.69422 -69.74862 86.01107 -27.55584 -8.951213 86.01384 -74.45965 -2.782794 86.01106 -74.94298 71.78936 85.98094 21.67225 69.74233 85.97746 27.5501 -27.54845 86.01357 69.7527 -33.23794 85.99777 67.22502 -38.66023 86.01108 64.26181 -71.96529 86.01355 21.10339 -73.46616 86.01385 15.06942 -74.44893 85.97744 8.96411 -74.91744 86.01386 -3.426559 -74.3786 86.01386 -9.601495 -73.33289 86.01109 -15.69978 -48.21921 86.01385 -57.43928 -43.31119 86.01385 -61.22502 -38.11559 85.96036 -64.57046 -21.09361 86.01555 -71.96896 33.23197 86.01386 -67.23094 38.66023 86.01107 -64.26181 43.83766 86.01556 -60.85007 53.2612 86.01385 -52.7978 57.45016 85.96463 -48.18937 64.59252 86.01386 -38.10734 67.51296 86.0111 -32.65263 69.97679 86.01357 -26.97416 74.45727 86.01356 -8.970531 74.9104 85.98136 3.444104 74.37012 85.98135 9.618412 73.32572 85.97746 15.69515 32.67683 85.98095 67.49536 -15.71087 86.01386 73.33166 -9.588771 86.01335 74.37985 -3.428632 85.98221 74.90776 2.80491 85.98197 74.93369 0 86.06961 75 8.935558 85.98105 74.45501 15.08005 86.01108 73.46282 21.09361 86.01555 71.96896 26.96596 86.01107 69.9788 38.11527 85.9944 64.58255 48.2192 86.01385 57.43929 43.31121 86.01385 61.22502 74.93659 85.98094 -2.811927 71.96529 86.01355 -21.10339 73.46282 86.01108 -15.08006 61.2177 86.01108 -43.31959 48.7101 86.01107 -57.02209 21.7019 86.01107 -71.78594 15.71088 86.01386 -73.33166 3.407169 86.01358 -74.91828 -15.08005 86.01108 -73.46282 -32.69115 85.96417 -67.48316 -26.96596 86.01107 -69.97879 -57.0221 86.01107 -48.7101 -60.84419 86.01383 -43.84459 -74.93659 85.98094 2.811943 -69.97679 86.01357 26.97415 -57.43929 86.01384 48.21919 -53.2612 86.01385 52.79779 -21.7019 86.01107 71.78594 67.24693 85.96417 33.17437 -67.24693 85.96417 -33.17437 64.27774 85.96417 38.61426 9.582199 86.01357 -74.38103 -64.27774 85.96417 -38.61426 -57.33254 85.88599 48.19134 60.8287 85.98136 43.85541 15.6412 85.88498 -73.2425 -61.1073 85.88394 43.29987 -61.2177 86.01108 43.31959 57.018 85.97745 48.70264 -64.59622 85.98136 38.0888 52.91679 85.87432 52.94685 52.822 85.98094 53.22814 27.34225 85.87482 -69.71233 27.54843 86.01357 -69.7527 -52.81154 86.01357 -53.2475 -67.50447 85.97746 32.65188 -74.82108 85.87733 2.673042 -74.34481 85.87732 8.842415 -15.64829 85.88296 73.23944 -9.545975 85.88295 74.2816 -3.381961 85.87628 74.78514 2.818755 85.87543 74.80656 15.10479 85.8825 73.35261 8.987895 85.87542 74.31801 21.1093 85.8826 71.85511 26.95757 85.88648 69.87684 38.04796 85.88088 64.48867 32.61974 85.87487 67.37519 43.21682 85.88204 61.156 48.09806 85.87618 57.38024 57.01406 85.87725 48.52347 60.82635 85.87725 43.64954 69.68045 85.87723 27.38166 71.70365 85.87722 21.53377 73.23703 85.8772 15.53865 74.27006 85.87718 9.4375 74.79572 85.87716 3.271658 74.81038 85.87713 -2.916526 21.48684 85.8746 -71.73353 -73.37268 85.87817 14.95777 -71.80211 85.87657 21.22405 -53.15317 85.88136 52.75683 -48.61917 85.88539 56.96938 -43.75219 85.88996 60.79434 -38.57842 85.8851 64.19494 -33.16073 85.87929 67.13095 -27.47798 85.88339 69.67008 2.729129 97.17369 74.94969 -3.415822 97.18307 74.91784 -9.582277 97.18057 74.3819 -15.70029 97.18305 73.33383 -21.69444 97.18058 71.79022 -27.54873 97.18056 69.75353 -33.22856 97.18077 67.23351 -38.66109 97.18309 64.26249 -43.82924 97.18057 60.85625 -48.70496 97.18056 57.02905 -53.2536 97.18309 52.80533 -57.42739 97.18056 48.23463 -61.21442 97.18055 43.32759 -64.5911 97.1808 38.1113 -67.51403 97.18308 32.65281 -74.45814 97.18056 8.97063 -74.94461 97.18057 2.791276 -74.37987 97.18308 -9.590878 -73.33656 97.18054 -15.69192 -71.79023 97.18057 -21.69444 -69.74945 97.18307 -27.55655 -67.24034 97.18053 -33.21481 -64.26782 97.18056 -38.65402 -60.84723 97.1808 -43.8417 -57.01905 97.1808 -48.71661 -52.80535 97.18309 -53.25358 -48.22286 97.18079 -57.43723 -43.31503 97.1808 -61.22327 -38.11654 97.18307 -64.58699 -32.66112 97.18056 -67.51102 -26.96016 97.1808 -69.98308 -21.08893 97.1808 -71.9704 -15.0799 97.18305 -73.46392 -8.955391 97.1808 -74.45994 -2.775949 97.1808 -74.94515 3.423232 97.24411 -74.90102 9.582286 97.18056 -74.3819 43.79365 97.23987 -60.8656 48.67029 97.23986 -57.04128 53.24763 97.24411 -52.78796 57.39519 97.23987 -48.25243 61.18381 97.23986 -43.34798 64.60249 97.24029 -38.06542 67.50276 97.24412 -32.63827 69.95291 97.23987 -27.00179 71.94377 97.23986 -21.13292 73.44941 97.24411 -15.06861 74.45958 97.179 -8.963582 74.92787 97.24411 -2.773737 74.91841 97.1808 3.422473 74.36249 97.24411 9.596847 73.33656 97.18054 15.69192 71.79023 97.18057 21.69444 69.73115 97.24412 27.55806 67.24034 97.18053 33.21481 64.26782 97.18056 38.65402 60.82371 97.22507 43.85923 56.99414 97.22507 48.73216 52.79475 97.22868 53.24869 48.22287 97.1808 57.43723 43.31504 97.1808 61.22326 15.08867 97.18055 73.46304 21.02289 97.32447 71.8431 26.87007 97.32459 69.86555 32.51863 97.32527 67.41772 -74.91841 97.1808 -3.422429 -74.84551 97.31746 2.725283 38.6596 97.24413 -64.24417 8.925638 97.31444 74.36446 8.9554 97.1808 74.45994 -74.36482 97.31748 8.896605 33.24004 97.21004 -67.22216 15.02107 97.31491 73.37693 -73.45402 97.22868 15.07372 27.54735 97.31773 -69.63436 27.54201 97.19499 -69.75388 21.08803 97.22867 71.95836 -71.95126 97.22467 21.12363 21.70329 97.22867 -71.77519 26.93084 97.22508 69.9849 -69.93791 97.32631 26.67493 -69.96112 97.22469 26.99316 15.81501 97.32421 -73.17125 15.73248 97.22507 -73.3188 32.67833 97.22469 67.49308 4.36527 97.32558 -74.72311 9.67169 97.32381 -74.26103 52.78685 97.32426 53.08349 48.15847 97.31859 57.35566 37.94757 97.32701 64.5096 38.10743 97.22867 64.57967 -27.54747 97.31555 69.64807 -33.21205 97.31723 67.12953 -38.64065 97.31314 64.16416 -43.8094 97.31728 60.74646 -48.6749 97.31272 56.92945 -53.20703 97.31643 52.71046 -57.37948 97.31181 48.14497 -61.15079 97.3141 43.24858 -64.50128 97.31403 38.06742 -67.38804 97.31691 32.66967 -71.87605 97.32437 20.92658 -74.81491 97.31746 -3.464722 -73.35861 97.32436 14.91985 -74.27325 97.31746 -9.631202 -73.22426 97.31746 -15.73159 -71.67498 97.31748 -21.72486 -69.63613 97.31749 -27.56957 -67.12153 97.31752 -33.22597 -64.13309 97.31962 -38.675 -60.73703 97.31758 -43.82087 -56.88896 97.31982 -48.70764 -52.6702 97.31993 -53.24121 -48.09129 97.32004 -57.41074 -43.18338 97.32016 -61.18781 -37.98011 97.32029 -64.5465 -32.51704 97.32042 -67.46383 -26.83142 97.32056 -69.91986 -21.00392 97.32027 -71.88632 -14.99492 97.32033 -73.37542 -8.834234 97.32099 -74.36815 -2.658473 97.32114 -74.84372 22.19023 97.32865 -71.48744 33.01765 97.32421 -67.1921 37.87052 97.32503 -64.56535 43.08924 97.32499 -61.20561 48.01053 97.32495 -57.42607 52.60101 97.32492 -53.25275 56.82962 97.32488 -48.71425 60.66756 97.32485 -43.84171 64.08854 97.32481 -38.66879 67.06938 97.32479 -33.23075 74.3546 97.31893 -8.958673 69.58962 97.32476 -27.56519 71.63214 97.32474 -21.7109 74.81504 97.3188 3.404428 73.18312 97.32472 -15.70774 73.2339 97.3187 15.67446 74.77135 97.32469 -3.420998 71.68904 97.31866 21.66972 74.31134 97.32467 8.958273 67.14374 97.31861 33.17562 64.16459 97.31748 38.62896 69.82492 97.32468 26.96067 60.86108 97.32406 43.58219 56.98995 97.32426 48.54329 43.29991 97.31763 61.10618 -3.451592 97.31546 74.81852 -21.70545 97.31313 71.68693 -69.97261 97.34906 26.04706 -71.90768 97.34815 20.10194 -74.30117 97.33853 7.825953 -74.69547 97.33853 1.581376 -74.56587 97.33853 -4.674329 -73.9133 97.33852 -10.89713 -72.69748 97.34817 -17.02597 -71.06114 97.33852 -23.07036 -66.15859 97.35512 -34.55688 -59.46916 97.35509 -45.10609 18.51957 97.35538 -72.3057 64.73248 97.33551 37.35051 57.58597 97.33861 47.59992 43.9177 97.34913 60.38084 2.739156 97.31534 74.84812 -9.618912 97.31546 74.27787 -15.71961 97.31513 73.23032 -35.853 97.82726 -65.37616 -21.61681 97.84269 71.37928 -27.4719 97.81107 69.2966 -15.5165 97.34351 73.07179 -9.337343 97.36042 74.06241 -3.103534 97.37107 74.55894 3.137829 97.34436 74.63335 15.54049 97.35153 73.03904 21.59371 97.36042 71.45724 27.49747 97.36041 69.39968 33.20818 97.36041 66.8554 38.69617 97.35153 63.8656 -27.46257 97.36042 69.41349 -38.68791 97.34436 63.90014 -57.55059 97.34436 47.62259 -61.3337 97.34436 42.63989 48.75527 97.37989 56.49607 27.40377 97.55122 69.28203 21.51029 97.55123 71.33213 15.47165 97.50114 72.89934 9.345664 97.42594 73.96862 3.102653 97.47576 74.46789 3.05258 97.78366 74.45999 -3.146709 97.63039 74.42452 -9.362771 97.55124 73.91417 -9.375457 97.81108 73.95151 -15.5142 97.47575 72.89996 -15.56074 97.78366 72.87985 -38.69091 97.82726 63.73769 -21.55394 97.6031 71.30154 -33.20004 97.80387 66.73857 -43.88864 97.84268 60.29985 -53.29723 97.82791 52.1432 -27.45033 97.55124 69.26359 -33.1499 97.55125 66.72368 -38.60782 97.52159 63.71728 -43.80684 97.63039 60.24842 -48.74709 97.82791 56.42012 -57.49662 97.8394 47.49781 -64.60742 97.84336 37.2588 -21.55492 97.3627 71.46598 -33.17468 97.36042 66.872 -43.84526 97.37107 60.38426 -48.6959 97.57669 56.3766 -57.4177 97.65704 47.46359 -61.21306 97.79265 42.5083 -67.48775 97.82243 31.69318 -71.80628 97.81105 20.01447 -48.76282 97.36041 56.52092 -53.24258 97.57669 52.10412 -57.45452 97.45494 47.50414 -64.52481 97.63039 37.22178 -67.41635 97.5767 31.69619 -69.87955 97.81105 25.95322 -73.23196 97.80385 13.90527 -74.12769 97.79206 7.686736 -74.50941 97.79266 1.531235 -53.32325 97.37989 52.20645 -61.21284 97.47575 42.52155 -64.60909 97.39353 37.29701 -69.84075 97.55122 25.9468 -71.76697 97.55122 20.01171 -74.37117 97.78366 -4.747323 -73.75077 97.82727 -10.96843 -72.56639 97.81107 -17.05413 -67.53618 97.36041 31.80081 -73.18981 97.55123 13.93622 -73.33757 97.34815 14.01441 -74.12614 97.47575 7.772394 -74.51654 97.47575 1.542418 -73.69974 97.52159 -10.8997 -70.86851 97.79265 -23.05755 -68.69151 97.80386 -28.944 -66.04135 97.82727 -34.61244 -62.95124 97.84336 -39.99347 -59.38392 97.84336 -45.12078 -74.38426 97.47576 -4.698392 -72.53058 97.55123 -17.03763 -70.8789 97.47577 -23.04938 -68.67352 97.55124 -28.89487 -66.00586 97.60376 -34.5371 -62.88016 97.6304 -39.9374 -59.31777 97.63039 -45.05899 -55.36931 97.82243 -49.93287 -51.00448 97.81107 -54.36236 -46.28647 97.82792 -58.45573 -68.84012 97.34816 -28.91101 -30.2852 97.79265 -68.09407 -24.46516 97.82242 -70.43087 -62.98588 97.39353 -39.97723 -55.34442 97.57669 -49.86589 -50.98379 97.55123 -54.3288 -46.25334 97.57669 -58.39726 -41.18335 97.78366 -62.10909 -35.87042 97.5493 -65.29326 -18.46822 97.82726 -72.23853 -6.204071 97.82791 -74.30355 -55.45164 97.37989 -49.93994 -51.07828 97.37989 -54.40489 -46.34672 97.37989 -58.48815 -41.26005 97.42594 -62.09917 -24.47562 97.57668 -70.3602 -18.50222 97.57667 -72.16149 -12.399 97.81107 -73.50502 0.05802786 97.82243 -74.55903 6.277266 97.84336 -74.31642 12.47392 97.84337 -73.53053 -35.95089 97.36783 -65.42153 -30.32607 97.42595 -68.11042 -12.40039 97.55122 -73.46562 -6.208802 97.57669 -74.23654 0.02491694 97.57669 -74.49571 6.260536 97.63039 -74.22747 18.59829 97.82242 -72.20219 24.58688 97.84269 -70.41145 12.44973 97.63039 -73.44329 30.34959 97.81107 -68.08544 -24.53387 97.37989 -70.47675 -18.58253 97.36041 -72.2988 -12.46745 97.36042 -73.6002 18.55209 97.60373 -72.1485 35.9739 97.83939 -65.32825 41.32506 97.84269 -62.08482 46.35454 97.84336 -58.42595 -6.236319 97.37989 -74.36391 0.008206546 97.37989 -74.62493 35.91312 97.65704 -65.2674 6.246884 97.39355 -74.33959 12.42378 97.37106 -73.58204 24.52079 97.60308 -70.33643 30.32675 97.55123 -68.05332 41.24547 97.6304 -62.03001 46.29478 97.65705 -58.36419 51.07259 97.80387 -54.29427 55.45693 97.81044 -49.81204 59.44403 97.8427 -45.04103 66.11555 97.8394 -34.50563 24.54942 97.37988 -70.47135 30.36027 97.37989 -68.16992 35.92966 97.40888 -65.35334 51.0203 97.55123 -54.29452 55.3846 97.55122 -49.83485 59.34748 97.60308 -45.01509 62.95673 97.81107 -39.91456 68.76569 97.82726 -28.82289 72.60945 97.82727 -16.95134 41.28751 97.39354 -62.13486 46.32543 97.40888 -58.44616 51.09026 97.37989 -54.39364 62.91989 97.55122 -39.90053 68.68451 97.57669 -28.84529 70.92781 97.82243 -22.98477 73.77326 97.82726 -10.81605 74.37992 97.79265 -4.650057 74.56391 97.84335 1.598516 55.46265 97.37989 -49.92772 59.44597 97.37989 -45.11163 63.01231 97.37989 -39.97914 66.0235 97.60308 -34.48738 70.85734 97.57669 -22.99673 72.53315 97.57668 -16.98691 73.7002 97.5767 -10.85787 74.16867 97.84336 7.832244 71.81689 97.8394 20.10569 66.13672 97.37988 -34.56614 68.79718 97.37989 -28.91076 70.97509 97.37988 -23.05258 74.4786 97.65702 1.588209 74.0845 97.65704 7.814875 73.20823 97.80386 14.02968 69.83659 97.81043 26.06841 67.4557 97.84269 31.81219 71.73731 97.60308 20.05596 64.5708 97.84336 37.32221 72.65517 97.37988 -17.03266 73.82559 97.37989 -10.8933 74.56243 97.40888 1.563139 73.18043 97.55121 13.9854 61.22128 97.84336 42.59449 74.40949 97.42594 -4.682683 74.17014 97.40888 7.796836 69.82328 97.55122 25.99379 64.50099 97.65704 37.27208 53.24162 97.84269 52.22658 73.30158 97.37989 13.99145 71.87374 97.37989 20.07609 69.94178 97.37988 26.01983 67.38799 97.60308 31.73865 64.56729 97.43164 37.29307 61.15127 97.60309 42.53238 57.37713 97.78366 47.55494 53.20268 97.63039 52.13815 48.67446 97.82243 56.47875 43.74235 97.81044 60.3599 38.53813 97.81044 63.80849 67.51918 97.37989 31.78119 61.27354 97.37989 42.5962 57.41648 97.47576 47.52305 53.35875 97.35519 52.19171 48.65815 97.5767 56.40919 43.77258 97.55123 60.29035 38.57907 97.52462 63.7444 33.11511 97.81107 66.78408 27.38126 97.80386 69.32925 15.46584 97.79265 72.9027 9.311264 97.79265 73.94116 33.10503 97.55122 66.74596 21.45887 97.81043 71.38787 -3.186327 97.84269 74.51264 -74.39585 97.98701 7.815639 -74.78952 97.98692 1.537193 -74.65585 97.98691 -4.726385 -74.00276 97.99056 -10.94674 -72.82215 97.98693 -17.1105 -71.14087 97.99056 -23.13476 -68.95879 97.98703 -28.99161 -66.291 97.98703 -34.66024 -63.14445 97.98691 -40.10752 -59.57548 97.99055 -45.24379 -55.58868 97.98703 -50.05723 -51.18632 97.98693 -54.55085 -46.49322 98.0458 -58.67627 -41.39353 97.98702 -62.30892 -36.0911 98.03722 -65.58623 -30.40961 98.03717 -68.40612 -24.58417 97.99056 -70.65309 -18.59972 97.98703 -72.45605 -12.45715 97.99056 -73.76354 -6.255864 97.98703 -74.54322 -0.008158683 98.00233 -74.82402 6.288852 97.98691 -74.54048 12.50415 97.98691 -73.75283 18.62331 98.00739 -72.47246 24.60443 97.98703 -70.64311 30.44429 97.99056 -68.3329 36.04094 97.98702 -65.55058 41.40188 98.03721 -62.36991 46.53307 98.03717 -58.6414 51.2292 97.98692 -54.51058 55.60572 97.99055 -50.0424 59.58687 97.98702 -45.22423 63.21152 98.01892 -40.07149 66.34893 98.04579 -34.67485 68.96164 97.98703 -28.98481 71.15316 97.98692 -23.08814 72.83578 97.99055 -17.06423 74.0033 97.98701 -10.92411 74.65953 97.98691 -4.667741 74.84675 98.0458 1.578044 74.45377 98.03721 7.794772 73.50022 98.00231 14.01256 72.04176 97.98692 20.14496 70.10343 97.98692 26.10257 67.69911 98.00739 31.87342 64.78326 98.00222 37.44031 61.40954 97.98692 42.71655 57.62863 97.99055 47.69884 53.44372 97.98702 52.34113 48.85706 97.98692 56.64646 43.95587 97.99056 60.53198 38.748 97.98703 63.98765 33.24018 98.00222 67.03533 27.54956 98.0458 69.60997 21.61754 97.98702 71.61361 15.52413 97.98691 73.17674 9.346399 97.98692 74.21913 3.122015 98.02578 74.78041 -3.114629 98.01901 74.7777 -9.410322 98.00222 74.22999 -15.57181 97.99056 73.16938 -21.62461 97.98702 71.61148 -27.55607 97.99056 69.54785 -33.27507 97.98489 66.99517 -38.76858 97.99056 63.97841 -43.97241 97.98703 60.51655 -48.92501 98.0458 56.66452 -53.46458 98.03721 52.39905 -57.66172 98.03721 47.74146 -61.44313 97.98693 42.66822 -64.79803 97.98693 37.37716 -67.69631 97.99056 31.83474 -70.124 97.98693 26.04729 -72.05758 97.98692 20.08832 -73.48646 97.99054 13.99922 -21.67144 98.17144 71.68672 -27.63216 98.2624 69.61313 -33.35682 98.25119 67.05789 -38.8183 98.1714 64.04509 -44.04134 98.17142 60.57223 -61.51179 98.17143 42.71924 -64.89289 98.25119 37.39454 -67.79644 98.2624 31.83028 -70.20313 98.17141 26.0798 -72.15532 98.26239 20.07819 -73.58113 98.25118 13.97339 -74.48336 98.17141 7.801626 -74.87495 98.17142 1.541697 -74.74448 98.25119 -4.764459 -74.08369 98.2624 -11.00592 -72.90603 98.17144 -17.12736 -71.2108 98.2624 -23.20659 -69.02005 98.25119 -29.08044 -66.35614 98.17144 -34.72031 -63.2181 98.17141 -40.15104 -59.61964 98.25119 -45.33141 -55.61532 98.2624 -50.16432 -51.24681 98.17143 -54.61135 -41.39539 98.25119 -62.41682 -24.57243 98.25119 -70.75051 -18.56269 98.2624 -72.55998 -12.4631 98.1714 -73.84651 -6.240072 98.17143 -74.6304 6.332428 98.26239 -74.62857 12.51575 98.17141 -73.8376 24.68925 98.25119 -70.70982 30.48531 98.17144 -68.40528 36.10232 98.17143 -65.61447 51.28578 98.17142 -54.57475 55.70289 98.2624 -50.06707 59.69441 98.25119 -45.23289 69.06797 98.25119 -28.96645 71.25123 98.26239 -23.08216 72.91822 98.17143 -17.07539 74.09133 98.17141 -10.91383 74.75225 98.25118 -4.641062 72.12013 98.2624 20.20423 70.1845 98.17141 26.1299 61.46403 98.2624 42.79833 57.68733 98.17143 47.75778 53.46587 98.2624 52.44925 48.89188 98.25119 56.73642 43.9981 98.17142 60.60364 38.77259 98.17143 64.07279 21.6202 98.17144 71.70218 15.50795 98.26239 73.27365 9.325613 98.25119 74.31333 -15.63593 98.26239 73.24645 0.05957698 98.27646 -74.888 18.68359 98.2829 -72.51973 73.55037 98.27645 14.09112 67.73426 98.2829 31.94148 64.82514 98.27645 37.49557 33.2445 98.27645 67.10454 -9.4451 98.27645 74.29002 63.25166 98.29447 -40.07635 2.752639 98.29438 74.83757 -3.116719 98.28826 74.81732 -48.95626 98.29853 56.64995 -53.52496 98.29902 52.35453 -57.71817 98.29902 47.69204 -46.47285 98.29902 -58.70428 -36.03201 98.29901 -65.63241 -30.41364 98.29902 -68.41732 41.47014 98.29853 -62.33907 46.54114 98.29901 -58.65015 66.37262 98.29901 -34.64959 74.85534 98.29901 1.611563 74.45796 98.29901 7.869683 27.52198 98.29902 69.63087 -21.66597 98.30001 71.66603 -38.80791 98.30001 64.0264 -44.0294 98.30001 60.55448 -61.49467 98.30001 42.70642 -70.18337 98.30001 26.07162 -74.46218 98.30001 7.79864 -74.8536 98.30001 1.540455 -72.88504 98.30001 -17.12327 -66.33683 98.30001 -34.71109 -63.19962 98.30001 -40.14027 -51.23161 98.30001 -54.5963 -12.45877 98.30001 -73.82556 -6.237512 98.30001 -74.60916 12.513 98.30001 -73.81639 30.47727 98.30001 -68.38545 36.09272 98.30001 -65.59535 51.2717 98.30001 -54.55865 72.89759 98.30001 -17.06973 74.07028 98.30001 -10.90995 70.1642 98.30001 26.12317 57.67036 98.30001 47.74477 43.9849 98.30001 60.58681 38.76087 98.30001 64.0549 21.61332 98.30001 71.68193 -73.86058 98.30001 13.02361 -71.84922 98.30001 21.51024 -68.86621 98.30001 29.70598 -64.95191 98.30001 37.5 25.65151 98.30001 -70.47695 17.29619 98.30001 -72.97837 8.70697 98.30001 -74.49288 0 98.30001 -75 -8.70697 98.30001 -74.49288 -17.29619 98.30001 -72.97837 -25.65151 98.30001 -70.47695 -33.65994 98.30001 -67.02246 -41.21317 98.30001 -62.66159 -60.15924 98.30001 44.78689 -54.55302 98.30001 51.46812 -48.20907 98.30001 57.45333 -41.21317 98.30001 62.66159 -33.65994 98.30001 67.02246 -25.65151 98.30001 70.47695 -17.29619 98.30001 72.97837 -8.70697 98.30001 74.49288 8.70697 98.30001 74.49288 17.29619 98.30001 72.97837 25.65151 98.30001 70.47695 33.65994 98.30001 67.02246 60.15924 98.30001 -44.78689 54.55302 98.30001 -51.46812 48.20907 98.30001 -57.45333 41.21317 98.30001 -62.66159 0 98.30001 75 64.95191 98.30001 37.5 68.86621 98.30001 29.70598 71.84922 98.30001 21.51024 73.86058 98.30001 13.02361 33.65994 98.30001 -67.02246 -48.20907 98.30001 -57.45333 -54.55302 98.30001 -51.46812 -60.15924 98.30001 -44.78689 -68.86621 98.30001 -29.70598 -71.84922 98.30001 -21.51024 -73.86058 98.30001 -13.02361 -74.87312 98.30001 -4.360862 -74.87312 98.30001 4.360862 41.21317 98.30001 62.66159 48.20907 98.30001 57.45333 54.55302 98.30001 51.46812 60.15924 98.30001 44.78689 74.87312 98.30001 4.360862 74.87312 98.30001 -4.360862 -64.95191 98.30001 -37.5 73.86058 98.30001 -13.02361 71.84922 98.30001 -21.51024 68.86621 98.30001 -29.70598 64.95191 98.30001 -37.5 8.705955 99.30001 -74.48421 17.29418 99.30001 -72.96988 25.64853 99.30001 -70.46875 33.65602 99.30001 -67.01465 41.20838 99.30001 -62.65429 48.20346 99.30001 -57.44665 54.54668 99.30001 -51.46213 60.15224 99.30001 -44.78168 64.94435 99.30001 -37.49563 68.8582 99.30001 -29.70253 71.84085 99.30001 -21.50774 73.85199 99.30001 -13.0221 74.86441 99.30001 -4.360355 74.86441 99.30001 4.360355 73.85199 99.30001 13.0221 71.84085 99.30001 21.50774 68.8582 99.30001 29.70253 64.94436 99.30001 37.49562 60.15224 99.30001 44.78168 54.54668 99.30001 51.46213 48.20346 99.30001 57.44665 41.20838 99.30001 62.65429 33.65602 99.30001 67.01465 25.64853 99.30001 70.46875 17.29418 99.30001 72.96988 8.705955 99.30001 74.48421 0 99.30001 74.99127 -8.705955 99.30001 74.48421 -17.29418 99.30001 72.96988 -25.64853 99.30001 70.46875 -33.65602 99.30001 67.01465 -41.20838 99.30001 62.65429 -48.20346 99.30001 57.44665 -54.54668 99.30001 51.46213 -60.15224 99.30001 44.78168 -64.94435 99.30001 37.49563 -68.8582 99.30001 29.70253 -71.84085 99.30001 21.50774 -73.85199 99.30001 13.0221 -74.86441 99.30001 4.360355 -74.86441 99.30001 -4.360355 -73.85199 99.30001 -13.0221 -71.84085 99.30001 -21.50774 -68.8582 99.30001 -29.70253 -64.94435 99.30001 -37.49563 -60.15224 99.30001 -44.78168 -54.54668 99.30001 -51.46213 -48.20346 99.30001 -57.44665 -41.20838 99.30001 -62.65429 -33.65602 99.30001 -67.01465 -25.64853 99.30001 -70.46875 -17.29418 99.30001 -72.96988 -8.705955 99.30001 -74.48421 0 99.30001 -74.99127</float_array>
          <technique_common>
            <accessor source="#eSeries_UR10e_043-mesh-positions-array" count="1206" stride="3">
              <param name="X" type="float"/>
              <param name="Y" type="float"/>
              <param name="Z" type="float"/>
            </accessor>
          </technique_common>
        </source>
        <source id="eSeries_UR10e_043-mesh-normals">
          <float_array id="eSeries_UR10e_043-mesh-normals-array" count="6969">-0.3582771 0.2030422 -0.9112691 0.001449108 0.1998444 0.9798266 -0.283088 0.1997792 -0.9380562 -0.2819803 0.2109853 -0.935934 -0.2050242 0.1930989 -0.9595196 -0.1968502 0.2805569 -0.9394349 0.1508427 0.4648833 0.8724277 0.1620738 0.1246628 0.9788725 0.1665682 -0.06100243 0.9841412 0.3198251 0.2030725 0.9254586 0.3266788 0.1287388 0.9363265 0.4226705 0.4646995 0.7780773 0.4806706 0.1193953 0.868735 0.4802818 -0.06021964 0.8750446 0.6107181 0.1932247 0.7679113 0.6155387 0.1248319 0.7781575 0.7260184 0.2109693 0.6545146 0.7280911 0.1997622 0.6557274 0.8270041 0.2001616 0.5253565 0.8284307 0.1927779 0.52587 0.8119701 0.4709857 0.3447856 0.9062817 0.1904931 0.377314 0.9196476 -0.0602191 0.3881007 0.951484 0.2108697 0.224081 0.9552822 0.1928359 0.2241657 0.9590994 0.2755728 0.06471538 0.9913362 0.1165443 0.06058228 0.957579 0.2695028 -0.102033 0.9722958 0.2107853 -0.1010473 0.9265199 0.2756795 -0.2560503 0.9452939 0.1902402 -0.2650062 0.8703622 0.2803237 -0.4048311 0.8965346 0.1288109 -0.4238322 0.8047407 0.1932358 -0.5612952 0.8152246 0.1248717 -0.5655228 0.7087792 0.1276511 -0.6937848 0.708676 0.1287313 -0.6936905 0.5762388 0.2001489 -0.7923946 0.5768208 0.1928231 -0.7937865 0.4374529 0.2030654 -0.8760134 0.4404123 0.1287161 -0.8885208 0.2749127 0.2696742 -0.9228754 0.2886868 0.124786 -0.9492568 0.1215389 0.1901861 -0.9741958 0.1252324 0.1275883 -0.9838893 -9.26687e-4 0.1386834 0.9903364 -0.08133178 0.1192138 0.9895318 0.07923698 0.2030323 0.9759608 0.08368617 0.1164225 0.9896678 0.2163739 0.4710207 0.8551737 0.2471266 0.1999895 0.9481206 0.2468538 -0.06021583 0.9671801 0.4060848 -0.06099122 0.9117978 0.4002084 0.1277015 0.9074832 0.3638089 0.4627406 0.8084024 0.5494577 0.1163019 0.8273876 0.5471357 0.1385793 0.8254928 0.6716091 0.1928561 0.7153655 0.6685104 0.2108802 0.7131783 0.7819624 0.1900001 0.5936622 0.7795262 0.2030991 0.5925283 0.8849712 -0.06111109 0.4616183 0.8644269 0.2101731 0.4567202 0.7856299 0.4647372 0.4084177 0.933175 0.1928377 0.303312 0.9316869 0.2001177 0.3031708 0.9668651 0.2108473 0.1439284 0.9528701 0.2694984 0.1393172 0.991981 0.1248195 -0.01984816 0.980897 0.1932582 -0.0221908 0.9459764 0.2693706 -0.1804671 0.9442189 0.27588 -0.1798362 0.918734 0.2000523 -0.3404513 0.9031515 0.2652379 -0.3375891 0.8602638 0.1163049 -0.4964064 0.8592899 0.1276429 -0.4953064 0.7637404 0.128777 -0.6325482 0.7548988 0.2105082 -0.6211395 0.6487995 0.1276255 -0.7501806 0.6403493 0.1902327 -0.7441535 0.5076556 0.1997757 -0.8380785 0.5068889 0.2109902 -0.8357912 0.3658632 0.1163493 -0.9233672 0.365712 0.1276144 -0.9219378 0.2044559 0.1286514 -0.9703848 0.2038458 0.2755894 -0.9394134 0.04323399 0.1998844 -0.9788653 0.04094809 0.1286944 -0.9908385 -0.04376053 0.2624707 -0.9639472 -0.03954994 0.1276885 -0.9910255 -0.1202162 0.272876 -0.9545087 -0.1208751 0.2648876 -0.9566733 -0.4404036 0.1276063 -0.8886852 -0.365602 0.1287271 -0.9218268 -0.5138988 0.1249049 -0.8487089 -0.4414259 0.1162469 -0.8897359 -0.5824429 0.1276428 -0.8027875 -0.5134977 0.1287118 -0.848383 -0.6479609 0.1248328 -0.7513744 -0.5836144 0.1162627 -0.8036649 -0.7068724 0.1386294 -0.6936234 -0.6486059 0.1186944 -0.7518125 -0.7624073 0.1385858 -0.6320832 -0.7092543 0.1186808 -0.6948908 -0.8681369 0.2810096 -0.4091113 -0.8364521 0.265572 -0.4793949 -0.8144583 0.1248759 -0.5666248 -0.7651371 0.1163255 -0.6332721 -0.9007898 0.2759536 -0.3353021 -0.871367 0.2694293 -0.4100335 -0.8567035 0.1383605 -0.4969059 -0.8152174 0.1187043 -0.5668597 -0.925604 0.2759379 -0.2590668 -0.9026417 0.269361 -0.3356823 -0.9446013 0.2727078 -0.1826444 -0.9295246 0.2619821 -0.2595179 -0.9719482 0.2103798 -0.1051529 -0.9640116 0.1930119 -0.1828337 -0.8731699 0.4709221 0.1257248 -0.8834031 0.4649169 0.05874788 -0.9919509 0.1248257 -0.02125978 -0.9878202 0.1164191 -0.1032372 -0.9887028 0.1379997 0.05850601 -0.9926983 0.1187758 -0.02103656 -0.953979 0.2001108 0.2233378 -0.970673 0.1904247 0.1467395 -0.930692 0.2104334 0.299216 -0.9553399 0.1928039 0.2239477 -0.9876856 -0.06008964 0.1444523 -0.9961716 -0.06086748 0.06274914 -0.9131878 0.138759 0.3831894 -0.9441225 0.1189568 0.3073793 -0.8792607 0.1276085 0.45893 -0.9142913 0.128672 0.384077 -0.7805216 0.2103804 0.5886646 -0.8275396 0.1932175 0.5271104 -0.8382105 0.1248662 0.5308592 -0.8802959 0.1163622 0.4599336 -0.7366989 0.138572 0.6618705 -0.7905303 0.1188356 0.6007827 -0.5331841 0.2806301 0.7980988 -0.5964657 0.2655143 0.7574502 -0.6795571 0.1249397 0.7229054 -0.738252 0.1163285 0.6644184 -0.616742 0.1384153 0.7749003 -0.6798552 0.1186978 0.7236766 -0.4719312 0.2031638 0.8579076 -0.5413588 0.1999024 0.8166822 -0.4007302 0.2030819 0.8934053 -0.4721471 0.1998232 0.8585731 -0.161045 0.2731426 0.9483975 -0.2406907 0.1873888 0.9523411 -0.3267446 0.1248549 0.9368293 -0.4034349 0.1163612 0.9075794 -0.08488249 0.2717261 0.958624 -0.1610474 0.2564607 0.9530434 -0.2449516 0.13034 0.9607343 -0.3267604 0.1196454 0.9375035 0.02453988 0.8245853 -0.5652053 0.02427351 0.8178033 -0.5749858 -0.02449131 0.8183156 -0.5742471 -0.02219796 0.8330966 -0.5526822 -0.07024985 0.8299329 -0.5534225 -0.06684494 0.8423919 -0.5347033 -0.1135047 0.8379503 -0.5338127 -0.115923 0.8272293 -0.5497761 -0.1655305 0.8213356 -0.5459007 -0.1593968 0.8334438 -0.5291165 -0.2024086 0.8333824 -0.5143 -0.2122541 0.817802 -0.5349281 -0.2559536 0.8183125 -0.5146383 -0.256661 0.8172835 -0.5159193 -0.3010296 0.8140057 -0.4967654 -0.2910057 0.8262224 -0.4823613 -0.3300153 0.8265432 -0.4559783 -0.3435979 0.8118229 -0.4721062 -0.3819636 0.810366 -0.4443094 -0.3726531 0.8214269 -0.4317262 -0.4138495 0.8151969 -0.4051948 -0.4071458 0.8213343 -0.3995528 -0.4488374 0.812896 -0.3711404 -0.4500474 0.8118291 -0.3720093 -0.4804869 0.8103469 -0.3353664 -0.4756911 0.814757 -0.3314953 -0.5104151 0.80818 -0.2938054 -0.481105 0.8308705 -0.2796288 -0.5144128 0.8229922 -0.2409637 -0.4917966 0.839298 -0.2317652 -0.5094538 0.8389487 -0.1913686 -0.5336693 0.8220316 -0.1986482 -0.5522567 0.8194394 -0.1534001 -0.542282 0.8264614 -0.1513007 -0.561537 0.820526 -0.1068335 -0.5526685 0.8266664 -0.1057372 -0.5713413 0.8185659 -0.05932074 -0.5731914 0.8172655 -0.05940324 -0.5807594 0.8139876 -0.01195567 -0.5588689 0.8291559 -0.01289659 -0.5683552 0.8220033 0.03582078 -0.5334511 0.8452453 0.03147244 -0.5369558 0.8400629 0.07728356 -0.5771475 0.8121125 0.08587408 -0.5698003 0.8109988 0.1326981 -0.5603442 0.8177973 0.1312323 -0.5515584 0.8146646 0.1791785 -0.5628683 0.806286 0.1818851 -0.5531795 0.7993196 0.2346931 -0.5169499 0.8280795 0.2169038 -0.4967122 0.8283356 0.2591088 -0.5104272 0.8172814 0.2674235 -0.4903131 0.8139929 0.3114622 -0.4644365 0.8358905 0.2925505 -0.4451462 0.829226 0.3379782 -0.4454185 0.8289883 0.3382022 -0.4239666 0.8222983 0.3795762 -0.4401986 0.8055343 0.3966608 -0.4075798 0.8043539 0.4323118 -0.384682 0.8262381 0.4115222 -0.3550912 0.820288 0.4483727 -0.3371716 0.8412492 0.4226289 -0.3043347 0.835147 0.4581591 -0.3056606 0.8334751 0.4603161 -0.2672434 0.833399 0.4837634 -0.2733761 0.823575 0.4969806 -0.2312419 0.8237958 0.5175787 -0.2394847 0.8066949 0.540269 -0.1953752 0.8028224 0.5632981 -0.1886795 0.8214172 0.5382136 -0.1440186 0.8127511 0.5645302 -0.135502 0.8425422 0.5213079 -0.0931437 0.8422106 0.5310419 -0.09784454 0.8094236 0.5790162 -0.04745966 0.805178 0.5911312 -0.04649633 0.828938 0.5574049 -0.001599192 0.8222804 0.5690804 -9.26835e-4 0.8161398 0.5778537 0.04896914 0.8166526 0.5750483 0.04973876 0.8129048 0.5802688 0.0973953 0.8094135 0.5791062 0.09182178 0.8255161 0.5568592 0.1442568 0.8170614 0.5582121 0.1414066 0.8235996 0.5492613 0.1864463 0.8237801 0.535373 0.1889917 0.8192391 0.5414143 0.2347137 0.8178305 0.5254168 0.2179567 0.8420248 0.4934463 0.2630171 0.8379051 0.4782646 0.2701308 0.828894 0.4898613 0.3135889 0.8223157 0.4748253 0.3280725 0.8055536 0.4934086 0.3677701 0.8044001 0.4665681 0.3429902 0.8351302 0.430018 0.3802957 0.8311463 0.4056735 0.3786189 0.832889 0.403663 0.4175533 0.8273505 0.3756867 0.4104176 0.8334564 0.3700107 0.4401373 0.833396 0.3342608 0.4465377 0.8282544 0.3385245 0.4749349 0.8264098 0.3024626 0.4931762 0.8106409 0.3156558 0.527315 0.8041272 0.2744421 0.4998945 0.8253228 0.2625791 0.5313271 0.8172441 0.2231678 0.5381865 0.8120894 0.2255353 0.556113 0.8110132 0.1816481 0.5448303 0.8196489 0.1770191 0.5664777 0.8135263 0.1314461 0.5344563 0.8357717 0.1258661 0.5522015 0.8295378 0.08331072 0.5662212 0.8199249 0.08436077 0.5711748 0.8200922 0.0347613 0.5752143 0.8172628 0.03478735 0.5807665 0.8139762 -0.01237183 0.5488067 0.8358934 -0.009667634 0.555687 0.8294023 -0.05747932 0.557726 0.8280078 -0.05783629 0.5508529 0.8279572 -0.1051101 0.5475258 0.8302662 -0.1042756 0.5399062 0.8280282 -0.1512311 0.5435235 0.8254257 -0.1524946 0.5358301 0.8203642 -0.1997218 0.5073052 0.8411991 -0.1871513 0.4976532 0.8351613 -0.2341946 0.5093352 0.8262796 -0.2404987 0.4877049 0.8265371 -0.2810346 0.4998453 0.8164135 -0.2891777 0.4770991 0.8147227 -0.3295505 0.4616604 0.8272258 -0.3202613 0.439212 0.8214161 -0.3638247 0.4377347 0.8228226 -0.3624246 0.4057672 0.8231896 -0.3971299 0.4061214 0.8228082 -0.3975579 0.3713628 0.823168 -0.4295164 0.3734849 0.820767 -0.4322623 0.3384358 0.8171409 -0.4666284 0.3267779 0.8320683 -0.4481947 0.292802 0.8247473 -0.4837966 0.2884165 0.8310154 -0.4756358 0.2487607 0.8296774 -0.4997536 0.2546539 0.8191325 -0.5139781 0.2122712 0.8153268 -0.5386868 0.2103202 0.8198372 -0.5325716 0.1672198 0.8156252 -0.553889 0.1592525 0.8392974 -0.5198255 0.1149011 0.8389799 -0.5318933 0.1204959 0.8125387 -0.5703171 0.0720486 0.8107591 -0.5809292 0.0704388 0.8287285 -0.5552003 -0.06745761 -0.9901632 0.1225823 -0.08409148 -0.9907157 0.1068232 -0.09975832 -0.990905 0.09030824 -0.08853566 -0.9949476 0.04733747 -0.0126819 -0.9897788 0.1420461 -5.91201e-4 -0.9912612 0.1319128 0.01243174 -0.9875075 0.1570808 0.021003 -0.99183 0.1258259 0.03888517 -0.9870049 0.1559146 0.06746846 -0.9852443 0.1572954 0.04473626 -0.9904671 0.1302831 0.05692327 -0.99284 0.1050171 0.1008484 -0.9861095 0.1319763 -0.05423808 -0.9861481 0.1567491 -0.180531 -0.9826856 0.04168629 -0.6003451 -0.7872771 0.1406438 -0.161246 -0.9853497 0.05555152 -0.09238189 -0.995274 0.02992451 -0.5865885 -0.7872772 0.190023 -0.591651 -0.7830178 0.1919173 -0.1486089 -0.9867939 0.06444555 -0.1083582 -0.9930733 0.04543262 -0.5457482 -0.8060864 0.2288749 -0.5733082 -0.7828958 0.2416446 -0.1421109 -0.9870727 0.07410991 -0.5246679 -0.8060996 0.2737283 -0.5303484 -0.8012765 0.2769234 -0.1384724 -0.9862429 0.09027928 -0.08626693 -0.994772 0.05465191 -0.4998984 -0.8061141 0.3166728 -0.5053436 -0.8012577 0.3203343 -0.815452 -0.2602959 0.5169953 -0.1360938 -0.9850729 0.1054034 -0.1011056 -0.9919192 0.07664173 -0.4716783 -0.806112 0.3573556 -0.4767354 -0.8012648 0.3615221 -0.769335 -0.2602959 0.5834121 -0.7699137 -0.2574099 0.583929 -0.1146401 -0.9880531 0.1029989 -0.4585332 -0.7873094 0.4121789 -0.4454066 -0.8013959 0.3992211 -0.7171856 -0.2572996 0.6476433 -0.7466697 -0.02475923 0.6647341 -0.1110295 -0.9864839 0.1205071 -0.08232223 -0.9927546 0.08753001 -0.4054636 -0.8060973 0.431053 -0.4254534 -0.7829484 0.4538518 -0.662571 -0.260313 0.7023082 -0.6808429 -0.02149039 0.7321141 -0.3614872 -0.8140277 0.4546273 -0.3718549 -0.8012566 0.4687343 -0.6000715 -0.2603166 0.7564057 -0.600517 -0.257382 0.757056 -0.5665914 0.4107126 0.7143455 -0.08970159 -0.986953 0.133707 -0.3276687 -0.8060683 0.492836 -0.3265447 -0.8075987 0.4910734 -0.5346882 -0.2603448 0.8039461 -0.5350148 -0.2573812 0.8046827 -0.5036683 0.4154682 0.757433 -0.5015928 0.4226686 0.7548218 -0.1183702 -0.9706391 0.2094001 -0.2865791 -0.800994 0.5256245 -0.3966897 -0.5761379 0.7146345 -0.4633039 -0.2573084 0.8480224 -0.4803903 0.1456208 0.8648815 -0.4348717 0.4183611 0.7974087 -0.2412441 0.1582346 0.9574775 -0.245704 -0.2310672 0.9414018 -0.1609397 -0.2276576 0.9603492 -0.1715357 -0.03982132 0.9843728 -0.07890462 -0.02475833 0.9965747 -0.08303976 -0.2603605 0.9619339 0.001350522 -0.2573202 0.9663253 -0.005623996 -0.02476185 0.9996776 0.08873188 -0.02149307 0.9958236 -0.1033518 -0.7873334 0.6078031 -0.0514599 -0.7829027 0.6200125 0.4389701 0.4107716 0.799107 0.50515 0.4233292 0.7520744 -0.03322058 -0.9901983 0.1356611 -0.05002498 -0.806064 0.5897106 -0.001307666 -0.8013735 0.5981629 0.06306535 -0.5821288 0.8106473 0.1408098 -0.5716611 0.808317 -0.01020914 -0.9926747 0.1203861 0.1935977 -0.6070406 0.7707281 0.2667751 -0.5961933 0.7572217 0.3880006 -0.2604479 0.8840942 0.4651938 -0.257387 0.8469632 0.6246525 0.408247 0.6656904 0.6754072 0.416552 0.6085307 0.03110557 -0.983444 0.1785227 0.2149408 -0.7466336 0.6295545 0.2746414 -0.742497 0.6109586 0.5979531 -0.2603619 0.7580659 0.6612318 -0.2574245 0.7046313 0.04262191 -0.9944729 0.09595358 0.3407492 -0.7872887 0.513874 0.3868923 -0.782921 0.4871847 0.7688179 -0.2603061 0.5840889 0.8166117 -0.2573401 0.5166446 0.8408862 -0.03983455 0.5397441 0.8858919 -0.02554404 0.4631881 0.06066334 -0.9952139 0.07661205 0.4306728 -0.8145887 0.3885441 0.4674778 -0.8094993 0.3552116 0.9227666 0.380138 0.06322151 0.9212408 0.3885207 -0.01915991 0.4033398 -0.8765096 0.2627698 0.487743 -0.8348267 0.2552869 0.9392287 -0.2603671 0.2237376 0.9561275 -0.2574291 0.1398227 0.988132 -0.02472585 0.1516043 0.9981368 -0.02146315 0.05711764 0.4254412 -0.876237 0.2262929 0.5098189 -0.8330838 0.2146071 0.7425152 -0.6230592 0.2459036 0.7706482 -0.6121116 0.1772596 0.8742676 -0.481534 0.06149274 0.8829373 -0.4689268 -0.0230118 0.9653355 -0.260387 -0.0180608 0.9607514 -0.2573587 -0.1035538 0.9333534 0.2473008 -0.2601803 0.9030574 0.2636409 -0.3390883 0.8552209 0.4104625 -0.3164142 0.8200681 0.4226309 -0.3858387 0.5631214 -0.8151265 0.1358787 0.5803594 -0.8096922 0.08707231 0.8232179 0.4153652 -0.3870198 0.7858661 0.4182951 -0.45546 0.8132375 -0.5761109 -0.08210408 0.8063117 -0.5715423 -0.1523183 0.8320397 0.2829402 -0.477132 0.7868217 0.2859063 -0.5469638 0.6913518 0.2538129 -0.6764701 0.6313897 0.2569479 -0.731659 0.1519773 -0.9876523 -0.0380249 0.3230111 -0.9390117 -0.117987 0.6868212 -0.5507124 -0.4743338 0.6455144 -0.5464659 -0.5335599 0.1525657 -0.984885 -0.08200871 0.3470966 -0.9062293 -0.2413973 0.5458437 -0.5506343 -0.6315509 0.4925363 -0.5464597 -0.6773403 0.1296145 -0.9863471 -0.1015845 0.2731963 -0.9241245 -0.2671287 0.2102125 0.1327944 -0.968595 0.1204421 0.1463013 -0.9818807 0.1060838 -0.9895531 -0.0976268 0.2930261 -0.8939579 -0.3390797 0.36551 -0.5761497 -0.7310637 0.3047091 -0.5717298 -0.7617594 -0.03487229 0.4078885 -0.9123656 -0.1136216 0.4165858 -0.9019681 0.08491098 -0.9904607 -0.1085249 0.2507929 -0.8753685 -0.4133194 0.1230352 -0.3220497 -0.938694 0.03621768 -0.3135536 -0.9488796 0.08697938 -0.987362 -0.1324801 0.2252239 -0.8625648 -0.4530521 0.1722019 -0.5762004 -0.7989616 0.1000302 -0.5712857 -0.8146328 -0.1990956 0.2439276 -0.9491367 -0.2812798 0.2547088 -0.9252055 -0.2677125 0.3587483 -0.8942201 -0.3463906 0.3620494 -0.8654097 0.05095732 -0.9919995 -0.1155009 0.1592981 -0.8347374 -0.5271032 0.03812789 -0.5761764 -0.8164356 -0.0372253 -0.5711297 -0.8200153 -0.4029341 0.4078378 -0.8193365 -0.4707283 0.4165534 -0.777752 0.02964711 -0.9408399 -0.3375523 0.005848288 -0.978146 -0.2078371 -0.1730329 -0.5506983 -0.8165727 -0.2404786 -0.5466132 -0.8021123 -0.04558074 -0.9585105 -0.2813897 -0.03718656 -0.9837764 -0.175503 -0.7061604 0.136116 -0.6948454 -0.7609992 0.1571245 -0.6294379 -0.1621855 -0.9371028 -0.3090863 -0.1289614 -0.9684472 -0.213258 -0.5836673 -0.576038 -0.5722873 -0.6320689 -0.5714961 -0.5233366 -0.1887555 -0.9599652 -0.2069741 -0.1316143 -0.982865 -0.1290512 -0.7076753 -0.5759986 -0.4091714 -0.7411661 -0.571682 -0.3519269 -0.9729928 0.1367005 -0.1860055 -0.9823907 0.1581609 -0.09946763 -0.9115409 0.4107505 -0.01942056 -0.9044573 0.4227374 0.05700963 -0.2269486 -0.9622822 -0.1500242 -0.1741417 -0.9795617 -0.1006662 -0.7871637 -0.5760541 -0.2203066 -0.8059831 -0.5715336 -0.1540798 -0.9410691 -0.3220384 -0.1033455 -0.9492263 -0.3139433 -0.02022379 -0.2601761 -0.9583986 -0.1173909 -0.1771356 -0.9819715 -0.06599324 -0.9636862 -0.2601683 0.06017845 -0.9557765 -0.2572546 0.142519 -0.9897751 -0.0247901 0.1404671 -0.9734269 -0.02168923 0.2279686 -0.2561026 -0.9625241 -0.089212 -0.1830899 -0.9817594 -0.05125057 -0.9733956 -0.02458536 0.2278084 -0.9507197 -0.02161633 0.3092977 -0.8100318 0.4080504 0.4211218 -0.7676437 0.4165924 0.4870051 -0.2634754 -0.9636079 -0.04517388 -0.2041082 -0.9786384 -0.02463579 -0.5775705 -0.8161886 -0.0157659 -0.5874102 -0.8084577 0.03668272 -0.726417 0.4107596 0.5509945 -0.6701906 0.4233451 0.6096093 -0.3178467 -0.9477359 -0.02775412 -0.2242802 -0.9745239 0.001287043 -0.5772581 -0.8157831 0.03565496 -0.5822027 -0.8086308 0.08459526 -0.8978731 -0.2309215 0.3748323 -0.8626104 -0.2276025 0.4517748 -0.2169845 0.5144169 0.8296344 -0.1383447 0.5168933 0.8447971 -0.08078652 0.4100437 0.908481 0.004588365 0.4234016 0.9059306 -0.1973814 -0.5927055 0.7808591 0.076936 0.2437714 0.9667763 0.1655263 0.2551406 0.9526303 -0.1502215 -0.8063716 0.5720126 -0.1010221 -0.8013845 0.5895571 0.1609914 -0.03597134 0.9863001 0.2524028 -0.0107969 0.9675621 0.2438055 0.1456229 0.958829 0.3246609 0.148146 0.9341564 0.3212242 0.1824171 0.929268 0.4032614 0.1942662 0.8942264 0.3692775 0.4105381 0.8337222 0.4366669 0.4227313 0.7941161 0.6217727 0.4183098 0.6621297 0.5611407 0.4151974 0.7160534 0.05451869 -0.7827303 0.6199687 -5.33513e-4 -0.7873319 0.6165294 -0.02301412 -0.9905321 0.1353394 -0.02365243 -0.9900727 0.1385518 -9.99995e-5 -0.9933226 0.1153701 0.09931617 -0.787488 0.6082754 0.15716 -0.7827069 0.6022216 0.4647858 -0.2602936 0.8462987 0.5358753 -0.2572466 0.8041529 0.5485294 -0.02475744 0.8357647 0.6248146 -0.02147942 0.7804777 0.6757652 0.4154348 0.6088969 0.7233523 0.4182549 0.5493853 0.7692382 0.418382 0.4829381 0.7243396 0.4154443 0.5502165 0.00915575 -0.9916829 0.1283794 0.0357474 -0.988774 0.1450803 0.2402492 -0.806071 0.5408604 0.2880252 -0.8012405 0.524457 0.6606188 -0.2602967 0.7041509 0.7178893 -0.2573844 0.6468294 0.7694876 -0.2573783 0.5845043 0.7172651 -0.2602663 0.6463685 0.3299239 -0.8014272 0.4988635 0.2846488 -0.8060755 0.5188616 0.06430518 -0.9811197 0.1823983 0.07277703 -0.9884951 0.1325927 0.3671884 -0.8060826 0.464116 0.4093667 -0.8012483 0.4363715 0.88546 -0.03454101 0.4634304 0.9218734 -0.01179546 0.3873116 0.8871294 0.4102617 0.2113925 0.8969001 0.4233646 0.1277996 0.9639258 0.1462117 0.2224164 0.9418983 0.1330211 0.3084365 0.9519779 -0.02149349 0.3054113 0.9213974 -0.02455556 0.3878453 0.4368927 -0.8087485 0.3937649 0.3972883 -0.8136538 0.4244169 0.06631845 -0.9927776 0.09997254 0.09089106 -0.9858814 0.1406297 0.9007548 0.4231539 -0.09788662 0.9114636 0.4109012 -0.01985663 0.4948206 -0.8096512 0.3156225 0.4616248 -0.814629 0.3511156 0.1151439 -0.9858225 0.1220491 0.9314678 0.2545154 -0.25998 0.9530006 0.2439473 -0.1796652 0.9711169 0.1482955 -0.1869239 0.9843547 0.1456736 -0.09912192 0.5822975 -0.7913555 0.1862423 0.5585525 -0.7962421 0.2324172 0.6106087 -0.7911981 0.034096 0.5980334 -0.7965263 0.08889263 0.5790597 -0.8152547 -0.007059395 0.5841445 -0.8091418 -0.0637561 0.8200544 -0.5506426 -0.155896 0.8067072 -0.5464861 -0.2248926 0.8889237 -0.321965 -0.3258117 0.8592393 -0.3138999 -0.4039492 0.7971309 0.2440901 -0.5522703 0.745359 0.2545191 -0.6161656 0.6906598 0.2568647 -0.6760249 0.7455425 0.2537633 -0.6162553 0.8211502 -0.3136336 -0.4768084 0.8570237 -0.3216729 -0.4025385 0.784044 -0.54619 -0.2948759 0.8041686 -0.5505829 -0.2239902 0.1591448 -0.9871786 -0.01230633 0.3388942 -0.9386174 -0.06440681 0.7732251 -0.4535031 -0.4432358 0.7337093 -0.4468195 -0.5118818 0.6339172 0.2442697 -0.7338128 0.5684822 0.2545266 -0.7823326 0.4065321 0.3887398 -0.826809 0.4803606 0.3804621 -0.7902547 0.4974675 0.2635858 -0.8264677 0.5698457 0.2473276 -0.7836485 0.3417698 -0.9349521 -0.09517335 0.1570357 -0.9872573 -0.02574759 0.1926633 -0.9790744 -0.06553053 0.3776242 -0.9088175 -0.1773438 0.6435131 -0.5506473 -0.5316752 0.5985809 -0.546446 -0.5857455 0.3474985 0.3543475 -0.8681489 0.2690982 0.3655365 -0.8910496 0.18804 0.3906414 -0.9011328 0.2655237 0.387779 -0.8826804 0.3601767 0.1580433 -0.9193993 0.4443675 0.135695 -0.885508 0.547483 -0.5464592 -0.6337544 0.5967696 -0.5506452 -0.5836574 0.3749506 -0.901328 -0.2168407 0.1841204 -0.9796274 -0.08018702 0.03474676 0.423141 -0.9053974 0.1174915 0.4101995 -0.9043961 0.4009785 -0.4193438 -0.8144736 0.4715423 -0.4259452 -0.7721519 0.4327012 -0.5462992 -0.7171658 0.4910715 -0.5506224 -0.6750287 0.3207961 -0.9092997 -0.2650734 0.123268 -0.9891372 -0.0800783 -0.1955462 0.3661866 -0.9097632 -0.1145918 0.3599874 -0.9258931 -0.04501336 0.1483061 -0.9879165 0.04573661 0.1455822 -0.9882884 0.1858323 -0.4194152 -0.8885704 0.2640175 -0.4259589 -0.8653634 0.2454298 -0.5200575 -0.8181102 0.3139621 -0.5242758 -0.7915572 0.2742308 -0.8846979 -0.3769712 0.09511381 -0.990144 -0.1028025 -0.122466 -0.3135346 -0.9416466 -0.03524219 -0.3220588 -0.9460636 0.1907873 -0.8557769 -0.4808808 0.06081217 -0.99195 -0.1110736 0.04800343 -0.989127 -0.1390087 0.1156891 -0.832893 -0.5412073 -0.3602463 0.1455902 -0.9214261 -0.4429494 0.1482756 -0.8842003 -0.4709398 0.4154093 -0.7782358 -0.5363504 0.4183642 -0.7330073 -0.1783826 -0.5202245 -0.8351923 -0.1023271 -0.5244907 -0.8452448 0.02868086 -0.9790283 -0.2016956 0.1216444 -0.8117977 -0.571128 0.00138849 -0.9584085 -0.2853965 -0.005333542 -0.9791179 -0.2032231 -0.245615 -0.5243082 -0.8153369 -0.3160104 -0.5201168 -0.7934835 -0.4169795 -0.3220384 -0.8499526 -0.4915367 -0.3139739 -0.8122882 -0.5780146 0.1455771 -0.8029362 -0.6474473 0.1482411 -0.7475538 -0.6320775 0.2440029 -0.7354867 -0.6924186 0.2547799 -0.6750138 -0.5610247 -0.3135192 -0.7661311 -0.4898995 -0.3217142 -0.810246 -0.3675349 -0.5712295 -0.7339039 -0.3004282 -0.5760027 -0.7602393 -0.02915918 -0.977653 -0.2081935 -0.02633357 -0.9408838 -0.3377044 -0.06859511 -0.958573 -0.2764645 -0.05191648 -0.9836701 -0.1723308 -0.7620362 0.1456777 -0.6309351 -0.8122115 0.1481758 -0.5642308 -0.09104341 -0.9587147 -0.2694019 -0.06638622 -0.9835548 -0.1679666 -0.4772534 -0.5761769 -0.6635131 -0.5350654 -0.5716103 -0.6220665 -0.8135535 0.133445 -0.5659711 -0.856763 0.1458257 -0.4946637 -0.8430541 0.3586748 -0.4007648 -0.8749732 0.3620513 -0.3214669 -0.8949538 0.1581206 -0.4171996 -0.8577057 0.1367022 -0.4956346 -0.5988492 -0.5463678 -0.5855442 -0.5450662 -0.5506237 -0.6322313 -0.09069526 -0.9776347 -0.1897494 -0.1102327 -0.9605346 -0.2553862 -0.1904914 -0.9350116 -0.2991093 -0.1303216 -0.9759693 -0.1746434 -0.6295302 -0.5760297 -0.5214227 -0.6736369 -0.5715392 -0.4685685 -0.9275249 0.1328102 -0.3493694 -0.952879 0.145746 -0.2660447 -0.9089117 0.4165489 -0.01915115 -0.9077001 0.407913 -0.09842503 -0.9701423 0.1573157 -0.1845964 -0.9540171 0.136656 -0.2667894 -0.7104776 -0.5715305 -0.4105782 -0.67092 -0.5760485 -0.4669417 -0.1198225 -0.9830183 -0.1389876 -0.1716769 -0.9596386 -0.2227575 -0.2043387 -0.9603161 -0.1898387 -0.1426325 -0.9827049 -0.1180979 -0.7702545 -0.5243046 -0.3630603 -0.8011441 -0.5200798 -0.2961171 -0.9100163 0.4106446 0.05693387 -0.8955875 0.4233028 0.1368861 -0.7902629 -0.5715359 -0.2209782 -0.7659481 -0.5760878 -0.2853883 -0.1527306 -0.9825347 -0.1062971 -0.218272 -0.9607054 -0.1714716 -0.7579607 0.5169261 0.397848 -0.7923192 0.5144265 0.3280179 -0.9644415 -0.2573189 0.06032955 -0.965396 -0.2601509 -0.0182271 -0.8165872 -0.5712305 -0.0829519 -0.8028771 -0.5759992 -0.1536665 -0.1832389 -0.9792672 -0.0863679 -0.2453073 -0.9597799 -0.1365534 -0.7218044 0.4227602 0.5479712 -0.7699703 0.4108043 0.4882475 -0.9197661 -0.02476412 0.391685 -0.9504798 -0.03909701 0.3083174 -0.187821 -0.9815449 -0.03595858 -0.2607814 -0.9630506 -0.0672816 -0.5983579 -0.7964134 0.08771353 -0.5972542 -0.7897754 0.1397942 -0.8558717 -0.2603304 0.4468913 -0.8160546 -0.2574487 0.51747 -0.6285856 0.4076853 0.6623239 -0.5647526 0.4165863 0.7123976 -0.07121723 -0.9843932 0.1609293 -0.08851951 -0.9748919 0.2043288 -0.3241069 -0.6097281 0.7233163 -0.3340811 -0.5714986 0.7495193 -0.4034673 0.1333868 0.9052194 -0.4020319 0.1482447 0.9035453 -0.04659575 -0.9825481 0.1800783 -0.06351846 -0.9815425 0.1803881 -0.2626845 -0.6039097 0.7525224 -0.2637265 -0.5986422 0.756357 -0.3261518 0.1366636 0.9353866 -0.3253753 0.1457661 0.9342821 0.06667488 -0.6389504 -0.766353 -0.5870988 -0.6069301 0.5356779 0.1321985 -0.6198092 -0.7735375 0.1335334 -0.6116086 -0.7798101 -0.6453561 -0.6315637 -0.429701 -0.6199078 -0.6218274 0.4785864 -0.6235351 -0.6161072 0.481265 0.5199898 -0.7503452 0.408158 0.1937001 -0.6268284 -0.7546963 0.1981536 -0.6075938 -0.7691327 -0.6123112 -0.6273697 -0.4811262 -0.6060084 -0.6375565 -0.4756844 -0.5322366 -0.7744963 0.3418768 -0.6504259 -0.6304462 0.4236555 0.4600609 -0.7792249 0.4256202 0.4824427 -0.7527881 0.4478384 0.2453176 -0.6594559 -0.7105894 0.2613389 -0.6068012 -0.7506627 -0.5693247 -0.6293181 -0.5289879 -0.5658188 -0.6354951 -0.5253525 -0.5437916 -0.7868663 0.2917743 -0.5512467 -0.7802841 0.2954385 -0.5562109 -0.7943165 0.2443175 -0.7151405 -0.6277472 0.3074207 -0.1334255 -0.6125895 0.7790583 -0.1315984 -0.6237346 0.7704786 -0.003131508 -0.665175 0.746681 -0.002744913 -0.7572163 0.6531584 -0.002321779 -0.766548 0.642183 0.126626 -0.6313917 0.7650558 0.1005213 -0.7689653 0.6313383 0.2535071 -0.6118021 0.749288 0.2509939 -0.6230921 0.7407823 0.3336988 -0.7103465 0.6197201 0.2935597 -0.781569 0.5504295 0.4649049 -0.6484989 0.6027542 0.4594572 -0.6594914 0.594954 0.5577757 -0.7432195 0.3694742 0.4954326 -0.777441 0.3874691 0.4036751 -0.887969 0.2203575 0.3141084 -0.9282348 0.1992894 0.6245305 -0.7502281 0.2170705 0.573768 -0.7790548 0.2527132 0.4092805 -0.8933804 0.1853669 0.3207009 -0.9316948 0.1705748 0.6406545 -0.7498701 0.1650964 0.599767 -0.7728086 0.2074765 0.651544 -0.7503734 0.1114915 0.6070143 -0.7793804 0.1552411 0.667351 -0.7424508 0.0583921 0.6198298 -0.7776839 0.1049709 0.778082 -0.6153132 -0.1264051 0.7638747 -0.6422966 -0.06285285 0.6700845 -0.7422794 0.00285685 0.6263614 -0.7777015 0.05340373 0.7640132 -0.6165221 -0.190222 0.7516156 -0.6479835 -0.123254 0.6593514 -0.7500986 -0.05106782 0.6344855 -0.7729334 0.001507163 0.747527 -0.6140885 -0.2531775 0.7422049 -0.6438986 -0.1858133 0.7245255 -0.6135252 -0.3140855 0.7240327 -0.6442533 -0.2464029 0.695402 -0.6144499 -0.3726494 0.6973338 -0.6492341 -0.3036786 0.6662377 -0.6085526 -0.431035 0.6713994 -0.6471553 -0.3611273 0.6262235 -0.615433 -0.4786297 0.6370212 -0.6503125 -0.4138814 0.5411972 -0.6063072 -0.582664 0.5604953 -0.6474015 -0.5164461 0.4889089 -0.6106267 -0.6229794 0.5148084 -0.6520045 -0.556653 0.3910045 -0.8675384 -0.3073967 0.4956673 -0.7407493 -0.4534363 0.4699433 -0.6464892 -0.6010035 0.4389289 -0.6038655 -0.6653481 0.4154865 -0.6533377 -0.6328672 0.3804156 -0.6088 -0.6961656 0.3602357 -0.6565197 -0.6627308 0.003331243 -0.6384534 -0.7696534 0.06866443 -0.6202035 -0.7814301 -0.06027781 -0.6403916 -0.7656797 0.00383836 -0.6254302 -0.7802706 -0.1238152 -0.6343322 -0.7630809 -0.06075614 -0.6236905 -0.7793067 -0.1857742 -0.639664 -0.7458673 -0.1245895 -0.6263946 -0.7694851 -0.2481487 -0.632668 -0.7335895 -0.1887839 -0.6210025 -0.7607343 -0.3031466 -0.6385411 -0.7073667 -0.2493776 -0.6273047 -0.7377666 -0.4264943 -0.6264756 -0.6524041 -0.473053 -0.6325948 -0.613225 -0.2638525 -0.7479016 -0.6091183 -0.2303446 -0.872844 -0.4302148 -0.4759271 -0.6263686 -0.6173781 -0.3128784 -0.7392792 -0.5962998 -0.2670624 -0.8675312 -0.4196039 -0.5222432 -0.6323626 -0.5721712 -0.5263662 -0.624405 -0.5771108 -0.7283322 -0.6366843 -0.2533092 -0.7107728 -0.630827 -0.3112225 -0.7485872 -0.6343165 -0.1930281 -0.7364526 -0.6259687 -0.2565166 -0.4333569 -0.8696262 -0.236542 -0.5411234 -0.7616894 -0.3563912 -0.760432 -0.6362499 -0.1301125 -0.7513926 -0.6307355 -0.1938606 -0.4614852 -0.8622296 -0.2087858 -0.5805414 -0.7474365 -0.322971 -0.7733548 -0.6303721 -0.06747901 -0.7665753 -0.6285598 -0.131434 -0.7746598 -0.6287473 -0.06766974 -0.7764226 -0.6301869 -0.005708575 -0.6688475 -0.7433978 -0.001692414 -0.6330404 -0.7725194 0.04973614 -0.6606271 -0.7489794 0.05100715 -0.764997 -0.6314033 0.1269235 -0.6266527 -0.7728946 0.0997011 -0.7331689 -0.6551451 0.1823418 -0.7062484 -0.6855185 0.1768545 -0.1943199 -0.6253575 0.7557565 -0.1969364 -0.6138209 0.7644868 -0.05320215 -0.7655321 0.6411945 -0.07042157 -0.6148598 0.7854861 0.04922658 -0.7818458 0.6215256 0.0502206 -0.7627489 0.6447418 0.1887615 -0.6258064 0.756793 0.1900513 -0.6175881 0.7631943 0.250676 -0.7817578 0.5709785 0.3119827 -0.6141963 0.7248653 0.3801653 -0.7128085 0.5893883 0.4194845 -0.6383438 0.645407 0.4046466 -0.8015496 0.4402038 0.4969643 -0.6725103 0.5484127 0.04982316 -0.9972676 0.05454558 0.08971071 -0.9926762 0.08090776 0.05968838 -0.9967203 0.05464595 0.1162149 -0.9892876 0.08834195 0.06074446 -0.9970206 0.04753941 0.1258909 -0.9887821 0.08038312 0.06645089 -0.9973612 0.02924323 0.1638095 -0.9850317 0.05365645 0.08848428 -0.9956067 0.03062462 0.1856961 -0.9816365 0.04366695 0.0667783 -0.9976214 0.01709842 0.1941786 -0.9805424 0.02883416 0.06642806 -0.9977278 0.0112527 0.2029359 -0.9791025 0.0132451 0.1034224 -0.9945984 0.008820414 0.2240822 -0.97456 -0.004485666 0.06436735 -0.9979263 1.5776e-4 0.1473276 -0.9890186 -0.01170033 0.3236463 -0.6027905 -0.7293126 0.3049032 -0.6543991 -0.6919507 0.006345331 -0.999485 -0.03145772 -0.1364659 -0.9906446 -7.85443e-4 -0.07449579 -0.9972048 0.005740523 -0.1553554 -0.9878121 0.009606599 -0.07548075 -0.9970734 0.0121445 -0.1418461 -0.9896717 0.02073079 -0.07671594 -0.9968727 0.01896679 -0.7232033 -0.6457371 0.2449504 -0.7099168 -0.6617213 0.241129 -0.5362442 -0.6157355 0.5773319 -0.5733705 -0.6295785 0.5242873 -0.5313319 -0.624501 0.5724377 -0.4875681 -0.6133597 0.6213431 -0.4894493 -0.6097064 0.6234562 -0.4415711 -0.5974257 0.6694009 -0.4292168 -0.62489 0.6521393 -0.1002525 -0.9865948 0.1287644 -0.3797019 -0.6139237 0.6920434 -0.3360279 -0.7101854 0.6186454 -0.07717806 -0.9902452 0.1160091 -0.3156945 -0.6243838 0.7144801 -0.2893923 -0.7037457 0.6488406 -0.2595602 -0.6137464 0.7456164 -0.256438 -0.6245613 0.7376739 0.07784092 -5.76637e-4 0.9969657 0.07841777 -8.94821e-4 0.9969202 0.02359443 -0.001269996 0.9997209 -0.027175 0.01120805 0.9995679 -0.005186975 -8.93852e-4 0.9999862 -0.08538842 -7.98852e-4 0.9963475 -0.0865851 -1.32734e-4 0.9962444 -0.1687579 -8.29908e-5 0.9856576 -0.1688475 -3.19685e-5 0.9856423 -0.2493864 4.76739e-5 0.9684041 -0.2498246 -2.04164e-4 0.9682912 -0.3284698 -1.4257e-4 0.9445145 -0.3285786 -7.78171e-5 0.9444766 -0.4060062 -7.76959e-5 0.9138704 -0.405555 -3.53095e-4 0.9140706 -0.4795504 -2.63655e-4 0.8775144 -0.4798257 -9.04378e-5 0.8773639 -0.550241 -9.33965e-5 0.835006 -0.5503088 -4.7692e-5 0.8349613 -0.6174498 2.95452e-5 0.7866104 -0.6177854 -2.05837e-4 0.7863468 -0.6803007 -1.43444e-4 0.7329332 -0.6804509 -3.12525e-5 0.7327938 -0.7384405 4.72329e-5 0.6743187 -0.738677 -1.44855e-4 0.6740596 -0.7916573 -8.81805e-7 0.6109654 -0.7918829 -2.05125e-4 0.610673 -0.8400164 -1.42162e-4 0.5425609 -0.8394645 -7.07781e-4 0.5434142 -0.8817755 -5.43582e-4 0.4716691 -0.8815645 -7.91714e-4 0.472063 -0.9168506 -8.14477e-4 0.3992297 -0.9178746 6.08329e-4 0.3968703 -0.9471438 7.79948e-4 0.3208087 -0.947043 6.04346e-4 0.3211063 -0.9704301 7.78383e-4 0.2413811 -0.9705075 9.58605e-4 0.2410691 -0.986735 0.001004815 0.1623364 -0.9872896 -9.03441e-4 0.1589292 -0.9968729 -8.65125e-4 0.07901746 -0.9969154 -5.69727e-4 0.07848256 -0.9999951 -7.21569e-4 -0.003073394 -0.9999911 -8.6202e-5 -0.004216313 -0.9962144 -5.46711e-5 -0.08693104 -0.9962105 -3.00062e-5 -0.08697533 -0.9856916 4.67918e-5 -0.1685588 -0.9856144 -2.04255e-4 -0.1690102 -0.9684125 -1.4213e-4 -0.2493538 -0.968383 -7.84779e-5 -0.2494684 -0.9443995 -7.74933e-5 -0.3288006 -0.9444077 -8.97749e-5 -0.3287767 -0.913536 -9.32698e-5 -0.4067581 -0.9141511 -9.25745e-4 -0.4053729 -0.8777616 -0.001212537 -0.4790962 -0.8775095 -9.22668e-4 -0.4795584 -0.8359581 -0.001204609 -0.548792 -0.8348521 -8.44409e-5 -0.5504744 -0.7863819 -5.38865e-5 -0.6177409 -0.7864843 -1.44579e-4 -0.6176103 -0.7330133 -1.96856e-4 -0.6802144 -0.7327285 3.57419e-5 -0.6805211 -0.6741628 -2.8123e-5 -0.7385829 -0.674238 -8.54426e-5 -0.7385141 -0.6107569 -5.37891e-5 -0.7918182 -0.6108039 -8.59739e-5 -0.791782 -0.5413784 -5.43963e-5 -0.8407791 -0.5432487 -0.001282811 -0.8395708 -0.4730741 -0.001338183 -0.8810216 -0.4724053 -9.23765e-4 -0.881381 -0.3995839 -0.001206755 -0.916696 -0.3978281 -1.45537e-4 -0.9174601 -0.3209725 -1.96747e-4 -0.9470886 -0.3206179 1.21264e-5 -0.9472087 -0.241086 -2.43162e-5 -0.9705038 -0.2412068 -9.28652e-5 -0.9704738 -0.1605386 -9.55998e-5 -0.9870297 -0.1605193 -8.56634e-5 -0.9870328 -0.07811826 -5.51072e-5 -0.9969441 -0.07827734 -1.45423e-4 -0.9969316 0.003988325 -1.96428e-4 -0.9999921 0.007103383 0.00152713 -0.9999736 0.0866791 0.001407563 -0.9962354 0.08398699 -7.82662e-5 -0.9964669 0.1687644 -7.80961e-5 -0.9856565 0.1703276 8.01755e-4 -0.9853872 0.2498226 6.28908e-4 -0.9682915 0.2502967 8.9682e-4 -0.9681689 0.3284712 8.6439e-4 -0.9445137 0.3271414 8.84564e-5 -0.9449754 0.4055671 1.36732e-4 -0.9140653 0.4060394 4.24038e-4 -0.9138555 0.47988 3.42079e-4 -0.8773341 0.481568 0.001402974 -0.8764076 0.5502392 0.001342058 -0.8350061 0.5497198 9.99787e-4 -0.8353487 0.6170899 0.001331031 -0.7868916 0.6177843 8.46054e-4 -0.7863472 0.680301 0.001158952 -0.7329319 0.6807022 0.001464724 -0.7325589 0.7379648 0.001482963 -0.6748377 0.7399809 -1.54531e-4 -0.6726279 0.7913774 4.39355e-4 -0.6113279 0.790925 8.39854e-4 -0.6119125 0.8394079 0.001158952 -0.543501 0.8395298 0.001283943 -0.5433121 0.8815968 9.77982e-4 -0.4720024 0.8819604 0.001403033 -0.4713215 0.9173677 0.001341223 -0.3980388 0.9170993 9.7042e-4 -0.3986576 0.9471436 0.001224458 -0.3208077 0.946996 9.70268e-4 -0.3212438 0.9704561 0.001225411 -0.2412752 0.9705332 0.00140351 -0.2409636 0.9870094 0.001341223 -0.1606568 0.9865853 -1.04239e-4 -0.1632467 0.996985 -1.57518e-4 -0.07759493 0.9971491 0.001027464 -0.07545 0.9999909 7.58788e-4 0.004185318 0.9999987 -7.11565e-4 0.001519501 0.9961932 -5.4429e-4 0.08717191 0.9959716 8.46167e-4 0.08966577 0.9861258 9.85516e-4 0.1659967 0.9855498 -9.0448e-4 0.1693837 0.9685161 -8.65138e-4 0.2489495 0.9683831 -5.69724e-4 0.2494676 0.9443688 -7.25861e-4 0.3288877 0.9435182 7.02599e-4 0.3313204 0.9140685 6.20705e-4 0.4055593 0.9152087 -9.16463e-4 0.4029794 0.8777616 -0.001212537 0.4790962 0.8775095 -9.22668e-4 0.4795584 0.8353472 -0.00120902 0.5497214 0.8339709 1.81774e-4 0.5518084 0.7861486 1.39103e-4 0.6180377 0.7862525 4.64053e-5 0.6179055 0.7332973 -2.28177e-4 0.6799082 0.7323515 5.30136e-4 0.6809267 0.6750218 2.87481e-4 0.7377978 0.6755194 -8.68276e-5 0.7373422 0.6107595 -5.46711e-5 0.7918162 0.6108022 -8.46514e-5 0.7917833 0.5427331 -5.38941e-5 0.8399052 0.5417498 5.94111e-4 0.8405396 0.4721392 5.55898e-4 0.8815238 0.4728471 1.15415e-4 0.8811445 0.3987898 1.33149e-4 0.9170424 0.3977741 7.46331e-4 0.9174832 0.3209716 4.89816e-4 0.9470888 0.3199986 0.001054704 0.9474174 0.243264 0.001037716 0.9699597 0.2410868 -2.05271e-4 0.9705036 0.1594141 -1.42613e-4 0.9872118 0.1604347 -7.18594e-4 0.9870463 -0.8107883 0.5853298 -0.003396093 0.06268298 0.5894056 0.8054016 -0.7941102 0.6046187 0.06184834 -0.8082969 0.5853258 0.06363916 0.1284563 0.5952812 0.793183 0.1306431 0.5807317 0.8035441 -0.7871685 0.6039919 0.1247383 0.3044331 0.6577243 -0.6889987 0.1908412 0.5958587 0.7800847 -0.6181847 0.7707892 0.1540513 0.2195191 0.7447356 -0.6302224 0.2461224 0.670662 -0.6997402 0.1925622 0.7996481 0.5687555 -0.5653547 0.8025847 0.190347 -0.5997762 0.7738963 0.2033549 0.1382296 0.8394342 -0.5255882 0.1571947 0.7767676 -0.6098542 0.2373577 0.802156 0.5479116 0.2403571 0.7969641 0.5541452 0.2729872 0.8156654 0.5100668 0.274948 0.8127944 0.5135845 -0.329451 0.5831954 0.7425262 -0.3255676 0.5976169 0.7327072 -0.4472618 0.583067 0.6782255 -0.4409023 0.60006 0.6674828 -0.5554097 0.5773375 0.5984996 -0.5425326 0.6045161 0.5832828 -0.6466422 0.5768865 0.499055 -0.6371145 0.5941448 0.4909963 -0.705231 0.5998687 0.3778981 -0.6983436 0.6103941 0.3738118 -0.8055778 0.5883265 -0.07011801 -0.7977821 0.6029329 -0.003941893 -0.617348 0.7800174 0.1022471 -0.5769027 0.804302 0.1424131 -0.7955647 0.5903424 -0.1362814 -0.791547 0.60714 -0.06953042 -0.7851749 0.5853196 -0.202241 -0.7849351 0.6046981 -0.1349716 -0.7657845 0.5853393 -0.2663683 -0.7710092 0.6048263 -0.1993243 -0.7378062 0.5902799 -0.327432 -0.7502275 0.6071883 -0.261689 -0.7114754 0.5853419 -0.3888159 -0.7277145 0.6047762 -0.3235389 -0.6756637 0.5873869 -0.4454833 -0.6924167 0.6135929 -0.3795564 -0.635944 0.5883497 -0.4994196 -0.6656209 0.6031197 -0.4395403 -0.592072 0.5894693 -0.5495242 -0.6210827 0.6127036 -0.4887233 -0.5437813 0.5909325 -0.5959033 -0.575951 0.6173 -0.5359302 -0.4938877 0.5884004 -0.6402031 -0.5317132 0.6134403 -0.5839281 -0.4395953 0.5879895 -0.6789878 -0.4814229 0.6139103 -0.6255767 -0.3814193 0.5893444 -0.7121745 -0.4261744 0.6185278 -0.6601505 -0.3229878 0.5840061 -0.7447254 -0.37092 0.6164563 -0.6945502 -0.2597532 0.5863717 -0.7672657 -0.3126076 0.6152624 -0.723691 -0.1948124 0.5907358 -0.7829939 -0.2537747 0.6081146 -0.7521936 -0.1290915 0.5924911 -0.7951664 -0.1901612 0.6123809 -0.7673515 -0.06351351 0.5845214 -0.8088887 -0.1252707 0.6169943 -0.7769333 -0.06041151 0.6173759 -0.7843453 -2.14129e-4 0.585817 -0.8104434 0.07245641 0.6164423 -0.7840594 0.007115125 0.8943926 -0.4472264 0.05666506 0.7595121 -0.6480205 0.3109988 0.7570925 -0.5745353 0.2829 0.7183795 -0.6355301 0.2405632 0.8996002 -0.3644844 0.3122786 0.7544996 -0.5772456 0.2800518 0.8910905 -0.3571116 0.3603376 0.74623 -0.5597301 0.3097259 0.8901693 -0.3341685 0.4024069 0.7507151 -0.5239234 0.325609 0.8976598 -0.2969609 0.4464924 0.747934 -0.4911612 0.3619957 0.889266 -0.2795803 0.4766887 0.7586256 -0.4441342 0.3842492 0.8890973 -0.2487138 0.5085636 0.7621539 -0.400605 0.3962164 0.8932566 -0.2123801 0.551603 0.7500696 -0.3648695 0.7970077 0.6002854 -0.0666058 0.7915552 0.5982593 -0.1246044 0.4085574 0.8954192 -0.1769331 0.5667268 0.7630926 -0.3106617 0.4373399 0.8869783 -0.1483353 0.5812751 0.7715364 -0.2585558 0.7945033 0.6037338 0.06534665 0.7999011 0.6000869 0.007352948 0.4494922 0.8862088 -0.1122084 0.5975242 0.7742728 -0.2084863 0.4566503 0.8861761 -0.07850301 0.6152613 0.7721337 -0.1589435 0.7742834 0.6005839 0.1994604 0.7864311 0.6019188 0.1386365 0.7564049 0.6005919 0.259116 0.7731394 0.6021295 0.1992374 0.4649071 0.8853569 -0.002213001 0.6011493 0.7978074 -0.04607594 0.7020346 0.5999392 0.3836933 0.7280481 0.6023288 0.3273316 0.4606286 0.8844453 0.07468527 0.5965031 0.8008418 0.05326032 0.6755391 0.590202 0.4419373 0.7022247 0.5997139 0.3836975 0.5601596 0.8047468 0.1964787 0.4307467 0.8829578 0.1866625 0.5239159 0.7772359 0.348449 0.4500516 0.8199512 0.3537424 0.5363044 0.6012963 0.592301 0.503601 0.7694439 0.3928643 0.4411733 0.7984949 0.4096 0.4618313 0.777141 0.4275088 0.4076009 0.7987291 0.4425985 0.487662 0.6021242 0.6321648 0.489947 0.5973991 0.634875 -0.2645726 0.5952453 0.7587387 -0.2681035 0.5782425 0.7705557 -0.3859475 0.5942531 0.7056259 -0.3879803 0.5878472 0.7098642 -0.4981129 0.5912629 0.6342648 -0.5007779 0.5849888 0.6379731 -0.5964378 0.5896989 0.5445341 -0.594431 0.5936154 0.5424689 -0.6734418 0.5973722 0.435457 -0.6807725 0.5851 0.440689 -0.5240543 0.8216482 0.2241907 -0.7110064 0.6301458 0.3120678 -0.09318536 0.9947963 0.04119342 -0.1333346 0.9901266 0.04325735 -0.09708654 0.9947484 0.03240132 -0.1450347 0.9888398 0.03407049 -0.09681779 0.9950157 0.02388066 -0.1536126 0.9878773 0.02239841 -0.09145063 0.9957093 0.0141378 -0.1583725 0.9873288 0.01000124 -0.08774423 0.9961196 0.006835162 -0.1644474 0.98638 -0.003408491 -0.08634352 0.9962654 -4.26903e-4 -0.1698431 0.9853102 -0.01781225 -0.0843473 0.9964089 -0.007409095 -0.1724678 0.9844744 -0.03263711 -0.1004245 0.9947947 -0.01727586 -0.1824777 0.9818898 -0.05093568 -0.07882195 0.9966807 -0.02036988 -0.1807136 0.9812457 -0.0670787 -0.09302449 0.9951348 -0.03245335 -0.1790397 0.9802683 -0.08377903 -0.1006282 0.9939178 -0.04473656 -0.1565992 0.9839552 -0.08549243 -0.09004932 0.994139 -0.05982404 -0.1419367 0.9835951 -0.1113318 0.1334888 0.5891289 -0.7969367 0.1054202 0.7971255 -0.5945399 0.01413589 0.9966921 -0.08003216 0.04947102 0.9805701 -0.1898288 0.01311922 0.9993976 -0.03212791 0.1345388 0.988162 0.07372444 0.06906795 0.9966091 0.04472017 0.1018565 0.9916164 0.0795139 0.05162268 0.9975232 0.04777741 0.1348464 0.9835107 0.1205112 0.07498139 0.993763 0.08254045 0.09608924 0.9875262 0.1247359 0.06363397 0.9932136 0.0973525 0.4317848 0.6134855 0.6612091 0.3020484 0.8278048 0.4727643 0.1900076 0.8051508 0.5618092 0.14739 0.8000555 0.5815389 0.06365841 0.5785842 0.8131346 -0.003321528 0.5827879 0.8126176 -0.003816485 0.5994093 0.8004337 -0.07036918 0.586329 0.8070109 -0.07005584 0.5972461 0.7989927 -0.1371719 0.5812973 0.8020457 -0.1355695 0.5988044 0.7893379 -0.2023907 0.585622 0.7849109 -0.2014766 0.5915729 0.780672 -0.07185149 0.9841375 0.1622059 -0.08667266 0.9874157 0.1322799 -0.07162678 0.9889542 0.1297662 -0.109547 0.9842941 0.1384368 -0.1375985 0.9847564 0.1064029 -0.1068827 0.9895578 0.09670335 -0.2007706 0.9761066 0.08310878 -0.05176723 0.9765949 -0.2087647 -0.0346176 0.9905194 0.1329408 0.1968895 0.9587321 0.2051038 0.1130387 0.9824271 0.1485238 0.112945 0.9792051 0.168525 0.4010668 0.6917775 0.6004911 0.09464973 0.9795979 0.1772837 0.06048923 0.9922961 0.1081185 0.3496372 0.6844745 0.6397254 0.3843928 0.6068027 0.6957246 0.07817286 0.9804239 0.1807152 0.06068682 0.9888215 0.1361952 0.32352 0.6066179 0.7261884 0.3261255 0.5968154 0.7331122 0.06183475 0.9811963 0.1828396 0.04992002 0.9884228 0.1432776 0.2616505 0.606653 0.7506738 0.263625 0.5967328 0.7578997 0.04230964 0.9842336 0.171739 0.03686416 0.9885045 0.1466291 0.1760639 0.7138844 0.6777689 0.1970123 0.5963721 0.7781559 0.2512512 -0.006134092 0.9679026 0.0230301 0.9895054 0.1426494 0.06081593 0.9420462 0.3299248 0.1134591 0.705504 0.699565 0.1701886 0.0894609 0.9813423 0.1663787 -0.008039414 0.9860292 0.01237314 0.9876092 0.1564448 0.01837903 0.9571246 0.2890931 0.05536377 0.7876295 0.6136568 0.07996296 0.03854781 0.9960523 0.08222025 0.08210182 0.9932267 -9.77008e-4 0.9780896 0.2081822 0.002585232 0.9903419 0.1386234 -0.004069209 0.7826189 0.6224878 0.005248486 0.4609225 0.887425 -0.006329834 0.02460873 0.9996772 0.004176855 -0.3827285 0.9238514 -0.01612997 0.9827868 0.184038 -0.01665592 0.9820123 0.1880811 -0.06414049 0.6069129 0.792176 -0.0788089 0.4484079 0.890348 -0.07911336 -0.1455711 0.9861797 -0.08094865 -0.3949538 0.9151279 -0.02496749 0.9891016 0.1451026 -0.02948766 0.9855047 0.1670661 -0.0993179 0.7891904 0.6060649 -0.1377293 0.5961311 0.7909858 -0.1630176 0.03974419 0.9858223 -0.1681992 -0.148254 0.9745408 -0.3220334 -0.1455894 0.9354669 -0.4031181 -0.148203 0.9030679 -0.2785835 0.5430351 0.7921517 -0.5988138 -0.2536303 0.759667 -0.6619247 -0.2568804 0.7041791 -0.4858433 0.4609999 0.742587 -0.5579064 0.448462 0.6982997 -0.7758324 -0.3874879 0.497933 -0.81695 -0.3906311 0.4242641 -0.05844426 0.9842042 0.167112 -0.3173214 0.7466015 0.5847166 -0.374749 0.7423599 0.5553964 -0.503184 0.5819725 0.638838 -0.5614923 0.5724676 0.597501 -0.7154926 0.2604598 0.6482523 -0.770939 0.2573665 0.5825939 -0.793325 0.02488106 0.6082898 -0.8475534 0.02158701 0.5302708 -0.8582901 -0.2438846 0.4515068 -0.8924524 -0.2546868 0.3723756 -0.06907355 0.9854463 0.1553208 -0.572447 0.5505736 0.6075963 -0.6249673 0.5461959 0.5577508 -0.1012311 0.9825673 0.1559286 -0.7615544 0.4260653 0.488368 -0.8059797 0.4194093 0.4177231 -0.941028 -0.1455875 0.3054023 -0.9630582 -0.1480842 0.2249221 -0.1262102 0.9793399 0.1580014 -0.4378917 0.8063095 0.3976378 -0.4758415 0.801432 0.3623282 -0.9649661 -0.1333107 0.2259836 -0.9791388 -0.1460084 0.1413114 -0.7216925 0.6217084 0.3043658 -0.7523748 0.6118051 0.2441862 -0.9880934 0.03567004 0.1496632 -0.9980122 0.0118885 0.06189072 -0.1343571 0.9882837 0.07241243 -0.9717248 -0.1457064 -0.185797 -0.9517312 -0.1483274 -0.2687131 -0.6028819 0.796922 0.03806555 -0.6102937 0.7920697 -0.01293879 -0.7566971 -0.387767 -0.5263519 -0.7077185 -0.3905997 -0.5886989 -0.5822427 0.7973322 -0.158918 -0.5714085 0.7917317 -0.215994 -0.7822573 0.425657 -0.4548513 -0.7451314 0.4197216 -0.5182789 -0.7080417 -0.1456024 -0.690997 -0.6444109 -0.1481968 -0.7501816 -0.633398 -0.2536953 -0.731058 -0.5640318 -0.2570101 -0.7847383 -0.6433544 0.5506503 -0.5318641 -0.5975117 0.5463844 -0.5868935 -0.5902723 0.1043375 -0.8004326 -0.5094082 0.08545279 -0.8562718 -0.1162367 0.9873153 -0.1081553 -0.2304327 0.9357388 -0.2670093 -0.4022577 0.6406663 -0.654015 -0.3372789 0.6385163 -0.6917658 -0.04028362 -0.2442601 -0.9688727 0.04374533 -0.2548078 -0.9660018 0.03723567 -0.3876113 -0.9210706 0.1158185 -0.3905137 -0.9132826 -0.1052571 0.9877046 -0.1155884 -0.1923988 0.946554 -0.2588787 -0.3119192 0.5508673 -0.7741135 -0.2417843 0.546436 -0.8018404 0.1158614 -0.3877007 -0.9144749 0.193844 -0.390598 -0.899921 -0.06993347 0.9916563 -0.1082921 -0.1373857 0.9539993 -0.2664781 -0.1654834 0.6066127 -0.7775837 -0.1015417 0.5970095 -0.795782 0.1985405 -0.2730374 -0.9412929 0.2784888 -0.284056 -0.9174728 0.2690132 -0.3546128 -0.8954786 0.3465812 -0.3659968 -0.8636712 -0.1049347 0.9748762 -0.1964818 -0.1714672 0.8830188 -0.4368944 -0.1032478 0.5505298 -0.8284062 -0.03479081 0.5464149 -0.8367918 -0.03334367 0.9945323 -0.09896343 0.1097224 0.4603762 -0.8809171 0.1873592 0.4487442 -0.8737993 0.3609172 -0.1455775 -0.9211657 0.4435841 -0.1482421 -0.8838877 0.4779102 -0.3832118 -0.7904116 0.5406034 -0.3945024 -0.743045 -0.01057904 0.9905139 -0.137005 0.02001196 0.8773453 -0.4794422 0.245864 0.5243221 -0.8152529 0.3165814 0.5201129 -0.7932584 0.4176388 0.3220959 -0.849607 0.493923 0.3137835 -0.8109131 0.09963589 0.8795599 -0.4652388 0.8092095 -0.3515906 -0.4707058 0.845317 -0.3597336 -0.3950076 0.1628831 0.939536 -0.301233 0.1237134 0.9716864 -0.2012971 0.5840703 0.5760884 -0.5718253 0.6306644 0.5717651 -0.5247354 0.9090089 -0.2442473 -0.3377075 0.9316188 -0.2545129 -0.2594413 0.2193712 0.9328902 -0.2856435 0.1534749 0.9727999 -0.1735106 0.6712498 0.5761128 -0.4663881 0.7093403 0.5717715 -0.4122062 0.9518471 -0.2472639 -0.1812392 0.9597835 -0.2638508 -0.0959087 0.2046539 0.952606 -0.2250748 0.1370126 0.9814393 -0.134181 0.737495 0.5243022 -0.4256858 0.7733941 0.520157 -0.3623511 0.909464 -0.4151235 -0.02341121 0.9065323 -0.4182051 0.05747997 0.2370887 0.9533633 -0.1867821 0.1592166 0.9810229 -0.1106535 0.7823792 0.5507176 -0.2908486 0.8066993 0.5464738 -0.22495 0.9897061 0.08972728 -0.1114937 0.9965647 0.08162826 -0.01399004 0.2505528 0.9538213 -0.1656754 0.1688921 0.9808039 -0.09746491 0.8040279 0.5506275 -0.2243849 0.8226763 0.5464996 -0.1566586 0.9120942 -0.351576 0.2108989 0.8859612 -0.3598972 0.2924836 0.2714583 0.9548457 -0.1207484 0.1849665 0.9803351 -0.06878042 0.9449432 0.3217859 0.0594657 0.9387561 0.3135433 0.1429256 0.8631712 -0.3542836 0.359748 0.8246127 -0.365526 0.4317461 0.2930673 0.9547808 -0.05005168 0.2119441 0.9769042 -0.02716696 0.8090105 0.5762082 0.1161304 0.7992588 0.5717619 0.1851321 0.3273047 0.9444835 0.02868223 0.2505875 0.9672814 0.03965818 0.7849473 0.5243325 0.3300504 0.7550194 0.5199451 0.3995033 0.7994987 0.04012817 0.5993259 0.7386689 0.02464222 0.6736179 0.6656983 -0.2438251 0.7052625 0.5983719 -0.2547618 0.7596366 0.2526245 0.9635668 0.08786296 0.1936161 0.9776921 0.08143097 0.6542032 0.4840945 0.5810945 0.6024337 0.4675573 0.6468878 0.5509915 -0.1066591 0.8276668 0.477168 -0.1266496 0.8696383 0.481798 0.7981635 0.3616706 0.4520973 0.7904009 0.4133698 0.5717055 0.5506241 0.6082483 0.5192298 0.5463581 0.6571859 0.4028129 -0.1333636 0.9055142 0.3246551 -0.1457285 0.9345386 0.257238 0.952755 0.1615131 0.1490462 0.9817724 0.1179331 0.4870863 0.6235578 0.6114922 0.4367652 0.6097925 0.6613542 0.3254703 -0.1366357 0.935628 0.2424269 -0.1577635 0.9572564 -0.3101032 -0.3660501 0.8774073 -0.4033828 -0.1334353 0.9052498 -0.4767334 -0.1457266 0.8668847 -0.4718356 -0.1858093 0.8618852 -0.5464221 -0.2028158 0.8125815 -0.5103624 -0.3831694 0.7698776 -0.5725883 -0.394708 0.7185738 -0.2611035 0.6066095 0.7508994 -0.3266333 0.5967639 0.7329282 -0.6623477 -0.2537708 0.7049085 -0.7206689 -0.2569779 0.6438935 -0.6777546 -0.4080786 0.6116541 -0.7270336 -0.4170166 0.5454534 -0.3231992 0.6065782 0.7263644 -0.3898475 0.5961683 0.7018563 -0.9407234 -0.1479811 0.3051902 -0.911378 -0.1455705 0.3849669 -0.08521252 0.9845917 0.1527031 -0.7565875 0.5722 0.3164849 -0.719199 0.5820186 0.3794829 -0.5273237 0.7827637 0.3304705 -0.4909955 0.7874056 0.3727142 -0.1871501 0.9683663 0.1650502 -0.1435538 0.9772437 0.1561638 -0.1322737 0.9808529 0.1429378 -0.1073971 0.990863 0.08158665 -0.7438749 0.6229569 0.2420228 -0.76926 0.6130056 0.180176 -0.9977401 0.02461373 0.06252145 -0.9995214 0.0217064 -0.02203977 -0.977667 -0.1854904 -0.09879517 -0.9613595 -0.2024416 -0.1865618 -0.993676 0.02483606 -0.1095046 -0.9990125 0.03906142 -0.02117377 -0.7826749 0.6123811 0.1113981 -0.7615494 0.6229336 0.1788753 -0.2655102 0.9545176 0.1356488 -0.1932659 0.9728333 0.1274507 -0.1416079 0.9856776 0.09158068 -0.7556413 -0.3906086 -0.5257673 -0.7988712 -0.3877047 -0.4598804 -0.8268353 -0.2931171 -0.480027 -0.8703383 -0.2757269 -0.4080271 -0.8938143 -0.1460918 -0.4239732 -0.9294896 -0.1330825 -0.3440033 -0.9354997 0.02158492 -0.3526677 -0.963896 0.02482163 -0.2651195 -0.6092349 0.7920702 0.03817898 -0.5968791 0.7970741 0.09169715 -0.6038523 0.7969982 -0.0125094 -0.6069102 0.7924163 -0.06112772 -0.7685858 0.6234689 -0.143396 -0.7602534 0.6124644 -0.2165694 -0.6497807 0.7570618 -0.06813621 -0.6464355 0.7523147 -0.127059 -0.7488467 -0.2438403 -0.6162553 -0.6891129 -0.2547181 -0.6784115 -0.7522903 0.4965682 -0.4329889 -0.7803782 0.5082867 -0.3642178 -0.7141145 0.6127745 -0.3384495 -0.7340609 0.6235761 -0.2689005 -0.7210543 0.48171 -0.4980323 -0.6779373 0.4695421 -0.5656247 -0.4277004 -0.2336291 -0.8732067 -0.5088779 -0.2165881 -0.8331464 -0.5839428 0.5760604 -0.5719838 -0.5367656 0.5716162 -0.6205945 -0.3602964 -0.2436225 -0.9004636 -0.2789207 -0.2544294 -0.9259962 -0.1977234 -0.2634189 -0.9442013 -0.2797562 -0.2472338 -0.9276917 -0.3595448 0.08151882 -0.9295602 -0.4495888 0.08973795 -0.8887165 -0.4882207 0.5460656 -0.6807738 -0.5453751 0.5506384 -0.6319521 -0.3051242 0.9274621 -0.2161329 -0.1650215 0.9822097 -0.08962213 -0.03962004 -0.2568354 -0.9656428 -0.1229871 -0.2536134 -0.9594553 -0.1215825 -0.1481432 -0.9814639 -0.2073802 -0.1455745 -0.9673684 -0.2450329 0.9393449 -0.2399798 -0.1283504 0.9865069 -0.1016386 -0.169115 0.572266 -0.8024411 -0.2363516 0.5818617 -0.7781869 -0.2325373 0.8921869 -0.3872069 -0.1392851 0.9735728 -0.1809858 0.4714133 -0.4165484 -0.7773398 0.4035832 -0.4078463 -0.8190128 0.1140934 0.4196901 -0.9004682 0.0352239 0.4259412 -0.9040648 0.03707557 0.5463064 -0.8367644 -0.03485935 0.5505919 -0.8340464 -0.1231594 0.9028248 -0.4119941 -0.05817371 0.9891887 -0.1346165 -0.02701783 0.9915431 -0.1269347 0.1775838 0.5096197 -0.8418741 0.2527003 0.4936412 -0.8321424 0.5358161 -0.4155153 -0.7350158 0.5964098 -0.4183695 -0.6850273 -0.01933902 0.8862652 -0.4627743 -0.02213937 0.9875902 -0.155485 -0.03443872 0.976448 -0.2129867 0.002586722 0.9823815 -0.186869 0.05712342 0.8965951 -0.4391517 0.3010067 0.5761166 -0.7599242 0.3680343 0.5712738 -0.7336192 0.6450682 -0.1327751 -0.7525011 0.7073603 -0.1457334 -0.6916669 0.7187091 -0.3543682 -0.5982311 0.7666276 -0.366038 -0.52754 0.7635692 -0.1579729 -0.6261043 0.7080207 -0.1366081 -0.6928529 0.6236764 0.3135209 -0.7160534 0.5551324 0.3218638 -0.7669628 0.5354247 0.4195329 -0.7330162 0.4667734 0.4259445 -0.7750446 0.009821474 0.9939976 -0.1089611 0.03799939 0.9896867 -0.1381171 0.2058526 0.8290671 -0.5198772 0.8103865 -0.1455239 -0.5675356 0.8585573 -0.1481958 -0.4908335 0.904634 -0.2631014 -0.3352835 0.8760336 -0.2467967 -0.4143146 0.5864678 0.5715061 -0.5739656 0.5315266 0.5761973 -0.6208673 0.08887201 0.9785634 -0.1857834 0.2251101 0.7928082 -0.5663751 0.947868 -0.2631005 -0.1797903 0.9333365 -0.2473028 -0.2602391 0.7026844 0.520111 -0.4855093 0.6561623 0.5243337 -0.542702 0.1324034 0.9738005 -0.1848836 0.1803569 0.9428664 -0.2801327 0.8979783 -0.4183347 0.136496 0.9077837 -0.4154846 0.05745744 0.7850684 0.5464431 -0.2916639 0.7553177 0.5506538 -0.3553527 0.1485803 0.9812371 -0.1228728 0.2217694 0.9529637 -0.2065884 0.9621528 -0.1461788 0.2299861 0.9810079 -0.1327213 0.141452 0.9475072 0.3140606 0.05996942 0.9464927 0.3219543 -0.02229738 0.8336926 0.5460432 -0.08242332 0.8200467 0.5505267 -0.156345 0.1774277 0.9805886 -0.08345949 0.2619239 0.9543496 -0.1435714 0.2787818 0.955419 -0.09723943 0.1912112 0.9800977 -0.05335599 0.9433221 -0.1356364 0.3028964 0.9086187 -0.157944 0.3866082 0.8047243 -0.4155488 0.4239553 0.7666839 -0.418283 0.4870679 0.7388716 -0.3621522 0.5682558 0.7889952 -0.3588393 0.4987193 0.1962841 0.9798329 -0.03741717 0.2840194 0.9560049 -0.07340186 0.3585547 0.9330903 -0.02794772 0.2834018 0.9589915 -0.004323542 0.8289954 0.5243346 0.194525 0.811546 0.5201573 0.2661383 0.6893863 -0.3826467 0.6150838 0.6270251 -0.3947463 0.6715764 0.8070582 0.2854865 0.5168699 0.8494316 0.2908431 0.440314 0.7572491 0.5716866 0.3158296 0.7773804 0.5760387 0.2527042 0.2374504 0.9712846 0.01494681 0.3448796 0.9386459 -0.001397311 0.2827141 0.9580905 0.046211 0.1836407 0.9820479 0.04310607 0.5454976 -0.1572488 0.8232285 0.6166802 -0.1361287 0.7753546 0.6775102 0.5198808 0.5202922 0.7209785 0.5244764 0.4528958 0.1803748 0.9818484 0.05864101 0.2609297 0.9630154 0.0672093 0.4013862 -0.1481752 0.9038437 0.4751055 -0.1457369 0.8677762 0.4141977 0.8705222 0.2657657 0.4313209 0.8742613 0.2227773 0.1532528 0.9845649 0.08453279 0.2545666 0.9606896 0.1107766 -0.06179124 0.9820473 0.1782279 -0.04691022 0.9810048 0.1882263 -0.1573368 0.7836719 0.600919 -0.202148 0.5534773 0.8079598 -0.2552842 0.02454566 0.9665545 -0.2281704 -0.3541592 0.9069231 -0.576377 -0.8164054 0.03566455 -0.568993 -0.8215678 0.03568536 -0.5700164 -0.8215547 -0.01137125 -0.5816127 -0.8133713 -0.01241308 -0.5829855 -0.8099722 -0.06382083 -0.5463917 -0.835529 -0.05785727 -0.5471456 -0.8305178 -0.1042686 -0.5477644 -0.8300908 -0.1044204 -0.5376513 -0.829806 -0.1495103 -0.5517477 -0.819581 -0.1544713 -0.5382208 -0.8187232 -0.2000268 -0.5299755 -0.8246745 -0.1975805 -0.5178738 -0.8194715 -0.2455062 -0.4924637 -0.8389154 -0.2317339 -0.4794819 -0.8323993 -0.2778639 -0.4666878 -0.8423416 -0.2695609 -0.4432715 -0.8416749 -0.3083727 -0.4458106 -0.8395973 -0.3103697 -0.4205716 -0.8379771 -0.3477268 -0.4260101 -0.8335216 -0.3517915 -0.3997189 -0.8286973 -0.3917727 -0.398324 -0.8300958 -0.3902298 -0.3640381 -0.8297621 -0.42305 -0.3805208 -0.8109593 -0.4444651 -0.3470392 -0.8092185 -0.4740563 -0.3424784 -0.8143597 -0.4685369 -0.3026331 -0.8085991 -0.5045601 -0.2939397 -0.8217389 -0.4882057 -0.2589234 -0.8139443 -0.5200515 -0.2622097 -0.8075864 -0.5282522 -0.2157044 -0.8084911 -0.5475527 -0.2063382 -0.8303092 -0.5176981 -0.1617647 -0.8267028 -0.5388829 -0.1574545 -0.8388789 -0.5210475 -0.1152874 -0.8325579 -0.5418084 -0.1163104 -0.8278997 -0.5486838 -0.07064247 -0.8267301 -0.5581462 -0.06754708 -0.8378742 -0.5416679 -0.02265483 -0.8351255 -0.5495928 -0.02347272 -0.8298271 -0.5575268 0.02484536 -0.8242295 -0.5657106 0.02218466 -0.8423429 -0.5384852 0.06794589 -0.8416931 -0.5356642 0.06775957 -0.8423521 -0.534651 0.1116989 -0.8416815 -0.528295 0.1185305 -0.8245024 -0.553305 0.1661666 -0.8208755 -0.5463994 0.1543455 -0.843742 -0.5140787 0.2001028 -0.8382838 -0.5071876 0.2067525 -0.8279036 -0.5213721 0.2500221 -0.8267381 -0.5039772 0.2420045 -0.8403378 -0.4850426 0.2848769 -0.8358969 -0.4691711 0.2944304 -0.8245271 -0.4831832 0.339213 -0.8171206 -0.4660993 0.3351647 -0.8215315 -0.4612489 0.3712594 -0.8220177 -0.4318024 0.3692955 -0.8239291 -0.4298393 0.4088202 -0.8209193 -0.3986949 0.3994024 -0.8294439 -0.3905134 0.4382327 -0.8233293 -0.3606675 0.4134867 -0.8437238 -0.3422848 0.4473001 -0.838321 -0.3116739 0.4694368 -0.8209288 -0.325123 0.4946423 -0.821179 -0.2845948 0.506888 -0.8115453 -0.2906181 0.5331144 -0.8081569 -0.250343 0.4908645 -0.8392082 -0.2340551 0.5193154 -0.8325073 -0.1929843 0.5192018 -0.83258 -0.192977 0.5374453 -0.8300055 -0.1491426 0.5292711 -0.835564 -0.1473259 0.5473074 -0.8304657 -0.1038332 0.5346044 -0.8389085 -0.1021305 0.5506079 -0.8326871 -0.05884957 0.5670074 -0.8215621 -0.05948436 0.5701031 -0.821511 -0.01012152 0.5815664 -0.8134405 -0.009763062 0.5833824 -0.8114102 0.03575754 0.5651342 -0.8242205 0.03583228 0.5677622 -0.8190507 0.08247494 0.5634909 -0.8220344 0.08208262 0.5624026 -0.8160028 0.1335771 0.5291114 -0.8394843 0.1237232 0.5198957 -0.8374299 0.1685813 0.5280613 -0.8316416 0.1718243 0.5184731 -0.8264237 0.2195671 0.5095314 -0.8330993 0.215229 0.4955272 -0.8289105 0.2595387 0.4850582 -0.8369888 0.2533146 0.4623372 -0.8366413 0.2937273 0.4551883 -0.8423321 0.2885832 0.4315696 -0.841767 0.3243086 0.4652068 -0.8114871 0.3536545 0.4368759 -0.8071919 0.3969646 0.3990096 -0.843725 0.3590536 0.3735079 -0.8382872 0.3971983 0.3790912 -0.8325827 0.4038516 0.3461163 -0.830059 0.4372707 0.3466473 -0.8294355 0.4380325 0.31343 -0.8234605 0.4729424 0.3066796 -0.8325301 0.4613472 0.2716209 -0.8252313 0.4951924 0.2709426 -0.8262868 0.493802 0.2293962 -0.826284 0.5144241 0.2411426 -0.8019102 0.5466173 0.1971037 -0.7979909 0.5695268 0.1845123 -0.8328541 0.5218328 0.1406609 -0.8253828 0.5467705 0.1416806 -0.821552 0.5522491 0.09485882 -0.8215526 0.562186 0.09485715 -0.8215773 0.5621505 0.04827296 -0.8215883 0.5680337 0.04868352 -0.8019335 0.5954266 -0.002454936 -0.7975579 0.6032375 6.63413e-4 -0.8327234 0.553689 -0.04673463 -0.8258205 0.5619934 -0.0466293 -0.8262872 0.5613157 -0.09258723 -0.826277 0.5556024 -0.09764069 -0.8115239 0.5761036 -0.1493692 -0.8071874 0.5710843 -0.1333364 -0.8437448 0.5199192 -0.1786762 -0.8383107 0.5150825 -0.1847348 -0.8279147 0.5295569 -0.2286244 -0.8267709 0.5139852 -0.2291533 -0.8256819 0.515498 -0.2761193 -0.8215725 0.4987754 -0.2651396 -0.8355006 0.4812898 -0.3090909 -0.8303849 0.4635987 -0.2969499 -0.8436773 0.4472467 -0.3387544 -0.8381797 0.4274347 -0.365189 -0.8109604 0.4571435 -0.401588 -0.8091187 0.4290154 -0.3909752 -0.821052 0.4159474 -0.4292948 -0.8161193 0.386853 -0.4233006 -0.8221412 0.380658 -0.4602024 -0.8157303 0.3504254 -0.453244 -0.8215088 0.3459669 -0.4824196 -0.8215013 0.303985 -0.4552278 -0.8422839 0.2886618 -0.4782988 -0.841661 0.2506732 -0.4942102 -0.8302024 0.2579156 -0.5186542 -0.8267877 0.2177616 -0.5140671 -0.8300724 0.2161364 -0.5307824 -0.8298296 0.1722001 -0.5303524 -0.8301233 0.1721096 -0.5432136 -0.8298172 0.1277592 -0.5548973 -0.8217449 0.12971 -0.5692021 -0.8179429 0.0835368 -0.5596378 -0.8245936 0.08277112 -0.2977735 -0.4244909 0.8550664 -0.3170961 -0.304434 0.8982038 -0.3864011 -0.3162074 0.8664336 -0.3853703 -0.32197 0.8647688 -0.4539734 -0.3339202 0.8260784 -0.434967 -0.4143803 0.7994328 -0.503155 -0.4174139 0.7567039 -0.503336 -0.4167383 0.7569559 -0.559121 -0.42415 0.7123768 -0.725412 -0.4206444 0.5448265 -0.7665513 -0.4197124 0.4860458 -0.8016995 -0.3209344 0.504261 -0.8368375 -0.3292235 0.4373955 -0.8448743 -0.3039363 0.4402388 -0.8747705 -0.3161844 0.3671568 -0.8344954 -0.4206575 0.3559002 -0.8633409 -0.4197116 0.2801513 -0.9053173 -0.3105294 0.2897794 -0.9225942 -0.319429 0.2162986 -0.924327 -0.3142683 0.2164605 -0.9352518 -0.3260834 0.1377452 -0.8989576 -0.4161316 0.136784 -0.9036121 -0.424587 0.05666697 -0.9054919 -0.4205662 0.05664408 -0.9074565 -0.4196995 -0.01936858 -0.9468253 -0.3208783 -0.02364814 -0.9390796 -0.3291956 -0.09879177 -0.947342 -0.3039302 -0.1008441 -0.9317905 -0.3161949 -0.1782902 -0.8920468 -0.4205998 -0.1653732 -0.8741502 -0.4197862 -0.2442152 -0.9163535 -0.3043743 -0.2601011 -0.8890613 -0.3161998 -0.3310403 -0.8887199 -0.3173607 -0.3308461 -0.8532063 -0.3328829 -0.4015321 -0.8244426 -0.4161543 -0.3835496 -0.78406 -0.4244155 -0.4529036 -0.7855002 -0.4206827 -0.4538894 -0.7452353 -0.4197189 -0.5181318 -0.7772489 -0.3148185 -0.5447694 -0.7281641 -0.3260408 -0.6028885 -0.732456 -0.3071429 -0.607595 -0.6760711 -0.3229845 -0.6622757 -0.651483 -0.4206195 -0.6313866 -0.5962375 -0.4198769 -0.6842545 -0.5523818 -0.3185093 -0.7703416 -0.4937235 -0.3318109 -0.8038275 -0.343717 -0.3151554 -0.8846105 -0.2728984 -0.3260409 -0.90511 -0.2738332 -0.3071423 -0.9114159 -0.1968548 -0.3228981 -0.9257348 -0.1937717 -0.4144585 -0.8892002 -0.1135997 -0.4174484 -0.9015719 -0.1135996 -0.4166679 -0.901933 -0.03962272 -0.4243402 -0.9046355 0.04200363 -0.3103293 -0.9497008 0.1191281 -0.3194372 -0.9400896 0.1090175 -0.4206359 -0.9006558 0.1872237 -0.419803 -0.888095 0.2763361 -0.317794 -0.9069979 0.3470515 -0.3328561 -0.8767908 0.331321 -0.4143171 -0.8476839 0.4043467 -0.4173434 -0.8138356 0.4044657 -0.4167051 -0.8141034 0.4650236 -0.4240289 -0.7771438 0.5966354 -0.4206497 -0.6834327 0.6485942 -0.4197444 -0.6349333 0.6833974 -0.304478 -0.6635218 0.7312274 -0.3162258 -0.604407 0.7308948 -0.3173432 -0.6042236 0.772432 -0.3321824 -0.5412983 0.8601886 -0.318537 -0.3982585 0.8838745 -0.3329314 -0.3285157 0.8914867 -0.3102102 -0.3301838 0.912734 -0.3193988 -0.254757 0.8753505 -0.4143342 -0.2491763 0.8927377 -0.4172844 -0.1699802 0.8929238 -0.4168758 -0.1700048 0.9004442 -0.4245915 -0.09445881 0.9422761 -0.3210207 -0.09519279 0.9441015 -0.3286907 -0.02519845 0.9250071 -0.3103339 0.2192144 0.9011163 -0.3194325 0.2931762 0.8642573 -0.4206581 0.2758733 0.8372968 -0.4197365 0.3503647 0.8012868 -0.3103305 0.5115023 0.754765 -0.3193944 0.5729897 0.7277361 -0.4142891 0.5465939 0.6751289 -0.4173179 0.6083147 0.7043028 -0.3078244 0.6396888 0.6477149 -0.3230186 0.6900178 0.6482063 -0.32052 0.6907211 0.5864697 -0.329195 0.7400568 0.5684306 -0.414373 0.7107614 0.5026412 -0.417332 0.7570905 0.5027922 -0.4167656 0.7573021 0.4375296 -0.4244318 0.792733 0.2945382 -0.4171503 0.8597866 0.2249929 -0.4244475 0.8770533 0.2323469 -0.3106096 0.9217032 0.1576606 -0.3194544 0.934394 0.1576598 -0.3205383 0.9340228 0.08277654 -0.328816 0.9407593 -0.1610321 -0.304145 0.9389167 -0.2363089 -0.3162252 0.9187817 -0.2216252 -0.4160549 0.8819188 -0.03622782 -0.2186327 -0.9751346 0.03962039 -0.2363741 -0.9708541 0.2079471 -0.2094406 -0.9554542 0.2802933 -0.2215703 -0.9339927 0.9647263 -0.2185842 0.1467115 0.9462306 -0.2363865 0.2208374 0.8995624 -0.2094799 0.3832828 0.8638334 -0.2219494 0.4522503 0.8636448 -0.2230015 0.4520929 0.8221626 -0.2304592 0.5205165 0.4654455 -0.2234678 0.856401 0.3996639 -0.230201 0.887286 -0.08389371 -0.2232214 0.9711509 -0.1612329 -0.2305006 0.9596215 0.8167691 -0.1289211 -0.5623769 0.8570611 -0.1335965 -0.4975927 0.07840526 -0.1031894 0.9915667 -1.97918e-4 -0.2083984 0.978044 -0.003262519 -0.1456216 0.9893351 -0.08188724 -0.1457575 0.9859257 -0.6239696 -0.03212064 0.7807882 -0.6840909 -0.04260003 0.7281517 -0.6846032 -0.03407251 0.7281191 -0.7416416 -0.05738991 0.6683369 -0.7430986 -0.03407144 0.6683141 -0.7930842 -0.05653744 0.6064826 -0.6500529 -0.03167289 -0.7592287 -0.5899949 -0.04173165 -0.8063279 -0.5136657 -0.03528678 -0.8572645 -0.443837 -0.05757439 -0.8942561 -0.4436844 -0.0451107 -0.8950471 -0.3708811 -0.04537713 -0.9275711 0.5211647 -0.03550499 -0.8527173 0.5868505 -0.05795484 -0.8076185 0.5876632 -0.04511761 -0.8078469 0.6502129 -0.04540085 -0.7583943 0.86643 -0.03136581 -0.4983125 0.9025997 -0.04169064 -0.4284574 0.9993656 -0.03170073 -0.01623362 0.997119 -0.04228812 0.0629732 0.9974129 -0.03399837 0.06333822 0.9879438 -0.05702716 0.143927 0.4035776 -0.03152048 0.9144023 0.3316574 -0.04164916 0.9424801 -0.2491219 0.1641943 0.954452 -0.3218601 0.1637529 0.9325187 -0.4782941 0.1639804 0.8627545 -0.5461134 0.1634634 0.8216081 -0.5462942 0.1641147 0.821358 -0.6127298 0.1635949 0.7731747 -0.7863322 0.1640304 0.5956305 -0.8316802 0.1636474 0.5305917 -0.9108837 0.1641002 0.3786321 -0.9374035 0.1636143 0.307417 -0.9763742 0.1640824 0.1406072 -0.984609 0.1635582 0.06159555 -0.9845294 0.1640482 0.06156474 -0.9863854 0.1634241 -0.01833969 -0.9682278 0.1640666 -0.1887254 -0.9509115 0.1635076 -0.2627404 -0.8910319 0.1641921 -0.4232058 -0.8541471 0.1636642 -0.4936059 -0.8541468 0.1640453 -0.49348 -0.8114094 0.1635569 -0.5611274 -0.7020325 0.1640468 -0.6929929 -0.644654 0.1636168 -0.7467602 -0.2012367 0.1640748 -0.9657036 -0.1232917 0.1635808 -0.9787954 -0.1232786 0.1641277 -0.9787055 -0.04302293 0.1636262 -0.9855839 0.1275616 0.1640798 -0.9781646 0.2032898 0.1635481 -0.9653628 0.3664281 0.1642211 -0.9158394 0.4389553 0.1637632 -0.8834592 0.4388799 0.1641489 -0.8834249 0.5110471 0.1636737 -0.8438256 0.6452457 0.1640805 -0.7461471 0.7029453 0.1635831 -0.6921766 0.951139 0.1641164 -0.2615348 0.9691066 0.1636471 -0.1845322 0.9690269 0.1641842 -0.1844739 0.9808484 0.163776 -0.1054224 0.9369535 0.1640279 0.3085663 0.9101598 0.1635827 0.3805916 0.7833453 0.1640459 0.5995491 0.7349628 0.1636443 0.6580655 0.6099175 0.1640806 0.7752923 0.5455943 0.1635869 0.8219284 0.5455799 0.1640912 0.8218374 0.4767711 0.163636 0.8636623 0.323526 0.1640685 0.9318865 0.2479168 0.1636412 0.9548607 -0.7372782 -0.6526127 0.1746931 -0.1705504 -0.9833796 0.06226873 0 -0.9999998 6.61375e-4 -0.1243147 -0.99122 0.04504281 -0.8915253 -0.06886351 0.4477058 0.1094156 -0.9243463 -0.3655301 0.0138632 -0.9967731 -0.07906419 0 -1 0 0.02314537 -0.9912148 -0.130221 0.05803388 -0.06915938 -0.9959163 0.006452977 -0.9778643 -0.2091407 -0.01249426 -0.9798532 -0.1993286 0 -1 3.81686e-4 0 -0.9999993 0.00123012 -0.03289157 -0.9816426 -0.1878728 -0.2028623 -0.7067611 -0.6777431 -0.2060215 -0.6954239 -0.6884337 -0.1056531 -0.963824 -0.2447056 -0.07693177 -0.9807396 -0.179531 -0.002303242 -0.9999865 -0.004664421 -0.02805894 -0.9984372 -0.04833048 -0.3869757 -0.9001052 0.2001516 -0.3444353 -0.910531 0.2286872 -0.001721084 -0.999998 0.001069068 -0.2761455 -0.9334573 0.2289132 -0.004295945 -0.9999832 0.003912329 -0.01120346 -0.9998655 0.01197993 -0.014642 -0.9997708 0.01562297 -0.004410326 -0.9999728 0.005923211 -0.1870877 -0.928283 0.3213857 -0.1925108 -0.8794736 0.435277 -0.385913 -0.2248991 0.894702 -0.04070127 -0.9898149 0.1364179 0 -0.9999985 0.001775801 -0.0483129 -0.9858064 0.1607846 -0.1459051 -0.5427236 0.8271414 0.1538324 -0.4645947 0.8720594 0.04613095 -0.9870618 0.1535609 0 -0.9999983 0.001836955 0.001027822 -0.9999936 0.003464341 0.01089745 -0.9996123 0.02562481 0.6783893 -0.4645143 -0.5692226 0.109948 -0.9870591 -0.116729 0 -0.9999984 -0.001838207 0.002488255 -0.9999935 -0.00262469 0.01656049 -0.9996263 -0.02174788 0.05453592 -0.3506329 0.9349238 0.01970708 -0.9454659 0.3251246 0.09385365 -0.830339 0.5492985 0.80498 -0.4344921 0.4040095 0.05305099 -0.9984068 0.01922345 0 -0.9999999 6.17284e-4 0.1791113 -0.9816505 0.06543284 0.6883592 -0.7068009 0.1630775 0.008166015 -0.9999029 -0.01129531 0.004837572 -0.9999527 -0.008431673 0 -1 3.58439e-4 0 -0.9999997 -7.71307e-4 0.1103672 -0.9607143 -0.2546511 0.1989483 -0.7129206 -0.6724314 -0.1854789 -0.927951 -0.3232716 -0.2963931 -0.869901 -0.3942376 -0.01773196 -0.9995625 -0.02367502 -0.002402603 -0.999994 -0.00253582 0 -0.9999985 -0.001779317 -0.1151349 -0.9857976 -0.1222579 -0.6434007 -0.5427158 -0.539903 -0.8322371 -0.4643061 -0.3029875 -0.1560698 -0.9870581 -0.03686022 0 -0.9999999 4.59559e-4 -0.144712 -0.9888748 -0.03442502 -0.9414021 -0.3188313 -0.1100391 -0.4988153 -0.8650013 -0.05437099 -0.3516499 -0.9361309 0.001161634 0 -1 9.65251e-5 -0.2758231 -0.9606834 0.03176766 -0.6518251 -0.7426424 0.1536434 -0.04306876 -0.9622985 0.2685647 -0.01107394 -0.9878295 0.1551468 -0.05784016 -0.09729236 0.9935737 8.72191e-4 -0.9987839 0.04929572 0.1021783 -0.9653751 0.2400223 0.08464843 -0.9857406 0.1454308 0.1653616 -0.9607177 0.2228834 0.4588331 -0.7427855 0.4875879 0.5199086 -0.6525148 0.551289 0.1392049 -0.9833745 0.1166047 0 -0.9999992 -0.001318335 0.1011868 -0.9912212 0.08509975 0.8335452 -0.06886583 0.5481424 0.1778792 -0.9778695 0.1101384 0.1787925 -0.9795321 0.09246689 0.3286808 -0.9414798 0.0747314 0.1264177 -0.9918662 0.01483452 0.1945524 -0.9806311 0.02262991 0.005195677 -0.9999865 3.2956e-4 0.05609494 -0.9984254 0 -0.4559163 -0.8050123 -0.3795994 -0.2537907 -0.9528969 -0.1660656 0 -1 2.65957e-4 0 -1 -4.96056e-5 -0.2850763 -0.9476291 -0.1439815 -0.5225917 -0.8303773 -0.1933168 0.3727201 -0.9279434 9.54539e-4 0.4906815 -0.8692594 -0.06016361 0 -1 -1.17847e-5 0 -1 -1.28548e-5 0 -1 4.4484e-4 0.1634642 -0.9857946 -0.03858131 0.78936 -0.5425274 -0.2873583 0.5567561 -0.8049701 -0.2050511 0.2723118 -0.9523813 -0.1371725 0.0918622 -0.9947224 -0.04570537 0.01549714 -0.9998473 -0.008077383 0.6314659 -0.655119 -0.4148133 0.2712582 -0.9456766 -0.1792063 0.4287213 -0.8303782 -0.3559074 0.05814194 0.008718729 -0.9982703 0.1736407 0.00871855 -0.9847705 0.1736431 0.008711516 -0.9847702 0.2867902 0.008709728 -0.9579539 0.2867915 0.008712828 -0.9579535 0.3960658 0.008709788 -0.9181809 0.3960675 0.008725941 -0.9181799 0.4999835 0.008727371 -0.865991 0.4999816 0.008715927 -0.8659923 0.5971309 0.008713245 -0.8020966 0.5971395 0.008713364 -0.8020901 0.6862109 0.008713245 -0.7273505 0.6862178 0.008706927 -0.727344 0.7660113 0.008713245 -0.642768 0.7660205 0.00870949 -0.6427572 0.8354538 0.008713304 -0.5494917 0.8354552 0.00871104 -0.5494897 0.8935984 0.008720338 -0.4487829 0.8936002 0.008701324 -0.4487794 0.9396582 0.008706331 -0.3420041 0.9396578 0.008707463 -0.3420053 0.9730075 0.008706331 -0.2306093 0.9730084 0.00871849 -0.2306051 0.9932008 0.008706331 -0.1160885 0.9932007 0.00870198 -0.1160888 0.9999623 0.008692324 0 0.999962 0.008722603 0 0.9932006 0.008692324 0.1160902 0.9932007 0.008720099 0.1160876 0.9730075 0.008706331 0.2306094 0.9730085 0.008717119 0.2306044 0.9396582 0.008720338 0.3420039 0.9396575 0.008695304 0.3420062 0.8936011 0.008720338 0.4487775 0.8935987 0.008704841 0.4487823 0.8354562 0.008713245 0.549488 0.8354548 0.008708119 0.5494903 0.7660117 0.008713245 0.6427677 0.7660199 0.008710741 0.6427578 0.68621 0.008713245 0.7273513 0.6862207 0.008704364 0.7273414 0.5971309 0.008709728 0.8020966 0.5971411 0.008715689 0.802089 0.4999782 0.008716762 0.8659942 0.4999851 0.008726716 0.8659901 0.3960592 0.008725404 0.9181836 0.3960725 0.008711099 0.918178 0.2867886 0.008711457 0.9579543 0.2867931 0.008711397 0.957953 0.1736425 0.008711159 0.9847703 0.1736409 0.008718848 0.9847705 0.05814027 0.00871849 0.9982704 0.05814331 0.008720576 0.9982702 -0.058142 0.008720397 0.9982703 -0.05814194 0.008718729 0.9982703 -0.1736407 0.00871855 0.9847705 -0.1736431 0.008711516 0.9847702 -0.2867902 0.008709728 0.9579539 -0.2867915 0.008712828 0.9579535 -0.3960658 0.008709788 0.9181809 -0.3960675 0.008725941 0.9181799 -0.4999835 0.008727371 0.865991 -0.4999816 0.008715927 0.8659923 -0.5971309 0.008713245 0.8020966 -0.5971395 0.008713364 0.8020901 -0.6862109 0.008713245 0.7273505 -0.6862178 0.008706927 0.727344 -0.7660113 0.008713245 0.642768 -0.7660205 0.00870949 0.6427572 -0.8354538 0.008713304 0.5494917 -0.8354552 0.00871104 0.5494897 -0.8935984 0.008720338 0.4487829 -0.8936002 0.008701324 0.4487794 -0.9396582 0.008706331 0.3420041 -0.9396578 0.008707463 0.3420053 -0.9730075 0.008706331 0.2306093 -0.9730084 0.00871849 0.2306051 -0.9932008 0.008706331 0.1160885 -0.9932007 0.00870198 0.1160888 -0.9999623 0.008692324 0 -0.999962 0.008722603 0 -0.9932006 0.008692324 -0.1160902 -0.9932007 0.008720099 -0.1160876 -0.9730075 0.008706331 -0.2306094 -0.9730085 0.008717119 -0.2306044 -0.9396582 0.008720338 -0.3420039 -0.9396575 0.008695304 -0.3420062 -0.8935986 0.008706331 -0.4487828 -0.8935992 0.008720576 -0.4487812 -0.835454 0.008720278 -0.5494913 -0.8354548 0.008708119 -0.5494903 -0.7660117 0.008713245 -0.6427677 -0.7660199 0.008710741 -0.6427578 -0.68621 0.008713245 -0.7273513 -0.6862207 0.008704364 -0.7273414 -0.5971309 0.008709728 -0.8020966 -0.5971411 0.008715689 -0.802089 -0.4999782 0.008716762 -0.8659942 -0.4999851 0.008726716 -0.8659901 -0.3960592 0.008725404 -0.9181836 -0.3960725 0.008711099 -0.918178 -0.2867886 0.008711457 -0.9579543 -0.2867931 0.008711397 -0.957953 -0.1736425 0.008711159 -0.9847703 -0.1736409 0.008718848 -0.9847705 -0.05814027 0.00871849 -0.9982704 -0.05814331 0.008720576 -0.9982702 0.058142 0.008720397 -0.9982703 0 1 0 0 1 -2.57974e-7 0 1 -2.41189e-7 0 1 0 0 1 1.67497e-7 0 1 6.07551e-7 0 1 0 0 1 2.43141e-7 0 1 2.1158e-7 2.68905e-7 1 0 2.02574e-7 1 0 1.54684e-7 1 0 7.69089e-7 1 0 5.15068e-7 1 -2.37859e-7 3.65383e-7 1 -1.72236e-7 7.08147e-6 1 0 2.45534e-6 1 1.15741e-6 1.26167e-6 1 5.82639e-7 5.77286e-6 1 0 3.84544e-7 1 0 7.58544e-7 1 -2.33056e-6 1.7316e-6 1 -4.62955e-6 0 1 4.20021e-6 0 1 -2.75577e-6 2.05399e-7 1 -9.51444e-7 0 1 0 0 1 6.79365e-7 0 1 8.31811e-7 0 1 2.99159e-6 0 1 -2.11579e-7 0 1 0 0 1 0 0 1 1.67076e-6 0 1 -2.84744e-6 0 1 3.63968e-6 0 1 6.02974e-7 0 1 -3.16019e-6 0 1 0 0 1 -2.85104e-7 0 1 0 0 1 -3.01196e-6 0 1 0 0 1 2.67834e-7 0 1 0 0 1 2.29044e-6 0 1 -4.67437e-7 0 1 -1.60193e-6 0 1 1.6557e-6 0 1 -1.04955e-6 0 1 0 0 1 0 0 1 0</float_array>
          <technique_common>
            <accessor source="#eSeries_UR10e_043-mesh-normals-array" count="2323" stride="3">
              <param name="X" type="float"/>
              <param name="Y" type="float"/>
              <param name="Z" type="float"/>
            </accessor>
          </technique_common>
        </source>
        <vertices id="eSeries_UR10e_043-mesh-vertices">
          <input semantic="POSITION" source="#eSeries_UR10e_043-mesh-positions"/>
        </vertices>
        <triangles material="Black-material" count="2335">
          <input semantic="VERTEX" source="#eSeries_UR10e_043-mesh-vertices" offset="0"/>
          <input semantic="NORMAL" source="#eSeries_UR10e_043-mesh-normals" offset="1"/>
          <p>1 0 74 0 75 0 31 1 82 1 34 1 2 2 1 2 75 2 2 3 75 3 76 3 3 4 2 4 76 4 3 5 76 5 77 5 30 6 83 6 84 6 84 7 83 7 85 7 84 8 85 8 86 8 36 9 35 9 87 9 36 10 87 10 88 10 37 11 38 11 89 11 37 12 89 12 90 12 90 13 89 13 91 13 28 14 29 14 92 14 92 15 29 15 93 15 40 16 39 16 94 16 40 17 94 17 95 17 41 18 42 18 96 18 41 19 96 19 97 19 44 20 43 20 98 20 44 21 98 21 99 21 99 22 98 22 100 22 45 23 46 23 101 23 45 24 101 24 102 24 47 25 27 25 103 25 47 26 103 26 104 26 49 27 48 27 105 27 105 28 48 28 106 28 51 29 50 29 107 29 51 30 107 30 108 30 53 31 52 31 109 31 53 32 109 32 110 32 54 33 55 33 111 33 111 34 55 34 112 34 56 35 26 35 113 35 56 36 113 36 114 36 57 37 58 37 115 37 57 38 115 38 116 38 59 39 25 39 117 39 59 40 117 40 118 40 61 41 60 41 119 41 119 42 60 42 120 42 63 43 62 43 121 43 121 44 62 44 122 44 82 45 31 45 81 45 81 46 31 46 80 46 83 47 34 47 82 47 83 48 82 48 85 48 35 49 30 49 84 49 35 50 84 50 87 50 87 51 84 51 86 51 88 52 91 52 89 52 88 53 89 53 36 53 36 54 89 54 38 54 90 55 93 55 29 55 90 56 29 56 37 56 92 57 94 57 39 57 92 58 39 58 28 58 95 59 96 59 42 59 95 60 42 60 40 60 97 61 100 61 98 61 97 62 98 62 41 62 41 63 98 63 43 63 99 64 101 64 46 64 99 65 46 65 44 65 102 66 103 66 45 66 45 67 103 67 27 67 104 68 106 68 47 68 47 69 106 69 48 69 105 70 107 70 50 70 105 71 50 71 49 71 108 72 109 72 51 72 51 73 109 73 52 73 110 74 112 74 55 74 110 75 55 75 53 75 111 76 113 76 26 76 111 77 26 77 54 77 114 78 115 78 56 78 56 79 115 79 58 79 116 80 117 80 25 80 116 81 25 81 57 81 118 82 120 82 60 82 118 83 60 83 59 83 119 84 122 84 62 84 119 85 62 85 61 85 24 86 63 86 121 86 24 87 121 87 123 87 23 88 24 88 124 88 124 89 24 89 123 89 77 90 23 90 124 90 77 91 124 91 3 91 73 92 74 92 0 92 0 93 74 93 1 93 72 94 73 94 125 94 125 95 73 95 0 95 5 96 72 96 126 96 126 97 72 97 125 97 4 98 5 98 127 98 127 99 5 99 126 99 64 100 4 100 128 100 128 101 4 101 127 101 65 102 64 102 129 102 129 103 64 103 128 103 66 104 21 104 130 104 130 105 21 105 22 105 22 106 65 106 131 106 131 107 65 107 129 107 20 108 66 108 132 108 132 109 66 109 130 109 130 110 22 110 133 110 133 111 22 111 131 111 19 112 20 112 134 112 134 113 20 113 132 113 18 114 19 114 135 114 135 115 19 115 134 115 67 116 18 116 136 116 136 117 18 117 135 117 68 118 16 118 137 118 137 119 16 119 17 119 17 120 67 120 138 120 138 121 67 121 136 121 137 122 17 122 139 122 139 123 17 123 138 123 15 124 68 124 140 124 140 125 68 125 137 125 14 126 15 126 142 126 142 127 15 127 140 127 140 128 137 128 141 128 141 129 137 129 139 129 69 130 14 130 143 130 143 131 14 131 142 131 13 132 69 132 144 132 144 133 69 133 143 133 11 134 12 134 145 134 145 135 12 135 13 135 145 136 13 136 146 136 146 137 13 137 144 137 70 138 11 138 147 138 147 139 11 139 145 139 71 140 9 140 148 140 148 141 9 141 10 141 10 142 70 142 149 142 149 143 70 143 147 143 148 144 10 144 150 144 150 145 10 145 149 145 8 146 71 146 151 146 151 147 71 147 148 147 7 148 8 148 152 148 152 149 8 149 151 149 32 150 33 150 79 150 79 151 33 151 6 151 6 152 7 152 153 152 153 153 7 153 152 153 31 154 32 154 80 154 80 155 32 155 79 155 79 156 6 156 78 156 78 157 6 157 153 157 358 158 63 158 364 158 364 159 63 159 24 159 364 160 24 160 154 160 154 161 24 161 23 161 154 162 23 162 365 162 365 163 23 163 77 163 365 164 77 164 76 164 365 165 76 165 155 165 155 166 76 166 156 166 156 167 76 167 75 167 156 168 75 168 373 168 373 169 75 169 74 169 373 170 74 170 157 170 157 171 74 171 73 171 157 172 73 172 158 172 158 173 73 173 72 173 158 174 72 174 383 174 383 175 72 175 5 175 383 176 5 176 4 176 383 177 4 177 159 177 159 178 4 178 384 178 384 179 4 179 64 179 384 180 64 180 393 180 393 181 64 181 65 181 393 182 65 182 22 182 393 183 22 183 394 183 394 184 22 184 395 184 395 185 22 185 21 185 395 186 21 186 396 186 396 187 21 187 66 187 396 188 66 188 403 188 403 189 66 189 20 189 403 190 20 190 404 190 404 191 20 191 19 191 404 192 19 192 160 192 160 193 19 193 18 193 160 194 18 194 405 194 405 195 18 195 67 195 405 196 67 196 161 196 161 197 67 197 17 197 161 198 17 198 412 198 412 199 17 199 16 199 412 200 16 200 419 200 419 201 16 201 68 201 419 202 68 202 15 202 419 203 15 203 162 203 162 204 15 204 14 204 162 205 14 205 420 205 420 206 14 206 421 206 421 207 14 207 69 207 421 208 69 208 163 208 163 209 69 209 13 209 163 210 13 210 428 210 428 211 13 211 12 211 428 212 12 212 164 212 164 213 12 213 11 213 164 214 11 214 262 214 262 215 11 215 70 215 262 216 70 216 10 216 262 217 10 217 433 217 433 218 10 218 165 218 165 219 10 219 9 219 165 220 9 220 269 220 269 221 9 221 71 221 269 222 71 222 272 222 272 223 71 223 8 223 272 224 8 224 435 224 435 225 8 225 7 225 435 226 7 226 166 226 166 227 7 227 6 227 166 228 6 228 273 228 273 229 6 229 33 229 273 230 33 230 275 230 275 231 33 231 32 231 275 232 32 232 276 232 276 233 32 233 31 233 276 234 31 234 280 234 280 235 31 235 34 235 280 236 34 236 167 236 167 237 34 237 83 237 167 238 83 238 281 238 281 239 83 239 30 239 281 240 30 240 286 240 286 241 30 241 35 241 286 242 35 242 168 242 168 243 35 243 36 243 168 244 36 244 287 244 287 245 36 245 38 245 287 246 38 246 169 246 169 247 38 247 37 247 169 248 37 248 170 248 170 249 37 249 29 249 170 250 29 250 28 250 170 251 28 251 294 251 294 252 28 252 39 252 294 253 39 253 171 253 171 254 39 254 172 254 172 255 39 255 40 255 172 256 40 256 296 256 296 257 40 257 42 257 296 258 42 258 41 258 296 259 41 259 307 259 307 260 41 260 303 260 303 261 41 261 43 261 303 262 43 262 308 262 308 263 43 263 44 263 308 264 44 264 46 264 308 265 46 265 309 265 309 266 46 266 310 266 310 267 46 267 45 267 310 268 45 268 316 268 316 269 45 269 27 269 316 270 27 270 173 270 173 271 27 271 47 271 173 272 47 272 317 272 317 273 47 273 48 273 317 274 48 274 322 274 322 275 48 275 49 275 322 276 49 276 174 276 174 277 49 277 50 277 174 278 50 278 323 278 323 279 50 279 51 279 323 280 51 280 175 280 175 281 51 281 52 281 175 282 52 282 176 282 176 283 52 283 53 283 176 284 53 284 330 284 330 285 53 285 55 285 330 286 55 286 54 286 330 287 54 287 177 287 177 288 54 288 178 288 178 289 54 289 26 289 178 290 26 290 339 290 339 291 26 291 56 291 339 292 56 292 179 292 179 293 56 293 58 293 179 294 58 294 340 294 340 295 58 295 57 295 340 296 57 296 341 296 341 297 57 297 25 297 341 298 25 298 347 298 347 299 25 299 59 299 347 300 59 300 348 300 348 301 59 301 60 301 348 302 60 302 349 302 349 303 60 303 61 303 349 304 61 304 357 304 357 305 61 305 62 305 357 306 62 306 358 306 358 307 62 307 63 307 547 308 546 308 183 308 184 309 544 309 185 309 543 310 505 310 187 310 189 311 191 311 192 311 522 312 521 312 198 312 523 313 522 313 199 313 201 314 525 314 523 314 202 315 524 315 525 315 203 316 526 316 524 316 529 317 527 317 204 317 204 318 527 318 526 318 206 319 528 319 529 319 531 320 530 320 207 320 548 321 182 321 254 321 542 322 196 322 195 322 195 323 196 323 429 323 193 324 542 324 194 324 194 325 542 325 195 325 194 326 195 326 255 326 255 327 195 327 429 327 191 328 193 328 192 328 192 329 193 329 194 329 192 330 194 330 256 330 256 331 194 331 255 331 190 332 189 332 192 332 190 333 192 333 257 333 257 334 192 334 256 334 508 335 189 335 188 335 188 336 189 336 190 336 188 337 190 337 258 337 258 338 190 338 257 338 258 339 257 339 432 339 505 340 508 340 187 340 187 341 508 341 188 341 187 342 188 342 259 342 259 343 188 343 258 343 259 344 258 344 260 344 260 345 258 345 432 345 186 346 543 346 187 346 186 347 187 347 261 347 261 348 187 348 259 348 261 349 259 349 260 349 261 350 260 350 262 350 544 351 543 351 185 351 185 352 543 352 186 352 185 353 186 353 263 353 263 354 186 354 261 354 263 355 261 355 264 355 264 356 261 356 262 356 184 357 185 357 265 357 265 358 185 358 263 358 265 359 263 359 266 359 266 360 263 360 264 360 266 361 264 361 165 361 546 362 184 362 183 362 183 363 184 363 267 363 267 364 184 364 265 364 267 365 265 365 268 365 268 366 265 366 266 366 268 367 266 367 269 367 269 368 266 368 165 368 547 369 183 369 270 369 270 370 183 370 267 370 270 371 267 371 271 371 271 372 267 372 268 372 271 373 268 373 272 373 272 374 268 374 269 374 277 375 166 375 274 375 283 376 277 376 274 376 283 377 274 377 278 377 278 378 274 378 275 378 278 379 275 379 279 379 284 380 278 380 279 380 284 381 279 381 288 381 288 382 279 382 280 382 288 383 280 383 285 383 198 384 197 384 278 384 198 385 278 385 284 385 293 386 292 386 169 386 293 387 169 387 170 387 520 388 282 388 197 388 199 389 198 389 284 389 199 390 284 390 288 390 201 391 288 391 285 391 201 392 285 392 289 392 522 393 198 393 199 393 203 394 289 394 290 394 203 395 290 395 291 395 297 396 291 396 292 396 297 397 292 397 293 397 300 398 295 398 171 398 300 399 171 399 172 399 525 400 201 400 202 400 204 401 203 401 291 401 204 402 291 402 297 402 304 403 299 403 295 403 304 404 295 404 300 404 529 405 204 405 205 405 207 406 206 406 299 406 207 407 299 407 304 407 311 408 306 408 302 408 311 409 302 409 312 409 312 410 302 410 307 410 312 411 307 411 303 411 531 412 207 412 208 412 209 413 210 413 306 413 209 414 306 414 311 414 320 415 316 415 173 415 320 416 173 416 317 416 213 417 211 417 312 417 213 418 312 418 313 418 319 419 314 419 315 419 319 420 315 420 324 420 324 421 315 421 316 421 324 422 316 422 320 422 212 423 213 423 313 423 212 424 313 424 318 424 216 425 318 425 314 425 216 426 314 426 319 426 219 427 324 427 320 427 219 428 320 428 325 428 325 429 320 429 321 429 325 430 321 430 326 430 328 431 327 431 323 431 328 432 323 432 329 432 329 433 323 433 175 433 329 434 175 434 176 434 215 435 216 435 319 435 215 436 319 436 324 436 331 437 329 437 176 437 331 438 176 438 330 438 332 439 325 439 326 439 332 440 326 440 327 440 336 441 331 441 330 441 336 442 330 442 177 442 344 443 338 443 339 443 344 444 339 444 179 444 221 445 222 445 334 445 221 446 334 446 342 446 350 447 343 447 337 447 350 448 337 448 338 448 224 449 225 449 343 449 224 450 343 450 350 450 359 451 352 451 345 451 359 452 345 452 346 452 226 453 227 453 351 453 226 454 351 454 352 454 362 455 356 455 357 455 362 456 357 456 363 456 228 457 226 457 352 457 228 458 352 458 359 458 366 459 361 459 354 459 366 460 354 460 355 460 371 461 364 461 154 461 371 462 154 462 365 462 229 463 230 463 360 463 229 464 360 464 361 464 369 465 362 465 363 465 369 466 363 466 370 466 231 467 229 467 361 467 231 468 361 468 366 468 375 469 368 469 362 469 375 470 362 470 369 470 377 471 372 471 155 471 377 472 155 472 374 472 374 473 155 473 156 473 374 474 156 474 373 474 514 475 232 475 367 475 514 476 367 476 368 476 378 477 369 477 370 477 378 478 370 478 376 478 381 479 373 479 157 479 381 480 157 480 158 480 234 481 233 481 369 481 234 482 369 482 378 482 385 483 379 483 377 483 385 484 377 484 374 484 237 485 236 485 379 485 237 486 379 486 385 486 392 487 391 487 384 487 392 488 384 488 393 488 241 489 240 489 388 489 241 490 388 490 389 490 406 491 398 491 392 491 406 492 392 492 399 492 244 493 243 493 398 493 244 494 398 494 406 494 413 495 408 495 401 495 413 496 401 496 402 496 416 497 410 497 160 497 416 498 160 498 411 498 417 499 411 499 161 499 417 500 161 500 412 500 247 501 246 501 408 501 247 502 408 502 413 502 422 503 415 503 410 503 422 504 410 504 416 504 424 505 416 505 411 505 424 506 411 506 417 506 249 507 248 507 414 507 249 508 414 508 415 508 426 509 425 509 418 509 426 510 418 510 430 510 430 511 418 511 419 511 430 512 419 512 162 512 250 513 249 513 415 513 250 514 415 514 422 514 429 515 430 515 162 515 429 516 162 516 420 516 431 517 427 517 163 517 431 518 163 518 428 518 252 519 251 519 423 519 252 520 423 520 424 520 181 521 424 521 425 521 181 522 425 522 426 522 260 523 432 523 164 523 260 524 164 524 262 524 253 525 252 525 424 525 253 526 424 526 181 526 180 527 181 527 426 527 180 528 426 528 430 528 256 529 255 529 427 529 256 530 427 530 431 530 274 531 166 531 273 531 274 532 273 532 275 532 279 533 275 533 276 533 279 534 276 534 280 534 282 535 277 535 283 535 285 536 280 536 167 536 285 537 167 537 281 537 197 538 282 538 283 538 197 539 283 539 278 539 289 540 285 540 281 540 289 541 281 541 290 541 290 542 281 542 286 542 290 543 286 543 291 543 291 544 286 544 168 544 291 545 168 545 292 545 292 546 168 546 287 546 292 547 287 547 169 547 294 548 171 548 295 548 294 549 295 549 170 549 288 550 201 550 200 550 288 551 200 551 199 551 197 552 198 552 521 552 197 553 521 553 520 553 523 554 199 554 200 554 202 555 201 555 289 555 202 556 289 556 203 556 298 557 297 557 293 557 298 558 293 558 299 558 299 559 293 559 170 559 299 560 170 560 295 560 301 561 300 561 172 561 301 562 172 562 296 562 296 563 307 563 302 563 296 564 302 564 301 564 200 565 201 565 523 565 524 566 202 566 203 566 205 567 204 567 297 567 205 568 297 568 298 568 305 569 304 569 300 569 305 570 300 570 301 570 301 571 302 571 306 571 301 572 306 572 305 572 298 573 299 573 206 573 298 574 206 574 205 574 203 575 204 575 526 575 529 576 205 576 206 576 208 577 207 577 304 577 208 578 304 578 305 578 313 579 312 579 303 579 313 580 303 580 308 580 315 581 309 581 310 581 315 582 310 582 316 582 309 583 315 583 314 583 309 584 314 584 308 584 308 585 314 585 318 585 308 586 318 586 313 586 305 587 306 587 210 587 305 588 210 588 208 588 206 589 207 589 530 589 206 590 530 590 528 590 317 591 322 591 321 591 317 592 321 592 320 592 311 593 312 593 211 593 311 594 211 594 209 594 208 595 210 595 531 595 174 596 323 596 327 596 174 597 327 597 322 597 322 598 327 598 326 598 322 599 326 599 321 599 318 600 216 600 214 600 318 601 214 601 212 601 324 602 219 602 217 602 324 603 217 603 215 603 218 604 219 604 325 604 218 605 325 605 332 605 333 606 332 606 327 606 333 607 327 607 328 607 342 608 328 608 329 608 342 609 329 609 331 609 337 610 336 610 177 610 337 611 177 611 178 611 178 612 339 612 338 612 178 613 338 613 337 613 331 614 336 614 335 614 331 615 335 615 342 615 328 616 342 616 334 616 328 617 334 617 333 617 220 618 218 618 332 618 220 619 332 619 333 619 343 620 335 620 336 620 343 621 336 621 337 621 345 622 344 622 179 622 345 623 179 623 340 623 341 624 347 624 353 624 341 625 353 625 340 625 340 626 353 626 346 626 340 627 346 627 345 627 333 628 334 628 222 628 333 629 222 629 220 629 223 630 221 630 342 630 223 631 342 631 335 631 351 632 350 632 338 632 351 633 338 633 344 633 355 634 347 634 348 634 355 635 348 635 349 635 349 636 357 636 356 636 349 637 356 637 355 637 347 638 355 638 354 638 347 639 354 639 353 639 344 640 345 640 352 640 344 641 352 641 351 641 335 642 343 642 225 642 335 643 225 643 223 643 358 644 364 644 363 644 358 645 363 645 357 645 353 646 354 646 361 646 353 647 361 647 346 647 346 648 361 648 360 648 346 649 360 649 359 649 350 650 351 650 227 650 350 651 227 651 224 651 365 652 155 652 372 652 365 653 372 653 371 653 364 654 371 654 370 654 364 655 370 655 363 655 356 656 362 656 368 656 356 657 368 657 355 657 355 658 368 658 367 658 355 659 367 659 366 659 359 660 360 660 230 660 359 661 230 661 228 661 371 662 372 662 376 662 371 663 376 663 370 663 366 664 367 664 232 664 366 665 232 665 231 665 540 666 514 666 368 666 540 667 368 667 375 667 380 668 374 668 373 668 380 669 373 669 381 669 382 670 381 670 158 670 382 671 158 671 383 671 372 672 377 672 379 672 372 673 379 673 376 673 375 674 369 674 233 674 375 675 233 675 540 675 235 676 234 676 378 676 235 677 378 677 376 677 386 678 385 678 374 678 386 679 374 679 380 679 388 680 380 680 381 680 388 681 381 681 382 681 390 682 382 682 383 682 390 683 383 683 391 683 391 684 383 684 159 684 391 685 159 685 384 685 382 686 390 686 389 686 382 687 389 687 388 687 380 688 388 688 387 688 380 689 387 689 386 689 376 690 379 690 236 690 376 691 236 691 235 691 238 692 237 692 385 692 238 693 385 693 386 693 399 694 392 694 393 694 399 695 393 695 394 695 239 696 238 696 386 696 239 697 386 697 387 697 397 698 389 698 390 698 397 699 390 699 391 699 400 700 399 700 394 700 400 701 394 701 395 701 402 702 395 702 396 702 402 703 396 703 403 703 395 704 402 704 401 704 395 705 401 705 400 705 391 706 392 706 398 706 391 707 398 707 397 707 387 708 388 708 240 708 387 709 240 709 239 709 242 710 241 710 389 710 242 711 389 711 397 711 407 712 406 712 399 712 407 713 399 713 400 713 409 714 402 714 403 714 409 715 403 715 404 715 405 716 161 716 411 716 405 717 411 717 160 717 404 718 160 718 410 718 404 719 410 719 409 719 400 720 401 720 408 720 400 721 408 721 407 721 397 722 398 722 243 722 397 723 243 723 242 723 245 724 244 724 406 724 245 725 406 725 407 725 414 726 413 726 402 726 414 727 402 727 409 727 418 728 417 728 412 728 418 729 412 729 419 729 409 730 410 730 415 730 409 731 415 731 414 731 407 732 408 732 246 732 407 733 246 733 245 733 421 734 163 734 427 734 421 735 427 735 420 735 417 736 418 736 425 736 417 737 425 737 424 737 416 738 424 738 423 738 416 739 423 739 422 739 413 740 414 740 248 740 413 741 248 741 247 741 428 742 164 742 432 742 428 743 432 743 431 743 420 744 427 744 255 744 420 745 255 745 429 745 422 746 423 746 251 746 422 747 251 747 250 747 196 748 180 748 430 748 196 749 430 749 429 749 257 750 256 750 431 750 257 751 431 751 432 751 264 752 262 752 433 752 264 753 433 753 165 753 548 754 547 754 182 754 182 755 547 755 270 755 182 756 270 756 434 756 434 757 270 757 271 757 434 758 271 758 435 758 435 759 271 759 272 759 520 760 254 760 282 760 282 761 254 761 182 761 282 762 182 762 277 762 277 763 182 763 434 763 277 764 434 764 166 764 166 765 434 765 435 765 233 766 489 766 503 766 505 767 498 767 497 767 507 768 233 768 503 768 507 769 503 769 488 769 246 770 504 770 494 770 508 771 505 771 497 771 508 772 497 772 509 772 532 773 506 773 510 773 540 774 507 774 488 774 540 775 488 775 487 775 245 776 246 776 494 776 245 777 494 777 493 777 189 778 508 778 511 778 511 779 508 779 509 779 512 780 532 780 510 780 512 781 510 781 513 781 514 782 540 782 487 782 514 783 487 783 515 783 244 784 245 784 493 784 244 785 493 785 516 785 191 786 189 786 511 786 191 787 511 787 517 787 193 788 191 788 517 788 193 789 517 789 496 789 471 790 470 790 520 790 471 791 520 791 521 791 474 792 472 792 473 792 473 793 472 793 522 793 473 794 522 794 523 794 476 795 475 795 524 795 524 796 475 796 525 796 478 797 477 797 526 797 478 798 526 798 527 798 479 799 469 799 528 799 528 800 469 800 529 800 480 801 481 801 530 801 480 802 530 802 531 802 502 803 506 803 533 803 533 804 506 804 532 804 500 805 502 805 213 805 213 806 502 806 533 806 442 807 443 807 534 807 534 808 443 808 500 808 534 809 500 809 212 809 212 810 500 810 213 810 468 811 442 811 535 811 535 812 442 812 534 812 467 813 468 813 536 813 536 814 468 814 535 814 466 815 467 815 537 815 537 816 467 816 536 816 484 817 465 817 220 817 220 818 465 818 482 818 482 819 466 819 538 819 538 820 466 820 537 820 483 821 484 821 222 821 222 822 484 822 220 822 220 823 482 823 539 823 539 824 482 824 538 824 464 825 483 825 221 825 221 826 483 826 222 826 463 827 464 827 223 827 223 828 464 828 221 828 462 829 463 829 225 829 225 830 463 830 223 830 485 831 462 831 224 831 224 832 462 832 225 832 461 833 485 833 227 833 227 834 485 834 224 834 486 835 460 835 228 835 228 836 460 836 461 836 459 837 486 837 230 837 230 838 486 838 228 838 227 839 226 839 461 839 461 840 226 840 228 840 230 841 229 841 459 841 459 842 229 842 458 842 229 843 231 843 458 843 458 844 231 844 457 844 231 845 232 845 457 845 441 846 489 846 234 846 234 847 489 847 233 847 440 848 441 848 235 848 235 849 441 849 234 849 490 850 440 850 236 850 236 851 440 851 235 851 456 852 490 852 237 852 237 853 490 853 236 853 492 854 456 854 238 854 238 855 456 855 237 855 491 856 492 856 239 856 239 857 492 857 238 857 455 858 242 858 454 858 454 859 242 859 453 859 239 860 240 860 491 860 491 861 240 861 455 861 242 862 243 862 453 862 240 863 241 863 455 863 455 864 241 864 242 864 516 865 453 865 243 865 516 866 243 866 244 866 438 867 439 867 249 867 249 868 439 868 501 868 452 869 438 869 250 869 250 870 438 870 249 870 501 871 504 871 247 871 247 872 504 872 246 872 451 873 452 873 251 873 251 874 452 874 250 874 249 875 501 875 248 875 248 876 501 876 247 876 450 877 451 877 252 877 252 878 451 878 251 878 252 879 253 879 450 879 450 880 253 880 495 880 253 881 518 881 495 881 495 882 518 882 449 882 518 883 519 883 449 883 448 884 449 884 541 884 541 885 449 885 519 885 447 886 448 886 541 886 447 887 541 887 542 887 254 888 520 888 470 888 254 889 470 889 499 889 521 890 522 890 472 890 521 891 472 891 471 891 523 892 525 892 475 892 523 893 475 893 473 893 524 894 526 894 477 894 524 895 477 895 476 895 527 896 529 896 469 896 527 897 469 897 478 897 528 898 530 898 479 898 479 899 530 899 481 899 531 900 512 900 513 900 531 901 513 901 480 901 531 902 210 902 512 902 512 903 210 903 209 903 512 904 209 904 532 904 532 905 209 905 211 905 532 906 211 906 533 906 533 907 211 907 213 907 212 908 214 908 534 908 534 909 214 909 216 909 534 910 216 910 535 910 535 911 216 911 215 911 535 912 215 912 536 912 536 913 215 913 217 913 536 914 217 914 537 914 537 915 217 915 219 915 537 916 219 916 538 916 538 917 219 917 218 917 538 918 218 918 539 918 539 919 218 919 220 919 515 920 457 920 232 920 515 921 232 921 514 921 507 922 540 922 233 922 518 923 253 923 181 923 518 924 181 924 519 924 519 925 181 925 180 925 519 926 180 926 541 926 541 927 180 927 196 927 541 928 196 928 542 928 496 929 447 929 542 929 496 930 542 930 193 930 437 931 498 931 543 931 543 932 498 932 505 932 543 933 544 933 437 933 437 934 544 934 436 934 544 935 545 935 436 935 436 936 545 936 446 936 545 937 546 937 446 937 544 938 184 938 545 938 445 939 446 939 546 939 445 940 546 940 547 940 545 941 184 941 546 941 444 942 445 942 548 942 548 943 445 943 547 943 499 944 444 944 548 944 499 945 548 945 254 945 475 946 618 946 473 946 473 947 618 947 549 947 473 948 549 948 474 948 474 949 549 949 472 949 472 950 549 950 550 950 472 951 550 951 471 951 471 952 550 952 551 952 471 953 551 953 470 953 470 954 551 954 552 954 470 955 552 955 553 955 470 956 553 956 499 956 499 957 553 957 444 957 444 958 553 958 554 958 444 959 554 959 445 959 445 960 554 960 555 960 445 961 555 961 446 961 446 962 555 962 556 962 446 963 556 963 436 963 436 964 556 964 557 964 436 965 557 965 558 965 436 966 558 966 437 966 437 967 558 967 498 967 498 968 558 968 559 968 498 969 559 969 560 969 498 970 560 970 497 970 497 971 560 971 561 971 497 972 561 972 509 972 509 973 561 973 511 973 511 974 561 974 562 974 511 975 562 975 517 975 517 976 562 976 563 976 517 977 563 977 496 977 496 978 563 978 630 978 496 979 630 979 447 979 447 980 630 980 626 980 447 981 626 981 448 981 448 982 626 982 622 982 448 983 622 983 564 983 448 984 564 984 449 984 449 985 564 985 495 985 495 986 564 986 565 986 495 987 565 987 450 987 450 988 565 988 614 988 450 989 614 989 451 989 451 990 614 990 566 990 451 991 566 991 567 991 451 992 567 992 452 992 452 993 567 993 438 993 438 994 567 994 568 994 438 995 568 995 439 995 439 996 568 996 569 996 439 997 569 997 501 997 501 998 569 998 570 998 501 999 570 999 504 999 504 1000 570 1000 571 1000 504 1001 571 1001 494 1001 494 1002 571 1002 572 1002 494 1003 572 1003 493 1003 493 1004 572 1004 573 1004 493 1005 573 1005 516 1005 516 1006 573 1006 574 1006 516 1007 574 1007 453 1007 453 1008 574 1008 575 1008 453 1009 575 1009 454 1009 454 1010 575 1010 576 1010 454 1011 576 1011 455 1011 455 1012 576 1012 577 1012 455 1013 577 1013 491 1013 491 1014 577 1014 578 1014 491 1015 578 1015 492 1015 492 1016 578 1016 579 1016 492 1017 579 1017 456 1017 456 1018 579 1018 580 1018 456 1019 580 1019 490 1019 490 1020 580 1020 581 1020 490 1021 581 1021 440 1021 440 1022 581 1022 582 1022 440 1023 582 1023 441 1023 441 1024 582 1024 583 1024 441 1025 583 1025 489 1025 489 1026 583 1026 584 1026 489 1027 584 1027 503 1027 503 1028 584 1028 585 1028 503 1029 585 1029 488 1029 488 1030 585 1030 632 1030 488 1031 632 1031 487 1031 487 1032 632 1032 627 1032 487 1033 627 1033 515 1033 515 1034 627 1034 624 1034 515 1035 624 1035 457 1035 457 1036 624 1036 620 1036 457 1037 620 1037 458 1037 458 1038 620 1038 616 1038 458 1039 616 1039 459 1039 459 1040 616 1040 586 1040 459 1041 586 1041 587 1041 459 1042 587 1042 486 1042 486 1043 587 1043 460 1043 460 1044 587 1044 588 1044 460 1045 588 1045 589 1045 460 1046 589 1046 461 1046 461 1047 589 1047 590 1047 461 1048 590 1048 485 1048 485 1049 590 1049 462 1049 462 1050 590 1050 591 1050 462 1051 591 1051 463 1051 463 1052 591 1052 592 1052 463 1053 592 1053 464 1053 464 1054 592 1054 593 1054 464 1055 593 1055 483 1055 483 1056 593 1056 594 1056 483 1057 594 1057 484 1057 484 1058 594 1058 595 1058 484 1059 595 1059 465 1059 465 1060 595 1060 596 1060 465 1061 596 1061 482 1061 482 1062 596 1062 597 1062 482 1063 597 1063 466 1063 466 1064 597 1064 598 1064 466 1065 598 1065 467 1065 467 1066 598 1066 599 1066 467 1067 599 1067 600 1067 467 1068 600 1068 468 1068 468 1069 600 1069 442 1069 442 1070 600 1070 601 1070 442 1071 601 1071 443 1071 443 1072 601 1072 602 1072 443 1073 602 1073 500 1073 500 1074 602 1074 603 1074 500 1075 603 1075 502 1075 502 1076 603 1076 604 1076 502 1077 604 1077 506 1077 506 1078 604 1078 605 1078 506 1079 605 1079 510 1079 510 1080 605 1080 606 1080 510 1081 606 1081 513 1081 513 1082 606 1082 607 1082 513 1083 607 1083 480 1083 480 1084 607 1084 608 1084 480 1085 608 1085 481 1085 481 1086 608 1086 609 1086 481 1087 609 1087 479 1087 479 1088 609 1088 639 1088 479 1089 639 1089 469 1089 469 1090 639 1090 633 1090 469 1091 633 1091 478 1091 478 1092 633 1092 628 1092 478 1093 628 1093 477 1093 477 1094 628 1094 625 1094 477 1095 625 1095 610 1095 477 1096 610 1096 476 1096 476 1097 610 1097 475 1097 475 1098 610 1098 618 1098 615 1099 614 1099 565 1099 617 1100 549 1100 618 1100 619 1101 615 1101 565 1101 619 1102 565 1102 564 1102 621 1103 617 1103 618 1103 621 1104 618 1104 610 1104 622 1105 619 1105 564 1105 623 1106 620 1106 624 1106 625 1107 621 1107 610 1107 650 1108 622 1108 626 1108 671 1109 623 1109 627 1109 627 1110 623 1110 624 1110 612 1111 625 1111 628 1111 629 1112 650 1112 626 1112 629 1113 626 1113 630 1113 631 1114 671 1114 627 1114 631 1115 627 1115 632 1115 613 1116 612 1116 628 1116 613 1117 628 1117 633 1117 638 1118 613 1118 633 1118 638 1119 633 1119 639 1119 555 1120 554 1120 640 1120 555 1121 640 1121 641 1121 557 1122 556 1122 642 1122 557 1123 642 1123 643 1123 559 1124 558 1124 644 1124 559 1125 644 1125 645 1125 561 1126 560 1126 646 1126 561 1127 646 1127 647 1127 563 1128 562 1128 648 1128 563 1129 648 1129 649 1129 566 1130 614 1130 651 1130 651 1131 614 1131 615 1131 619 1132 622 1132 652 1132 652 1133 622 1133 650 1133 567 1134 566 1134 653 1134 653 1135 566 1135 651 1135 568 1136 567 1136 654 1136 654 1137 567 1137 653 1137 569 1138 568 1138 655 1138 655 1139 568 1139 654 1139 570 1140 569 1140 656 1140 656 1141 569 1141 655 1141 571 1142 570 1142 657 1142 657 1143 570 1143 656 1143 572 1144 571 1144 658 1144 658 1145 571 1145 657 1145 573 1146 572 1146 659 1146 659 1147 572 1147 658 1147 574 1148 573 1148 660 1148 660 1149 573 1149 659 1149 575 1150 574 1150 661 1150 661 1151 574 1151 660 1151 576 1152 575 1152 662 1152 662 1153 575 1153 661 1153 577 1154 576 1154 663 1154 663 1155 576 1155 662 1155 578 1156 577 1156 664 1156 664 1157 577 1157 663 1157 579 1158 578 1158 665 1158 665 1159 578 1159 664 1159 580 1160 579 1160 666 1160 666 1161 579 1161 665 1161 581 1162 580 1162 667 1162 667 1163 580 1163 666 1163 582 1164 581 1164 668 1164 668 1165 581 1165 667 1165 583 1166 582 1166 669 1166 669 1167 582 1167 668 1167 669 1168 670 1168 583 1168 583 1169 670 1169 584 1169 584 1170 635 1170 585 1170 670 1171 634 1171 584 1171 584 1172 634 1172 635 1172 616 1173 620 1173 672 1173 672 1174 620 1174 623 1174 586 1175 616 1175 673 1175 673 1176 616 1176 672 1176 587 1177 586 1177 674 1177 674 1178 586 1178 673 1178 588 1179 587 1179 675 1179 675 1180 587 1180 674 1180 589 1181 588 1181 676 1181 676 1182 588 1182 675 1182 590 1183 589 1183 677 1183 677 1184 589 1184 676 1184 591 1185 590 1185 678 1185 678 1186 590 1186 677 1186 592 1187 591 1187 679 1187 679 1188 591 1188 678 1188 597 1189 596 1189 681 1189 681 1190 596 1190 595 1190 593 1191 592 1191 680 1191 680 1192 592 1192 679 1192 594 1193 593 1193 682 1193 682 1194 593 1194 680 1194 599 1195 598 1195 684 1195 684 1196 598 1196 597 1196 595 1197 594 1197 683 1197 683 1198 594 1198 682 1198 681 1199 595 1199 685 1199 685 1200 595 1200 683 1200 601 1201 600 1201 686 1201 686 1202 600 1202 599 1202 602 1203 601 1203 688 1203 688 1204 601 1204 686 1204 684 1205 597 1205 687 1205 687 1206 597 1206 681 1206 604 1207 603 1207 690 1207 690 1208 603 1208 602 1208 686 1209 599 1209 689 1209 689 1210 599 1210 684 1210 605 1211 604 1211 691 1211 691 1212 604 1212 690 1212 688 1213 692 1213 602 1213 602 1214 692 1214 690 1214 691 1215 693 1215 605 1215 605 1216 693 1216 606 1216 607 1217 637 1217 608 1217 693 1218 694 1218 606 1218 606 1219 694 1219 607 1219 694 1220 636 1220 607 1220 607 1221 636 1221 637 1221 609 1222 608 1222 637 1222 609 1223 637 1223 695 1223 697 1224 640 1224 554 1224 697 1225 554 1225 553 1225 641 1226 642 1226 556 1226 641 1227 556 1227 555 1227 643 1228 644 1228 558 1228 643 1229 558 1229 557 1229 645 1230 646 1230 560 1230 645 1231 560 1231 559 1231 647 1232 648 1232 562 1232 647 1233 562 1233 561 1233 649 1234 629 1234 630 1234 649 1235 630 1235 563 1235 649 1236 698 1236 629 1236 629 1237 698 1237 699 1237 629 1238 699 1238 650 1238 650 1239 699 1239 782 1239 650 1240 782 1240 652 1240 652 1241 782 1241 700 1241 652 1242 700 1242 619 1242 619 1243 700 1243 701 1243 619 1244 701 1244 615 1244 615 1245 701 1245 702 1245 615 1246 702 1246 651 1246 651 1247 702 1247 703 1247 651 1248 703 1248 653 1248 653 1249 703 1249 704 1249 653 1250 704 1250 654 1250 654 1251 704 1251 705 1251 654 1252 705 1252 655 1252 655 1253 705 1253 801 1253 655 1254 801 1254 656 1254 656 1255 801 1255 706 1255 656 1256 706 1256 657 1256 657 1257 706 1257 658 1257 658 1258 707 1258 659 1258 659 1259 707 1259 660 1259 632 1260 585 1260 635 1260 632 1261 635 1261 631 1261 631 1262 635 1262 708 1262 631 1263 708 1263 671 1263 623 1264 671 1264 672 1264 691 1265 690 1265 709 1265 691 1266 709 1266 693 1266 694 1267 693 1267 710 1267 694 1268 710 1268 636 1268 636 1269 710 1269 913 1269 636 1270 913 1270 637 1270 695 1271 637 1271 711 1271 695 1272 711 1272 638 1272 639 1273 609 1273 695 1273 639 1274 695 1274 638 1274 612 1275 611 1275 625 1275 625 1276 611 1276 621 1276 617 1277 712 1277 549 1277 549 1278 712 1278 550 1278 712 1279 696 1279 550 1279 551 1280 550 1280 696 1280 551 1281 696 1281 713 1281 552 1282 551 1282 713 1282 552 1283 713 1283 714 1283 553 1284 552 1284 714 1284 553 1285 714 1285 697 1285 641 1286 640 1286 727 1286 643 1287 642 1287 728 1287 728 1288 642 1288 641 1288 763 1289 644 1289 643 1289 647 1290 646 1290 729 1290 729 1291 646 1291 645 1291 698 1292 649 1292 780 1292 668 1293 667 1293 833 1293 714 1294 718 1294 697 1294 637 1295 913 1295 731 1295 711 1296 637 1296 731 1296 638 1297 711 1297 726 1297 726 1298 711 1298 916 1298 613 1299 638 1299 725 1299 725 1300 638 1300 726 1300 725 1301 726 1301 916 1301 725 1302 916 1302 921 1302 612 1303 613 1303 724 1303 724 1304 613 1304 725 1304 724 1305 725 1305 732 1305 732 1306 725 1306 921 1306 611 1307 612 1307 723 1307 723 1308 612 1308 724 1308 723 1309 724 1309 733 1309 733 1310 724 1310 732 1310 621 1311 611 1311 722 1311 722 1312 611 1312 723 1312 722 1313 723 1313 734 1313 734 1314 723 1314 733 1314 734 1315 733 1315 919 1315 617 1316 621 1316 722 1316 617 1317 722 1317 735 1317 735 1318 722 1318 734 1318 735 1319 734 1319 920 1319 920 1320 734 1320 919 1320 712 1321 617 1321 721 1321 721 1322 617 1322 735 1322 721 1323 735 1323 736 1323 736 1324 735 1324 737 1324 737 1325 735 1325 920 1325 696 1326 712 1326 720 1326 720 1327 712 1327 721 1327 720 1328 721 1328 736 1328 720 1329 736 1329 738 1329 738 1330 736 1330 737 1330 738 1331 737 1331 923 1331 713 1332 696 1332 719 1332 719 1333 696 1333 720 1333 719 1334 720 1334 739 1334 739 1335 720 1335 738 1335 739 1336 738 1336 740 1336 740 1337 738 1337 923 1337 714 1338 713 1338 718 1338 718 1339 713 1339 719 1339 718 1340 719 1340 741 1340 741 1341 719 1341 739 1341 741 1342 739 1342 742 1342 742 1343 739 1343 740 1343 748 1344 744 1344 717 1344 748 1345 717 1345 745 1345 755 1346 744 1346 748 1346 758 1347 751 1347 752 1347 758 1348 752 1348 747 1348 757 1349 750 1349 751 1349 757 1350 751 1350 758 1350 766 1351 760 1351 754 1351 766 1352 754 1352 761 1352 640 1353 755 1353 727 1353 728 1354 756 1354 750 1354 728 1355 750 1355 757 1355 763 1356 757 1356 758 1356 763 1357 758 1357 764 1357 765 1358 764 1358 759 1358 765 1359 759 1359 773 1359 773 1360 759 1360 760 1360 773 1361 760 1361 766 1361 767 1362 766 1362 761 1362 767 1363 761 1363 768 1363 641 1364 727 1364 756 1364 772 1365 763 1365 764 1365 772 1366 764 1366 765 1366 643 1367 728 1367 757 1367 774 1368 773 1368 766 1368 774 1369 766 1369 767 1369 776 1370 775 1370 762 1370 776 1371 762 1371 769 1371 643 1372 757 1372 763 1372 729 1373 772 1373 765 1373 729 1374 765 1374 773 1374 781 1375 776 1375 769 1375 781 1376 769 1376 770 1376 698 1377 780 1377 775 1377 698 1378 775 1378 776 1378 783 1379 781 1379 770 1379 783 1380 770 1380 771 1380 649 1381 648 1381 780 1381 792 1382 785 1382 779 1382 792 1383 779 1383 786 1383 701 1384 700 1384 784 1384 701 1385 784 1385 791 1385 797 1386 796 1386 790 1386 797 1387 790 1387 798 1387 705 1388 704 1388 793 1388 705 1389 793 1389 801 1389 804 1390 706 1390 796 1390 804 1391 796 1391 797 1391 806 1392 805 1392 799 1392 806 1393 799 1393 807 1393 807 1394 799 1394 800 1394 807 1395 800 1395 808 1395 812 1396 707 1396 805 1396 812 1397 805 1397 806 1397 815 1398 807 1398 808 1398 815 1399 808 1399 809 1399 661 1400 660 1400 813 1400 661 1401 813 1401 814 1401 822 1402 815 1402 809 1402 822 1403 809 1403 823 1403 826 1404 825 1404 819 1404 826 1405 819 1405 827 1405 827 1406 819 1406 820 1406 827 1407 820 1407 821 1407 662 1408 661 1408 814 1408 662 1409 814 1409 815 1409 832 1410 823 1410 816 1410 832 1411 816 1411 817 1411 830 1412 827 1412 821 1412 830 1413 821 1413 828 1413 664 1414 663 1414 822 1414 664 1415 822 1415 823 1415 834 1416 833 1416 824 1416 834 1417 824 1417 825 1417 835 1418 830 1418 828 1418 835 1419 828 1419 844 1419 844 1420 828 1420 829 1420 844 1421 829 1421 831 1421 665 1422 664 1422 823 1422 665 1423 823 1423 832 1423 839 1424 834 1424 825 1424 839 1425 825 1425 826 1425 667 1426 666 1426 833 1426 843 1427 842 1427 830 1427 843 1428 830 1428 835 1428 845 1429 844 1429 831 1429 845 1430 831 1430 841 1430 846 1431 841 1431 837 1431 846 1432 837 1432 838 1432 670 1433 669 1433 840 1433 670 1434 840 1434 842 1434 852 1435 708 1435 844 1435 852 1436 844 1436 845 1436 854 1437 845 1437 841 1437 854 1438 841 1438 846 1438 635 1439 843 1439 708 1439 873 1440 858 1440 851 1440 873 1441 851 1441 859 1441 673 1442 672 1442 854 1442 673 1443 854 1443 861 1443 870 1444 863 1444 856 1444 870 1445 856 1445 857 1445 874 1446 865 1446 866 1446 874 1447 866 1447 860 1447 675 1448 674 1448 862 1448 675 1449 862 1449 863 1449 872 1450 871 1450 864 1450 872 1451 864 1451 873 1451 876 1452 875 1452 867 1452 876 1453 867 1453 868 1453 676 1454 675 1454 863 1454 676 1455 863 1455 870 1455 879 1456 872 1456 873 1456 879 1457 873 1457 865 1457 882 1458 868 1458 869 1458 882 1459 869 1459 877 1459 678 1460 677 1460 871 1460 678 1461 871 1461 872 1461 881 1462 880 1462 874 1462 881 1463 874 1463 875 1463 894 1464 876 1464 868 1464 894 1465 868 1465 882 1465 679 1466 678 1466 872 1466 679 1467 872 1467 879 1467 889 1468 881 1468 875 1468 889 1469 875 1469 876 1469 887 1470 884 1470 878 1470 887 1471 878 1471 885 1471 682 1472 680 1472 880 1472 682 1473 880 1473 881 1473 895 1474 891 1474 883 1474 895 1475 883 1475 892 1475 902 1476 885 1476 886 1476 902 1477 886 1477 888 1477 681 1478 685 1478 890 1478 681 1479 890 1479 894 1479 899 1480 895 1480 892 1480 899 1481 892 1481 887 1481 689 1482 684 1482 895 1482 689 1483 895 1483 899 1483 910 1484 901 1484 902 1484 910 1485 902 1485 903 1485 912 1486 904 1486 905 1486 912 1487 905 1487 906 1487 914 1488 906 1488 907 1488 914 1489 907 1489 908 1489 692 1490 688 1490 901 1490 692 1491 901 1491 910 1491 913 1492 912 1492 906 1492 913 1493 906 1493 914 1493 916 1494 915 1494 909 1494 916 1495 909 1495 917 1495 710 1496 911 1496 912 1496 710 1497 912 1497 913 1497 731 1498 913 1498 914 1498 731 1499 914 1499 915 1499 732 1500 921 1500 918 1500 732 1501 918 1501 922 1501 693 1502 709 1502 911 1502 693 1503 911 1503 710 1503 711 1504 731 1504 915 1504 711 1505 915 1505 916 1505 733 1506 732 1506 922 1506 733 1507 922 1507 919 1507 716 1508 717 1508 744 1508 749 1509 748 1509 745 1509 749 1510 745 1510 750 1510 750 1511 745 1511 743 1511 750 1512 743 1512 751 1512 751 1513 743 1513 746 1513 751 1514 746 1514 752 1514 727 1515 755 1515 748 1515 727 1516 748 1516 749 1516 764 1517 758 1517 747 1517 764 1518 747 1518 759 1518 759 1519 747 1519 753 1519 759 1520 753 1520 760 1520 756 1521 727 1521 749 1521 756 1522 749 1522 750 1522 768 1523 762 1523 775 1523 768 1524 775 1524 767 1524 756 1525 728 1525 641 1525 767 1526 775 1526 780 1526 767 1527 780 1527 774 1527 773 1528 774 1528 730 1528 773 1529 730 1529 729 1529 772 1530 729 1530 645 1530 772 1531 645 1531 763 1531 763 1532 645 1532 644 1532 647 1533 729 1533 730 1533 699 1534 698 1534 776 1534 699 1535 776 1535 781 1535 784 1536 783 1536 771 1536 784 1537 771 1537 777 1537 785 1538 777 1538 778 1538 785 1539 778 1539 779 1539 777 1540 785 1540 791 1540 777 1541 791 1541 784 1541 781 1542 783 1542 782 1542 781 1543 782 1543 699 1543 774 1544 780 1544 648 1544 774 1545 648 1545 730 1545 730 1546 648 1546 647 1546 789 1547 790 1547 796 1547 789 1548 796 1548 788 1548 788 1549 796 1549 795 1549 788 1550 795 1550 787 1550 787 1551 795 1551 794 1551 787 1552 794 1552 786 1552 786 1553 794 1553 793 1553 786 1554 793 1554 792 1554 783 1555 784 1555 700 1555 783 1556 700 1556 782 1556 702 1557 701 1557 791 1557 702 1558 791 1558 785 1558 704 1559 785 1559 792 1559 704 1560 792 1560 793 1560 703 1561 702 1561 785 1561 703 1562 785 1562 704 1562 805 1563 797 1563 798 1563 805 1564 798 1564 799 1564 795 1565 796 1565 706 1565 795 1566 706 1566 794 1566 794 1567 706 1567 801 1567 794 1568 801 1568 793 1568 707 1569 804 1569 797 1569 707 1570 797 1570 805 1570 715 1571 802 1571 809 1571 715 1572 809 1572 808 1572 813 1573 812 1573 806 1573 813 1574 806 1574 807 1574 816 1575 802 1575 803 1575 816 1576 803 1576 810 1576 810 1577 818 1577 817 1577 810 1578 817 1578 816 1578 802 1579 816 1579 823 1579 802 1580 823 1580 809 1580 807 1581 815 1581 814 1581 807 1582 814 1582 813 1582 804 1583 707 1583 658 1583 804 1584 658 1584 706 1584 811 1585 819 1585 825 1585 811 1586 825 1586 818 1586 818 1587 825 1587 824 1587 818 1588 824 1588 817 1588 812 1589 813 1589 660 1589 812 1590 660 1590 707 1590 817 1591 824 1591 833 1591 817 1592 833 1592 832 1592 815 1593 822 1593 663 1593 815 1594 663 1594 662 1594 836 1595 837 1595 841 1595 836 1596 841 1596 831 1596 827 1597 830 1597 842 1597 827 1598 842 1598 826 1598 826 1599 842 1599 840 1599 826 1600 840 1600 839 1600 832 1601 833 1601 666 1601 832 1602 666 1602 665 1602 668 1603 833 1603 834 1603 708 1604 843 1604 835 1604 708 1605 835 1605 844 1605 847 1606 846 1606 838 1606 847 1607 838 1607 848 1607 839 1608 840 1608 669 1608 839 1609 669 1609 834 1609 834 1610 669 1610 668 1610 634 1611 670 1611 842 1611 634 1612 842 1612 843 1612 853 1613 852 1613 845 1613 853 1614 845 1614 854 1614 855 1615 847 1615 848 1615 855 1616 848 1616 849 1616 857 1617 849 1617 850 1617 857 1618 850 1618 858 1618 849 1619 857 1619 856 1619 849 1620 856 1620 855 1620 847 1621 855 1621 862 1621 847 1622 862 1622 846 1622 846 1623 862 1623 861 1623 846 1624 861 1624 854 1624 634 1625 843 1625 635 1625 671 1626 708 1626 852 1626 671 1627 852 1627 853 1627 864 1628 857 1628 858 1628 864 1629 858 1629 873 1629 859 1630 866 1630 865 1630 859 1631 865 1631 873 1631 855 1632 856 1632 863 1632 855 1633 863 1633 862 1633 853 1634 854 1634 672 1634 853 1635 672 1635 671 1635 860 1636 867 1636 875 1636 860 1637 875 1637 874 1637 857 1638 864 1638 871 1638 857 1639 871 1639 870 1639 861 1640 862 1640 674 1640 861 1641 674 1641 673 1641 877 1642 884 1642 883 1642 877 1643 883 1643 882 1643 865 1644 874 1644 880 1644 865 1645 880 1645 879 1645 870 1646 871 1646 677 1646 870 1647 677 1647 676 1647 884 1648 887 1648 892 1648 884 1649 892 1649 883 1649 882 1650 883 1650 891 1650 882 1651 891 1651 894 1651 876 1652 894 1652 890 1652 876 1653 890 1653 889 1653 879 1654 880 1654 680 1654 879 1655 680 1655 679 1655 683 1656 682 1656 881 1656 683 1657 881 1657 889 1657 896 1658 887 1658 885 1658 896 1659 885 1659 902 1659 897 1660 902 1660 888 1660 897 1661 888 1661 893 1661 893 1662 905 1662 904 1662 893 1663 904 1663 897 1663 889 1664 890 1664 685 1664 889 1665 685 1665 683 1665 687 1666 681 1666 894 1666 687 1667 894 1667 891 1667 900 1668 899 1668 887 1668 900 1669 887 1669 896 1669 906 1670 905 1670 898 1670 906 1671 898 1671 907 1671 897 1672 904 1672 903 1672 897 1673 903 1673 902 1673 896 1674 902 1674 901 1674 896 1675 901 1675 900 1675 891 1676 895 1676 684 1676 891 1677 684 1677 687 1677 686 1678 689 1678 899 1678 686 1679 899 1679 900 1679 908 1680 909 1680 915 1680 908 1681 915 1681 914 1681 904 1682 912 1682 911 1682 904 1683 911 1683 903 1683 900 1684 901 1684 688 1684 900 1685 688 1685 686 1685 917 1686 918 1686 921 1686 917 1687 921 1687 916 1687 903 1688 911 1688 709 1688 903 1689 709 1689 910 1689 910 1690 709 1690 690 1690 910 1691 690 1691 692 1691 640 1692 697 1692 755 1692 755 1693 697 1693 718 1693 755 1694 718 1694 741 1694 755 1695 741 1695 744 1695 744 1696 741 1696 742 1696 744 1697 742 1697 716 1697 770 1698 924 1698 771 1698 771 1699 924 1699 925 1699 771 1700 925 1700 777 1700 777 1701 925 1701 926 1701 777 1702 926 1702 778 1702 778 1703 926 1703 927 1703 778 1704 927 1704 779 1704 779 1705 927 1705 928 1705 779 1706 928 1706 786 1706 786 1707 928 1707 929 1707 786 1708 929 1708 930 1708 786 1709 930 1709 787 1709 787 1710 930 1710 788 1710 788 1711 930 1711 931 1711 788 1712 931 1712 789 1712 789 1713 931 1713 932 1713 789 1714 932 1714 790 1714 790 1715 932 1715 933 1715 790 1716 933 1716 934 1716 790 1717 934 1717 798 1717 798 1718 934 1718 799 1718 799 1719 934 1719 935 1719 799 1720 935 1720 800 1720 800 1721 935 1721 936 1721 800 1722 936 1722 937 1722 800 1723 937 1723 808 1723 808 1724 937 1724 715 1724 715 1725 937 1725 938 1725 715 1726 938 1726 802 1726 802 1727 938 1727 939 1727 802 1728 939 1728 803 1728 803 1729 939 1729 940 1729 803 1730 940 1730 810 1730 810 1731 940 1731 941 1731 810 1732 941 1732 818 1732 818 1733 941 1733 942 1733 818 1734 942 1734 943 1734 818 1735 943 1735 811 1735 811 1736 943 1736 944 1736 811 1737 944 1737 819 1737 819 1738 944 1738 820 1738 820 1739 944 1739 945 1739 820 1740 945 1740 821 1740 821 1741 945 1741 946 1741 821 1742 946 1742 828 1742 828 1743 946 1743 947 1743 828 1744 947 1744 829 1744 829 1745 947 1745 948 1745 829 1746 948 1746 831 1746 831 1747 948 1747 949 1747 831 1748 949 1748 950 1748 831 1749 950 1749 836 1749 836 1750 950 1750 837 1750 837 1751 950 1751 951 1751 837 1752 951 1752 838 1752 838 1753 951 1753 952 1753 838 1754 952 1754 848 1754 848 1755 952 1755 953 1755 848 1756 953 1756 849 1756 849 1757 953 1757 954 1757 849 1758 954 1758 850 1758 850 1759 954 1759 955 1759 850 1760 955 1760 858 1760 858 1761 955 1761 956 1761 858 1762 956 1762 851 1762 851 1763 956 1763 957 1763 851 1764 957 1764 859 1764 859 1765 957 1765 958 1765 859 1766 958 1766 866 1766 866 1767 958 1767 959 1767 866 1768 959 1768 860 1768 860 1769 959 1769 960 1769 860 1770 960 1770 867 1770 867 1771 960 1771 961 1771 867 1772 961 1772 868 1772 868 1773 961 1773 962 1773 868 1774 962 1774 869 1774 869 1775 962 1775 963 1775 869 1776 963 1776 964 1776 869 1777 964 1777 877 1777 877 1778 964 1778 965 1778 877 1779 965 1779 884 1779 884 1780 965 1780 878 1780 878 1781 965 1781 966 1781 878 1782 966 1782 885 1782 885 1783 966 1783 967 1783 885 1784 967 1784 886 1784 886 1785 967 1785 968 1785 886 1786 968 1786 888 1786 888 1787 968 1787 969 1787 888 1788 969 1788 893 1788 893 1789 969 1789 970 1789 893 1790 970 1790 905 1790 905 1791 970 1791 971 1791 905 1792 971 1792 898 1792 898 1793 971 1793 972 1793 898 1794 972 1794 907 1794 907 1795 972 1795 973 1795 907 1796 973 1796 908 1796 908 1797 973 1797 974 1797 908 1798 974 1798 909 1798 909 1799 974 1799 975 1799 909 1800 975 1800 917 1800 917 1801 975 1801 976 1801 917 1802 976 1802 918 1802 918 1803 976 1803 977 1803 918 1804 977 1804 922 1804 922 1805 977 1805 978 1805 922 1806 978 1806 919 1806 919 1807 978 1807 979 1807 919 1808 979 1808 920 1808 920 1809 979 1809 980 1809 920 1810 980 1810 737 1810 737 1811 980 1811 981 1811 737 1812 981 1812 923 1812 923 1813 981 1813 982 1813 923 1814 982 1814 740 1814 740 1815 982 1815 983 1815 740 1816 983 1816 742 1816 742 1817 983 1817 984 1817 742 1818 984 1818 716 1818 716 1819 984 1819 985 1819 716 1820 985 1820 717 1820 717 1821 985 1821 986 1821 717 1822 986 1822 987 1822 717 1823 987 1823 745 1823 745 1824 987 1824 743 1824 743 1825 987 1825 988 1825 743 1826 988 1826 746 1826 746 1827 988 1827 989 1827 746 1828 989 1828 752 1828 752 1829 989 1829 990 1829 752 1830 990 1830 991 1830 752 1831 991 1831 747 1831 747 1832 991 1832 992 1832 747 1833 992 1833 753 1833 753 1834 992 1834 760 1834 760 1835 992 1835 993 1835 760 1836 993 1836 754 1836 754 1837 993 1837 994 1837 754 1838 994 1838 761 1838 761 1839 994 1839 995 1839 761 1840 995 1840 768 1840 768 1841 995 1841 996 1841 768 1842 996 1842 762 1842 762 1843 996 1843 997 1843 762 1844 997 1844 769 1844 769 1845 997 1845 998 1845 769 1846 998 1846 770 1846 770 1847 998 1847 924 1847 985 1848 999 1848 986 1848 986 1849 999 1849 1000 1849 986 1850 1000 1850 987 1850 987 1851 1000 1851 1001 1851 987 1852 1001 1852 988 1852 988 1853 1001 1853 1002 1853 988 1854 1002 1854 989 1854 989 1855 1002 1855 1003 1855 989 1856 1003 1856 990 1856 993 1857 992 1857 1004 1857 993 1858 1004 1858 994 1858 994 1859 1004 1859 1005 1859 994 1860 1005 1860 995 1860 995 1861 1005 1861 1006 1861 995 1862 1006 1862 996 1862 996 1863 1006 1863 1007 1863 996 1864 1007 1864 997 1864 997 1865 1007 1865 1008 1865 997 1866 1008 1866 998 1866 998 1867 1008 1867 1009 1867 998 1868 1009 1868 924 1868 924 1869 1009 1869 1010 1869 924 1870 1010 1870 925 1870 925 1871 1010 1871 1011 1871 925 1872 1011 1872 926 1872 926 1873 1011 1873 1012 1873 926 1874 1012 1874 927 1874 927 1875 1012 1875 1013 1875 927 1876 1013 1876 928 1876 928 1877 1013 1877 1014 1877 928 1878 1014 1878 929 1878 929 1879 1014 1879 1015 1879 929 1880 1015 1880 930 1880 930 1881 1015 1881 1016 1881 930 1882 1016 1882 931 1882 931 1883 1016 1883 1017 1883 931 1884 1017 1884 932 1884 932 1885 1017 1885 1018 1885 932 1886 1018 1886 933 1886 933 1887 1018 1887 1019 1887 933 1888 1019 1888 934 1888 934 1889 1019 1889 1020 1889 934 1890 1020 1890 935 1890 935 1891 1020 1891 1021 1891 935 1892 1021 1892 936 1892 937 1893 936 1893 1022 1893 937 1894 1022 1894 938 1894 940 1895 939 1895 1023 1895 940 1896 1023 1896 941 1896 941 1897 1023 1897 1024 1897 941 1898 1024 1898 942 1898 942 1899 1024 1899 1025 1899 942 1900 1025 1900 943 1900 943 1901 1025 1901 1026 1901 943 1902 1026 1902 944 1902 945 1903 944 1903 1027 1903 945 1904 1027 1904 946 1904 946 1905 1027 1905 1028 1905 946 1906 1028 1906 947 1906 948 1907 947 1907 1029 1907 948 1908 1029 1908 949 1908 949 1909 1029 1909 1030 1909 949 1910 1030 1910 950 1910 950 1911 1030 1911 1031 1911 950 1912 1031 1912 951 1912 953 1913 952 1913 1032 1913 953 1914 1032 1914 954 1914 954 1915 1032 1915 1033 1915 954 1916 1033 1916 955 1916 955 1917 1033 1917 1034 1917 955 1918 1034 1918 956 1918 958 1919 957 1919 1035 1919 958 1920 1035 1920 959 1920 959 1921 1035 1921 1036 1921 959 1922 1036 1922 960 1922 960 1923 1036 1923 1037 1923 960 1924 1037 1924 961 1924 961 1925 1037 1925 1038 1925 961 1926 1038 1926 962 1926 962 1927 1038 1927 1039 1927 962 1928 1039 1928 963 1928 966 1929 965 1929 1040 1929 966 1930 1040 1930 967 1930 967 1931 1040 1931 1041 1931 967 1932 1041 1932 968 1932 970 1933 969 1933 1042 1933 970 1934 1042 1934 971 1934 971 1935 1042 1935 1043 1935 971 1936 1043 1936 972 1936 972 1937 1043 1937 1044 1937 972 1938 1044 1938 973 1938 973 1939 1044 1939 1045 1939 973 1940 1045 1940 974 1940 974 1941 1045 1941 1046 1941 974 1942 1046 1942 975 1942 975 1943 1046 1943 1047 1943 975 1944 1047 1944 976 1944 978 1945 977 1945 1048 1945 978 1946 1048 1946 979 1946 979 1947 1048 1947 1049 1947 979 1948 1049 1948 980 1948 980 1949 1049 1949 1050 1949 980 1950 1050 1950 981 1950 984 1951 983 1951 1051 1951 984 1952 1051 1952 985 1952 985 1953 1051 1953 999 1953 944 1954 1026 1954 1052 1954 944 1955 1052 1955 1027 1955 947 1956 1028 1956 1053 1956 947 1957 1053 1957 1029 1957 965 1958 964 1958 1054 1958 965 1959 1054 1959 1040 1959 968 1960 1041 1960 1055 1960 968 1961 1055 1961 969 1961 969 1962 1055 1962 1056 1962 969 1963 1056 1963 1042 1963 976 1964 1047 1964 1057 1964 976 1965 1057 1965 977 1965 983 1966 982 1966 1058 1966 983 1967 1058 1967 1051 1967 956 1968 1034 1968 1059 1968 956 1969 1059 1969 957 1969 981 1970 1050 1970 1060 1970 981 1971 1060 1971 982 1971 982 1972 1060 1972 1061 1972 982 1973 1061 1973 1058 1973 990 1974 1003 1974 1062 1974 990 1975 1062 1975 991 1975 991 1976 1062 1976 1063 1976 991 1977 1063 1977 992 1977 992 1978 1063 1978 1064 1978 992 1979 1064 1979 1004 1979 936 1980 1021 1980 1065 1980 936 1981 1065 1981 1022 1981 938 1982 1022 1982 1066 1982 938 1983 1066 1983 939 1983 939 1984 1066 1984 1067 1984 939 1985 1067 1985 1023 1985 951 1986 1031 1986 1068 1986 951 1987 1068 1987 952 1987 952 1988 1068 1988 1069 1988 952 1989 1069 1989 1032 1989 957 1990 1059 1990 1070 1990 957 1991 1070 1991 1035 1991 963 1992 1039 1992 1071 1992 963 1993 1071 1993 964 1993 964 1994 1071 1994 1072 1994 964 1995 1072 1995 1054 1995 977 1996 1057 1996 1073 1996 977 1997 1073 1997 1048 1997 999 1998 1051 1998 1074 1998 999 1999 1074 1999 1000 1999 1002 2000 1001 2000 1075 2000 1002 2001 1075 2001 1003 2001 1003 2002 1075 2002 1076 2002 1003 2003 1076 2003 1062 2003 1004 2004 1064 2004 1077 2004 1004 2005 1077 2005 1005 2005 1007 2006 1006 2006 1078 2006 1007 2007 1078 2007 1008 2007 1010 2008 1009 2008 1079 2008 1010 2009 1079 2009 1011 2009 1011 2010 1079 2010 1080 2010 1011 2011 1080 2011 1012 2011 1014 2012 1013 2012 1081 2012 1014 2013 1081 2013 1015 2013 1017 2014 1016 2014 1082 2014 1017 2015 1082 2015 1018 2015 1018 2016 1082 2016 1083 2016 1018 2017 1083 2017 1019 2017 1021 2018 1020 2018 1084 2018 1021 2019 1084 2019 1065 2019 1025 2020 1024 2020 1085 2020 1025 2021 1085 2021 1026 2021 1026 2022 1085 2022 1086 2022 1026 2023 1086 2023 1052 2023 1028 2024 1027 2024 1087 2024 1028 2025 1087 2025 1053 2025 1030 2026 1029 2026 1088 2026 1030 2027 1088 2027 1031 2027 1031 2028 1088 2028 1089 2028 1031 2029 1089 2029 1068 2029 1032 2030 1069 2030 1090 2030 1032 2031 1090 2031 1033 2031 1037 2032 1036 2032 1091 2032 1037 2033 1091 2033 1038 2033 1038 2034 1091 2034 1092 2034 1038 2035 1092 2035 1039 2035 1041 2036 1040 2036 1093 2036 1041 2037 1093 2037 1055 2037 1043 2038 1042 2038 1094 2038 1043 2039 1094 2039 1044 2039 1046 2040 1045 2040 1095 2040 1046 2041 1095 2041 1047 2041 1047 2042 1095 2042 1096 2042 1047 2043 1096 2043 1057 2043 1048 2044 1073 2044 1097 2044 1048 2045 1097 2045 1049 2045 1098 2046 1008 2046 1099 2046 1099 2047 1008 2047 1078 2047 1099 2048 1078 2048 1100 2048 1100 2049 1078 2049 1006 2049 1100 2050 1006 2050 1101 2050 1102 2051 1053 2051 1103 2051 1103 2052 1053 2052 1087 2052 1103 2053 1087 2053 1104 2053 1104 2054 1087 2054 1027 2054 1104 2055 1027 2055 1105 2055 1027 2056 1052 2056 1105 2056 1105 2057 1052 2057 1086 2057 1105 2058 1086 2058 1106 2058 1106 2053 1086 2053 1085 2053 1106 2059 1085 2059 1107 2059 1107 2060 1085 2060 1024 2060 1107 2061 1024 2061 1108 2061 1024 2062 1023 2062 1108 2062 1108 2063 1023 2063 1067 2063 1108 2064 1067 2064 1109 2064 1109 2065 1067 2065 1066 2065 1109 2066 1066 2066 1110 2066 1006 2067 1005 2067 1101 2067 1101 2068 1005 2068 1077 2068 1101 2053 1077 2053 1111 2053 1111 2069 1077 2069 1064 2069 1111 2070 1064 2070 1112 2070 1112 2071 1064 2071 1063 2071 1112 2072 1063 2072 1113 2072 1063 2073 1062 2073 1113 2073 1113 2074 1062 2074 1076 2074 1113 2053 1076 2053 1114 2053 1114 2053 1076 2053 1075 2053 1114 2053 1075 2053 1115 2053 1075 2075 1001 2075 1115 2075 1115 2076 1001 2076 1000 2076 1115 2077 1000 2077 1116 2077 1116 2078 1000 2078 1074 2078 1116 2079 1074 2079 1117 2079 1117 2080 1074 2080 1051 2080 1117 2081 1051 2081 1118 2081 1119 2082 1049 2082 1120 2082 1120 2083 1049 2083 1097 2083 1120 2084 1097 2084 1121 2084 1121 2085 1097 2085 1073 2085 1121 2086 1073 2086 1122 2086 1123 2087 1033 2087 1124 2087 1124 2088 1033 2088 1090 2088 1124 2089 1090 2089 1125 2089 1125 2090 1090 2090 1069 2090 1125 2091 1069 2091 1126 2091 1127 2092 1060 2092 1119 2092 1119 2093 1060 2093 1050 2093 1119 2094 1050 2094 1049 2094 1128 2095 1055 2095 1129 2095 1129 2096 1055 2096 1093 2096 1129 2097 1093 2097 1130 2097 1130 2098 1093 2098 1040 2098 1130 2099 1040 2099 1131 2099 1069 2100 1068 2100 1126 2100 1126 2101 1068 2101 1089 2101 1126 2102 1089 2102 1132 2102 1132 2053 1089 2053 1088 2053 1132 2103 1088 2103 1102 2103 1102 2104 1088 2104 1029 2104 1102 2105 1029 2105 1053 2105 1066 2106 1022 2106 1110 2106 1110 2107 1022 2107 1065 2107 1110 2108 1065 2108 1133 2108 1133 2109 1065 2109 1084 2109 1133 2110 1084 2110 1134 2110 1134 2111 1084 2111 1020 2111 1134 2112 1020 2112 1135 2112 1136 2113 1015 2113 1137 2113 1137 2114 1015 2114 1081 2114 1137 2115 1081 2115 1138 2115 1138 2116 1081 2116 1013 2116 1138 2117 1013 2117 1139 2117 1013 2118 1012 2118 1139 2118 1139 2119 1012 2119 1080 2119 1139 2053 1080 2053 1140 2053 1140 2053 1080 2053 1079 2053 1140 2120 1079 2120 1098 2120 1098 2121 1079 2121 1009 2121 1098 2122 1009 2122 1008 2122 1051 2123 1058 2123 1118 2123 1118 2124 1058 2124 1061 2124 1118 2125 1061 2125 1127 2125 1127 2126 1061 2126 1060 2126 1073 2127 1057 2127 1122 2127 1122 2128 1057 2128 1096 2128 1122 2053 1096 2053 1141 2053 1141 2053 1096 2053 1095 2053 1141 2053 1095 2053 1142 2053 1095 2129 1045 2129 1142 2129 1142 2130 1045 2130 1044 2130 1142 2131 1044 2131 1143 2131 1143 2132 1044 2132 1094 2132 1143 2133 1094 2133 1144 2133 1144 2134 1094 2134 1042 2134 1144 2135 1042 2135 1128 2135 1128 2136 1042 2136 1056 2136 1128 2137 1056 2137 1055 2137 1040 2138 1054 2138 1131 2138 1131 2139 1054 2139 1072 2139 1131 2140 1072 2140 1145 2140 1145 2141 1072 2141 1071 2141 1145 2142 1071 2142 1146 2142 1020 2143 1019 2143 1135 2143 1135 2144 1019 2144 1083 2144 1135 2145 1083 2145 1147 2145 1147 2146 1083 2146 1082 2146 1147 2053 1082 2053 1136 2053 1136 2147 1082 2147 1016 2147 1136 2148 1016 2148 1015 2148 1071 2149 1039 2149 1146 2149 1146 2150 1039 2150 1092 2150 1146 2151 1092 2151 1148 2151 1148 2152 1092 2152 1091 2152 1148 2153 1091 2153 1149 2153 1149 2154 1091 2154 1036 2154 1149 2155 1036 2155 1150 2155 1036 2156 1035 2156 1150 2156 1150 2157 1035 2157 1070 2157 1150 2158 1070 2158 1151 2158 1151 2159 1070 2159 1059 2159 1151 2160 1059 2160 1123 2160 1123 2161 1059 2161 1034 2161 1123 2162 1034 2162 1033 2162 1105 2163 1152 2163 1104 2163 1104 2164 1152 2164 1153 2164 1104 2165 1153 2165 1103 2165 1103 2166 1153 2166 1154 2166 1103 2167 1154 2167 1102 2167 1102 2168 1154 2168 1155 2168 1102 2169 1155 2169 1132 2169 1132 2170 1155 2170 1156 2170 1132 2171 1156 2171 1126 2171 1126 2172 1156 2172 1157 2172 1126 2173 1157 2173 1125 2173 1125 2174 1157 2174 1158 2174 1125 2175 1158 2175 1124 2175 1124 2176 1158 2176 1159 2176 1124 2177 1159 2177 1123 2177 1123 2178 1159 2178 1160 2178 1123 2179 1160 2179 1151 2179 1151 2180 1160 2180 1161 2180 1151 2181 1161 2181 1150 2181 1150 2182 1161 2182 1162 2182 1150 2183 1162 2183 1149 2183 1149 2184 1162 2184 1163 2184 1149 2185 1163 2185 1148 2185 1148 2186 1163 2186 1164 2186 1148 2187 1164 2187 1146 2187 1146 2188 1164 2188 1165 2188 1146 2189 1165 2189 1145 2189 1145 2190 1165 2190 1166 2190 1145 2191 1166 2191 1131 2191 1131 2192 1166 2192 1167 2192 1131 2193 1167 2193 1130 2193 1130 2194 1167 2194 1168 2194 1130 2195 1168 2195 1129 2195 1129 2196 1168 2196 1169 2196 1129 2197 1169 2197 1128 2197 1128 2198 1169 2198 1170 2198 1128 2199 1170 2199 1144 2199 1144 2200 1170 2200 1171 2200 1144 2201 1171 2201 1143 2201 1143 2202 1171 2202 1172 2202 1143 2203 1172 2203 1142 2203 1142 2204 1172 2204 1173 2204 1142 2205 1173 2205 1141 2205 1141 2206 1173 2206 1174 2206 1141 2207 1174 2207 1122 2207 1122 2208 1174 2208 1175 2208 1122 2209 1175 2209 1121 2209 1121 2210 1175 2210 1176 2210 1121 2211 1176 2211 1120 2211 1120 2212 1176 2212 1177 2212 1120 2213 1177 2213 1119 2213 1119 2214 1177 2214 1178 2214 1119 2215 1178 2215 1127 2215 1127 2216 1178 2216 1179 2216 1127 2217 1179 2217 1118 2217 1118 2218 1179 2218 1180 2218 1118 2219 1180 2219 1117 2219 1117 2220 1180 2220 1181 2220 1117 2221 1181 2221 1116 2221 1116 2222 1181 2222 1182 2222 1116 2223 1182 2223 1115 2223 1115 2224 1182 2224 1183 2224 1115 2225 1183 2225 1114 2225 1114 2226 1183 2226 1184 2226 1114 2227 1184 2227 1113 2227 1113 2228 1184 2228 1185 2228 1113 2229 1185 2229 1112 2229 1112 2230 1185 2230 1186 2230 1112 2231 1186 2231 1111 2231 1111 2232 1186 2232 1187 2232 1111 2233 1187 2233 1101 2233 1101 2234 1187 2234 1188 2234 1101 2235 1188 2235 1100 2235 1100 2236 1188 2236 1189 2236 1100 2237 1189 2237 1099 2237 1099 2238 1189 2238 1190 2238 1099 2239 1190 2239 1098 2239 1098 2240 1190 2240 1191 2240 1098 2241 1191 2241 1140 2241 1140 2242 1191 2242 1192 2242 1140 2243 1192 2243 1139 2243 1139 2244 1192 2244 1193 2244 1139 2245 1193 2245 1138 2245 1138 2246 1193 2246 1194 2246 1138 2247 1194 2247 1137 2247 1137 2248 1194 2248 1195 2248 1137 2249 1195 2249 1136 2249 1136 2250 1195 2250 1196 2250 1136 2251 1196 2251 1147 2251 1147 2252 1196 2252 1197 2252 1147 2253 1197 2253 1135 2253 1135 2254 1197 2254 1198 2254 1135 2255 1198 2255 1134 2255 1134 2256 1198 2256 1199 2256 1134 2257 1199 2257 1133 2257 1133 2258 1199 2258 1200 2258 1133 2259 1200 2259 1110 2259 1110 2260 1200 2260 1201 2260 1110 2261 1201 2261 1109 2261 1109 2262 1201 2262 1202 2262 1109 2263 1202 2263 1108 2263 1108 2264 1202 2264 1203 2264 1108 2265 1203 2265 1107 2265 1107 2266 1203 2266 1204 2266 1107 2267 1204 2267 1106 2267 1106 2268 1204 2268 1205 2268 1106 2269 1205 2269 1105 2269 1105 2270 1205 2270 1152 2270 1153 2271 1152 2271 1169 2271 1169 2272 1152 2272 1205 2272 1169 2273 1205 2273 1204 2273 1156 2274 1155 2274 1169 2274 1169 2275 1155 2275 1154 2275 1169 2276 1154 2276 1153 2276 1159 2277 1158 2277 1169 2277 1169 2278 1158 2278 1157 2278 1169 2279 1157 2279 1156 2279 1162 2280 1161 2280 1169 2280 1169 2281 1161 2281 1160 2281 1169 2282 1160 2282 1159 2282 1165 2283 1164 2283 1169 2283 1169 2284 1164 2284 1163 2284 1169 2285 1163 2285 1162 2285 1168 2286 1167 2286 1169 2286 1169 2287 1167 2287 1166 2287 1169 2288 1166 2288 1165 2288 1171 2289 1170 2289 1169 2289 1174 2290 1173 2290 1169 2290 1169 2291 1173 2291 1172 2291 1169 2292 1172 2292 1171 2292 1177 2293 1176 2293 1169 2293 1169 2294 1176 2294 1175 2294 1169 2295 1175 2295 1174 2295 1180 2296 1179 2296 1169 2296 1169 2297 1179 2297 1178 2297 1169 2298 1178 2298 1177 2298 1183 2299 1182 2299 1169 2299 1169 2300 1182 2300 1181 2300 1169 2301 1181 2301 1180 2301 1186 2302 1185 2302 1169 2302 1169 2303 1185 2303 1184 2303 1169 2304 1184 2304 1183 2304 1189 2305 1188 2305 1169 2305 1169 2306 1188 2306 1187 2306 1169 2307 1187 2307 1186 2307 1192 2308 1191 2308 1169 2308 1169 2309 1191 2309 1190 2309 1169 2310 1190 2310 1189 2310 1195 2311 1194 2311 1169 2311 1169 2312 1194 2312 1193 2312 1169 2313 1193 2313 1192 2313 1198 2314 1197 2314 1169 2314 1169 2315 1197 2315 1196 2315 1169 2316 1196 2316 1195 2316 1201 2317 1200 2317 1169 2317 1169 2318 1200 2318 1199 2318 1169 2319 1199 2319 1198 2319 1204 2320 1203 2320 1169 2320 1169 2321 1203 2321 1202 2321 1169 2322 1202 2322 1201 2322</p>
        </triangles>
      </mesh>
    </geometry>
    <geometry id="eSeries_UR10e_010-mesh" name="eSeries UR10e.010">
      <mesh>
        <source id="eSeries_UR10e_010-mesh-positions">
          <float_array id="eSeries_UR10e_010-mesh-positions-array" count="4116">-60.19755 15.99938 64.34288 -59.6406 16.29988 64.59554 -58.06564 15.99938 63.82172 -57.74644 16.29956 63.9873 -56.27547 15.99841 62.00718 -55.90478 16.29887 61.93602 -55.90068 15.99983 59.8021 -55.61261 16.29988 59.64064 -56.38643 15.99938 58.06564 -56.22085 16.29956 57.74644 -57.63342 15.99998 56.68985 -58.27214 16.29887 55.90478 -59.6252 15.99841 55.85546 -60.56751 16.29988 55.61261 -62.1425 15.99938 56.38643 -62.4617 16.29956 56.22084 -63.72824 15.99938 57.90373 -64.30338 16.29887 58.27215 -64.34288 15.99938 60.01059 -64.59554 16.29988 60.56755 -63.82173 15.99938 62.14251 -63.9873 16.29956 62.46171 -62.30443 15.99938 63.72824 -61.936 16.29887 64.30338 -59.8021 15.99983 -55.90068 -59.64064 16.29988 -55.61261 -58.06564 15.99938 -56.38643 -57.74644 16.29956 -56.22085 -56.27428 15.99971 -58.20038 -55.90478 16.29887 -58.27214 -55.90068 15.99983 -60.40605 -55.61261 16.29988 -60.56751 -56.38643 15.99938 -62.1425 -56.22084 16.29956 -62.4617 -57.90373 15.99938 -63.72824 -58.27215 16.29887 -64.30338 -60.01059 15.99938 -64.34288 -60.56755 16.29988 -64.59554 -62.14251 15.99938 -63.82173 -62.46171 16.29956 -63.9873 -63.72824 15.99938 -62.30443 -64.30338 16.29887 -61.936 -64.34288 15.99938 -60.19755 -64.59554 16.29988 -59.6406 -63.82172 15.99938 -58.06564 -63.9873 16.29956 -57.74644 -62.00718 15.99841 -56.27547 -61.93602 16.29887 -55.90478 60.01059 15.99938 64.34288 60.56755 16.29988 64.59554 62.14251 15.99938 63.82173 62.46171 16.29956 63.9873 63.72824 15.99938 62.30443 64.30338 16.29887 61.936 64.34288 15.99938 60.19755 64.59554 16.29988 59.6406 63.82172 15.99938 58.06564 63.9873 16.29956 57.74644 62.00718 15.99841 56.27547 61.93602 16.29887 55.90478 59.8021 15.99983 55.90068 59.64064 16.29988 55.61261 58.06564 15.99938 56.38643 57.74644 16.29956 56.22085 56.27547 15.99841 58.20097 55.90478 16.29887 58.27214 55.90068 15.99983 60.40605 55.61261 16.29988 60.56751 56.38596 15.99991 62.14276 56.22084 16.29956 62.4617 57.90373 15.99938 63.72824 58.27215 16.29887 64.30338 60.40605 15.99983 -55.90068 60.56751 16.29988 -55.61261 62.14276 15.99991 -56.38596 62.4617 16.29956 -56.22084 63.72824 15.99938 -57.90373 64.30338 16.29887 -58.27215 64.34288 15.99938 -60.01059 64.59554 16.29988 -60.56755 63.82173 15.99938 -62.14251 63.9873 16.29956 -62.46171 62.30443 15.99938 -63.72824 61.936 16.29887 -64.30338 60.19755 15.99938 -64.34288 59.6406 16.29988 -64.59554 58.06564 15.99938 -63.82172 57.74644 16.29956 -63.9873 56.27547 15.99841 -62.00718 55.90478 16.29887 -61.93602 55.90068 15.99983 -59.8021 55.61261 16.29988 -59.64064 56.38643 15.99938 -58.06564 56.22085 16.29956 -57.74644 58.20097 15.99841 -56.27547 58.27214 16.29887 -55.90478 -53.29195 16.3 58.39183 -54.2884 16.3 56.16521 -55.98629 16.3 54.41368 -57.70993 16.3 53.52622 -59.38318 16.3 53.11715 -61.81632 16.3 53.29195 -64.04294 16.3 54.28839 -65.4664 16.3 55.60456 -66.42309 16.3 57.03701 -66.99773 16.3 58.88854 -67.11005 16.3 60.60732 -66.51538 16.3 62.97322 -65.14744 16.3 64.99299 -63.60408 16.3 66.16625 -62.02732 16.3 66.85966 -59.60084 16.3 67.11005 -57.23495 16.3 66.51539 -55.60456 16.3 65.4664 -54.41366 16.3 64.22185 -53.52622 16.3 62.49821 -53.11715 16.3 60.82497 -54.28839 16.3 -64.04294 -55.60456 16.3 -65.4664 -57.03701 16.3 -66.42309 -58.88854 16.3 -66.99773 -60.60732 16.3 -67.11005 -62.97322 16.3 -66.51538 -64.99299 16.3 -65.14744 -66.16625 16.3 -63.60408 -66.85966 16.3 -62.02732 -67.11005 16.3 -59.60084 -66.51539 16.3 -57.23495 -65.4664 16.3 -55.60456 -64.22185 16.3 -54.41366 -62.49821 16.3 -53.52622 -60.82497 16.3 -53.11715 -58.39183 16.3 -53.29195 -56.16521 16.3 -54.2884 -54.41368 16.3 -55.98629 -53.52622 16.3 -57.70993 -53.11715 16.3 -59.38318 -53.29195 16.3 -61.81632 62.97322 16.3 66.51538 64.99299 16.3 65.14744 66.16625 16.3 63.60408 66.85966 16.3 62.02732 67.11005 16.3 59.60084 66.51539 16.3 57.23495 65.4664 16.3 55.60456 64.22185 16.3 54.41366 62.49821 16.3 53.52622 60.82497 16.3 53.11715 58.39183 16.3 53.29195 56.16521 16.3 54.2884 54.41368 16.3 55.98629 53.52622 16.3 57.70993 53.11715 16.3 59.38318 53.29195 16.3 61.81632 54.28839 16.3 64.04294 55.60456 16.3 65.4664 57.03701 16.3 66.42309 58.88854 16.3 66.99773 60.60732 16.3 67.11005 61.81632 16.3 -53.29195 64.04294 16.3 -54.28839 65.4664 16.3 -55.60456 66.42309 16.3 -57.03701 66.99773 16.3 -58.88854 67.11005 16.3 -60.60732 66.51538 16.3 -62.97322 65.14744 16.3 -64.99299 63.60408 16.3 -66.16625 62.02732 16.3 -66.85966 59.60084 16.3 -67.11005 57.23495 16.3 -66.51539 55.60456 16.3 -65.4664 54.41366 16.3 -64.22185 53.52622 16.3 -62.49821 53.11715 16.3 -60.82497 53.29195 16.3 -58.39183 54.2884 16.3 -56.16521 55.98629 16.3 -54.41368 57.70993 16.3 -53.52622 59.38318 16.3 -53.11715 -59.45522 24.99726 67.0992 -57.10183 24.99725 66.45539 -55.60456 25 65.4664 -54.32838 24.99725 64.10334 -53.52622 25 62.49821 -53.10255 24.99725 60.67969 -53.32793 24.99725 58.2503 -54.3706 24.99725 56.04453 -56.1048 24.99725 54.32839 -58.32139 24.99725 53.30887 -60.75299 24.99725 53.10896 -62.49821 25 53.52622 -64.16361 24.99725 54.37059 -65.87975 24.99725 56.10478 -66.89928 24.99725 58.32138 -67.0992 24.99726 60.75293 -66.45539 24.99725 63.10634 -65.4664 25 64.60359 -64.10336 24.99725 65.87976 -61.88676 24.99725 66.89928 -60.67969 24.99725 -53.10255 -58.2503 24.99725 -53.32793 -56.04453 24.99725 -54.3706 -54.32839 24.99725 -56.1048 -53.30887 24.99725 -58.32139 -53.10896 24.99725 -60.75299 -53.52622 25 -62.49821 -54.37059 24.99725 -64.16361 -56.10478 24.99725 -65.87975 -58.32138 24.99725 -66.89928 -60.75293 24.99726 -67.0992 -63.10634 24.99725 -66.45539 -64.60359 25 -65.4664 -65.87976 24.99725 -64.10336 -66.89928 24.99725 -61.88676 -67.0992 24.99726 -59.45522 -66.45539 24.99725 -57.10183 -65.4664 25 -55.60456 -64.10334 24.99725 -54.32838 -62.49821 25 -53.52622 60.75293 24.99726 67.0992 63.10634 24.99725 66.45539 64.60359 25 65.4664 65.87976 24.99725 64.10336 66.89928 24.99725 61.88676 67.0992 24.99726 59.45522 66.45539 24.99725 57.10183 65.4664 25 55.60456 64.10334 24.99725 54.32838 62.49821 25 53.52622 60.67969 24.99725 53.10255 58.2503 24.99725 53.32793 56.04453 24.99725 54.3706 54.32839 24.99725 56.1048 53.30887 24.99725 58.32139 53.10896 24.99725 60.75299 53.52622 25 62.49821 54.37059 24.99725 64.16361 56.10478 24.99725 65.87975 58.32138 24.99725 66.89928 60.75299 24.99725 -53.10896 62.49821 25 -53.52622 64.16361 24.99725 -54.37059 65.87975 24.99725 -56.10478 66.89928 24.99725 -58.32138 67.0992 24.99726 -60.75293 66.45539 24.99725 -63.10634 65.4664 25 -64.60359 64.10336 24.99725 -65.87976 61.88676 24.99725 -66.89928 59.45522 24.99726 -67.0992 57.10183 24.99725 -66.45539 55.60456 25 -65.4664 54.32838 24.99725 -64.10334 53.52622 25 -62.49821 53.10255 24.99725 -60.67969 53.32793 24.99725 -58.2503 54.3706 24.99725 -56.04453 56.1048 24.99725 -54.32839 58.32139 24.99725 -53.30887 -5.858774 15.63202 -94.84226 -59.35231 25.2997 67.39014 -56.27929 25.29957 66.40376 -54.03931 25.2998 64.21163 -52.81994 25.29936 61.22346 -53.0591 25.29987 58.09845 -54.16993 25.29985 55.8099 -55.99649 25.29985 54.03928 -58.31849 25.29983 53.00018 -60.71873 25.29196 52.78809 -63.30253 25.2998 53.51445 -65.8528 25.29957 55.49245 -67.20796 25.2998 58.31853 -67.39014 25.2997 60.85585 -66.40335 25.29908 63.92859 -64.21162 25.29976 66.1688 -61.88962 25.29976 67.20792 -52.4819 25.3024 66.23891 -50.41825 25.31313 74.30054 -47.89267 25.33727 79.68161 -48.29552 25.30229 79.27322 -51.87402 25.67757 66.88973 -52.14466 25.67729 63.63387 -52.50506 25.3122 58.87472 -52.33338 25.40238 63.22153 -52.14038 25.55908 59.87041 -48.72062 25.57784 77.54747 -47.49576 25.59435 79.85491 -50.16567 25.60452 74.04706 -51.37326 25.37867 70.64366 -51.19883 25.68907 70.51482 -52.05979 25.37867 66.97782 -70.5683 25.68673 51.18658 -79.29343 25.30945 48.24184 -72.71642 25.30157 51.12515 -66.86293 25.31179 52.21732 -59.81638 25.55489 52.14135 -63.20283 25.52296 52.19493 -77.5858 25.59734 48.69504 -79.80769 25.39529 47.70716 -74.16535 25.7244 50.09563 -66.9017 25.5964 51.8874 -70.56993 25.37866 51.39107 -74.14481 25.37867 50.32828 -54.34656 25.30669 55.0712 -58.79863 25.3164 52.4893 -52.26884 25.64444 58.5471 -52.64051 25.64175 57.25994 -53.2157 25.68391 56.04858 -53.98639 25.60255 54.97975 -54.93646 25.68956 54.00272 -56.04619 25.64306 53.22364 -57.24631 25.64173 52.64559 -58.51623 25.67835 52.27184 -53.40681 25.37864 56.11454 -57.3707 25.3128 52.91942 -55.5124 25.36927 53.79298 -52.96754 25.31133 57.25236 -58.09846 25.29985 -53.05911 -55.8099 25.29985 -54.16993 -54.03928 25.29985 -55.99649 -53.00014 25.29987 -58.31848 -52.78869 25.29153 -60.71995 -53.8047 25.2992 -63.92862 -55.99644 25.29991 -66.16892 -58.31853 25.2998 -67.20796 -60.85585 25.2997 -67.39014 -63.92859 25.29908 -66.40335 -66.1688 25.29976 -64.21162 -67.20792 25.29976 -61.88962 -67.39014 25.2997 -59.35231 -66.40376 25.29957 -56.27929 -64.21163 25.2998 -54.03931 -61.22347 25.29942 -52.81988 -66.23891 25.3024 -52.4819 -74.30054 25.31313 -50.41825 -66.89061 25.67756 -51.8739 -63.67124 25.67244 -52.14496 -63.22153 25.40238 -52.33338 -59.85297 25.56161 -52.13871 -77.51622 25.66138 -48.71467 -79.80784 25.41672 -47.68417 -77.68362 25.39594 -48.83083 -79.38446 25.30181 -48.19954 -74.1214 25.59815 -50.14309 -70.64366 25.37867 -51.37326 -70.51821 25.69042 -51.19749 -66.97782 25.37867 -52.05979 -51.19235 25.68831 -70.54162 -50.47141 25.31286 -74.15317 -51.99084 25.30137 -69.21863 -52.14235 25.55407 -59.80134 -52.19493 25.52296 -63.20283 -52.48918 25.31665 -58.79826 -48.18437 25.29528 -79.42895 -48.95322 25.33757 -77.67779 -47.70716 25.39529 -79.80769 -48.75247 25.59401 -77.47216 -52.06971 25.37867 -66.90264 -51.87134 25.67781 -66.90828 -51.39107 25.37866 -70.56993 -50.14225 25.59349 -74.13368 -52.27223 25.67835 -58.5144 -52.64845 25.64218 -57.23839 -53.22557 25.64163 -56.04436 -54.01314 25.61206 -54.93842 -54.95731 25.68264 -53.98851 -56.06889 25.60274 -53.21901 -57.26049 25.64297 -52.63966 -58.54872 25.64148 -52.27003 -56.09983 25.30665 -53.58918 -53.69109 25.31494 -55.83532 -55.05392 25.37863 -54.16558 -52.90149 25.31879 -57.39321 -57.30438 25.35943 -52.87182 -58.83539 25.3084 -52.51685 60.85585 25.2997 67.39014 63.92859 25.29908 66.40335 66.1688 25.29976 64.21162 67.20792 25.29976 61.88962 67.39014 25.2997 59.35231 66.40376 25.29957 56.27929 64.21163 25.2998 54.03931 61.22346 25.29936 52.81994 58.09845 25.29987 53.0591 55.8099 25.29985 54.16993 54.03928 25.29985 55.99649 53.00018 25.29983 58.31849 52.78804 25.29186 60.71855 53.8047 25.2992 63.92862 55.99644 25.29991 66.16892 58.31853 25.2998 67.20796 74.08401 25.68323 50.14001 66.88973 25.67757 51.87402 63.63277 25.67695 52.14483 64.60477 25.3033 52.54698 72.29196 25.3015 51.25411 79.2732 25.30229 48.29552 77.54862 25.57763 48.72021 79.97139 25.59416 47.40166 79.68161 25.33727 47.89267 58.87468 25.31208 52.50526 63.22153 25.40238 52.33338 59.86275 25.5609 52.13908 74.21626 25.37867 50.30276 70.64366 25.37867 51.37326 70.53587 25.68687 51.19439 66.97782 25.37867 52.05979 51.19235 25.68831 70.54162 50.47141 25.31286 74.15317 51.99084 25.30137 69.21863 52.1411 25.55492 59.8261 52.14964 25.65928 63.71776 52.31412 25.41856 63.22102 48.2428 25.30865 79.29455 47.70716 25.39529 79.80769 48.75247 25.59401 77.47216 52.06971 25.37867 66.90264 51.87072 25.67487 66.9215 51.39107 25.37866 70.56993 50.14225 25.59349 74.13368 55.0712 25.30669 54.34656 52.48911 25.31648 58.79895 52.2713 25.67832 58.51883 52.64761 25.64392 57.23815 53.22632 25.64176 56.04298 54.00229 25.68963 54.93693 54.98353 25.60359 53.98233 56.04894 25.68282 53.21595 57.26177 25.64303 52.63914 58.54695 25.64325 52.26947 56.11454 25.37864 53.40681 52.91942 25.3128 57.3707 53.79298 25.36927 55.5124 57.25236 25.31133 52.96754 53.05911 25.29985 -58.09845 54.16991 25.29987 -55.80989 55.99649 25.29985 -54.03928 58.31848 25.29985 -53.00016 60.71855 25.29186 -52.78804 63.92862 25.2992 -53.8047 66.16892 25.29991 -55.99644 67.20796 25.2998 -58.31853 67.39014 25.2997 -60.85585 66.40335 25.29908 -63.92859 64.21162 25.29976 -66.1688 61.88962 25.29976 -67.20792 59.35231 25.2997 -67.39014 56.27929 25.29957 -66.40376 54.03931 25.2998 -64.21163 52.81994 25.29936 -61.22346 52.4819 25.3024 -66.23891 50.41825 25.31313 -74.30054 48.42335 25.27536 -79.30986 51.87402 25.67757 -66.88973 52.14483 25.67695 -63.63277 52.50519 25.31214 -58.87466 52.33338 25.40238 -63.22153 52.13948 25.56086 -59.84369 48.70765 25.66286 -77.52883 47.54421 25.52673 -79.86354 48.83083 25.39594 -77.68362 50.16567 25.60452 -74.04706 51.37326 25.37867 -70.64366 51.19883 25.68907 -70.51482 52.05979 25.37867 -66.97782 70.52275 25.69162 -51.19577 72.50813 25.30114 -51.18931 66.88082 25.31174 -52.21385 59.86539 25.55279 -52.14208 63.6411 25.67778 -52.14628 63.22102 25.41856 -52.31412 58.799 25.31648 -52.48918 79.37133 25.29438 -48.2583 79.72908 25.32751 -47.87212 77.59169 25.59552 -48.69348 79.86925 25.59705 -47.48753 66.92933 25.59336 -51.88579 70.56993 25.37866 -51.39107 74.14481 25.37867 -50.32828 74.11841 25.67673 -50.12999 58.51672 25.68375 -52.26971 57.23839 25.64218 -52.64845 56.04436 25.64163 -53.22557 54.96396 25.6059 -53.99663 53.99521 25.68845 -54.94592 53.21901 25.60274 -56.06889 52.63966 25.64297 -57.26049 52.27003 25.64148 -58.54872 53.1172 25.31544 -56.854 55.80759 25.31017 -53.71633 54.16558 25.37863 -55.05392 57.37503 25.31201 -52.91936 0 0 0 4.7177 0 -94.93386 3.510392 0 94.93511 10.51194 0 94.41663 17.45611 0 93.38246 24.30506 0 91.83824 31.02121 0 89.79244 50.01105 0 80.77063 43.90936 0 84.24349 37.56794 0 87.25623 83.41777 0 45.45852 79.83268 0 51.49506 75.81162 0 57.25031 71.3765 0 62.69286 66.55158 0 67.79296 61.3631 0 72.52288 55.83959 0 76.85661 89.20391 0 32.6751 86.54714 0 39.17387 91.37343 0 25.99798 93.04393 0 19.17885 94.20624 0 12.25495 94.85404 0 5.26409 94.98377 0 -1.755701 92.27172 0 -22.60377 93.68907 0 -15.72762 94.59476 0 -8.765356 69.01119 0 -65.28748 73.64436 0 -60.01257 77.87537 0 -54.40979 81.68097 0 -48.50998 85.04051 0 -42.34514 87.93556 0 -35.94908 90.35036 0 -29.35661 58.64142 0 -74.74076 64.00107 0 -70.20585 52.96143 0 -78.86753 46.99229 0 -82.56346 40.76646 0 -85.80848 -52.10789 62.63232 59.80138 -52.12747 56.21115 62.90888 -51.78647 47.52091 67.26131 -52.04944 51.87699 65.02758 -49.96406 34.3526 74.45364 -50.74738 38.5229 72.06187 -51.37097 42.90224 69.69099 -48.82635 29.77895 77.23524 -65.90687 25.29304 65.47637 -55.5812 25.29114 74.45335 -74.65031 25.29254 55.29531 -75.96846 31.74217 49.3906 -72.42157 37.87648 50.67098 -74.58418 34.32282 49.94262 -52.43301 66.6791 57.75505 -59.09777 64.1517 52.15855 -58.03944 66.24124 52.35816 -56.89444 67.80432 52.7621 -55.38657 69.22777 53.62416 -53.94651 69.46315 54.96174 -67.3794 47.41949 -51.78382 -78.92411 26.96604 -47.98341 -72.44124 25.29281 -58.06584 -65.47637 25.29304 -65.90687 -55.29532 25.29254 -74.6503 -76.59584 25.2838 -52.54827 -49.3906 31.74217 -75.96846 -50.68896 37.98634 -72.36012 -49.92206 34.15074 -74.62802 -52.20578 64.64406 -58.81102 -52.48431 66.67818 -57.637 -53.49224 69.04817 -55.59288 -54.20557 69.49784 -54.68515 -55.36502 69.25621 -53.63542 -57.80456 66.70486 -52.3866 -59.99196 62.26403 -52.10667 -58.38045 65.38537 -52.29156 67.26131 47.52091 51.78647 65.02709 51.87797 52.04949 59.70248 62.85263 52.11372 69.63494 43.20965 51.37342 77.23525 29.77895 48.82635 74.56253 34.27297 49.94892 73.37047 36.207 50.37401 65.47637 25.29304 65.90687 55.29532 25.29254 74.6503 72.44124 25.29281 58.06584 76.67579 25.28252 52.44451 49.3906 31.74217 75.96846 50.68896 37.98634 72.36012 49.92206 34.15074 74.62802 51.67312 45.6828 68.18727 52.08696 52.67457 64.55867 52.50435 66.95711 57.55202 52.30815 65.59538 58.28978 53.74842 69.29946 55.23117 54.7135 69.49653 54.1781 57.29721 67.18795 52.61265 58.32805 65.79424 52.27801 51.78647 47.52091 -67.26131 52.05415 51.90097 -64.99498 52.11056 62.31496 -59.96355 49.96406 34.3526 -74.45364 50.74738 38.5229 -72.06187 51.37097 42.90224 -69.69099 48.82635 29.77895 -77.23524 65.90687 25.29304 -65.47637 74.6503 25.29254 -55.29532 58.06584 25.29281 -72.44124 52.44451 25.28252 -76.67579 70.08789 41.99891 -51.3021 72.58264 37.58381 -50.64842 75.25537 33.00427 -49.70034 67.84484 46.22996 -51.72932 60.3105 61.48453 -52.11886 62.9787 56.05349 -52.1569 52.29156 65.38537 -58.38045 58.40598 65.45507 -52.27886 57.36278 67.05776 -52.58707 55.59295 69.04816 -53.49219 54.68685 69.497 -54.20445 53.64361 69.26879 -55.3517 52.3866 66.70486 -57.80456 6.703324 17.43039 -94.71943 -14.14856 17.48069 -93.88933 -10.45363 17.46028 94.37383 -3.280043 17.68157 94.87579 -55.61527 17.68158 76.93579 -49.80684 17.51784 80.82936 -43.67584 17.68158 84.28876 -37.39703 17.48073 87.27456 -30.85373 17.56735 89.78392 -24.22995 17.50286 91.80538 -17.4302 17.6994 93.31468 -71.19831 17.51786 62.80849 -66.34139 17.6815 67.90432 -61.20502 17.48075 72.59017 -75.67219 17.4807 57.35074 -79.74565 17.59971 51.5265 -83.28829 17.56731 45.56499 -86.43318 17.48067 39.30257 -89.09978 17.48065 32.81186 -92.98518 17.46026 19.2212 -91.24583 17.6816 26.19872 -90.35633 17.68159 -29.11883 -92.2601 17.68155 -22.36625 -93.63422 17.55497 -15.69561 -94.53948 17.50758 -8.778218 -94.93579 17.46032 -1.701235 -94.78381 17.52119 5.52939 -94.10225 17.81029 12.38916 -81.73592 17.51791 -48.30472 -84.99563 17.8012 -42.25138 -87.93714 17.44067 -35.82349 -77.92781 17.4807 -54.24615 -73.70877 17.48068 -59.85319 -69.11863 17.68157 -65.07526 -64.05639 17.4407 -70.0931 -58.62244 17.555 -74.68018 -47.09625 17.56731 -82.43209 -52.99134 17.59967 -78.77986 -40.89307 17.48066 -85.69216 -34.5061 17.68155 -88.43927 -27.86086 17.51792 -90.76276 -21.04397 17.48066 -92.58801 13.75814 17.68153 -93.93023 20.68278 17.51786 -92.66245 27.55681 17.4407 -90.86741 34.27555 17.55501 -88.5376 40.53139 17.68151 -85.8451 46.82445 17.48061 -82.6006 52.73444 17.68151 -78.93829 63.8112 17.51792 -70.30104 58.44499 17.5179 -74.82171 90.21543 17.68156 -29.5525 87.80489 17.51789 -36.11658 84.87817 17.68159 -42.51906 81.55352 17.4807 -48.62522 77.73492 17.56736 -54.50126 73.53424 17.46337 -60.07361 68.74229 17.68988 -65.46747 94.51855 17.5179 -8.963763 93.58445 17.6815 -15.94129 92.18334 17.48071 -22.75124 94.93 17.4807 -1.91882 94.79898 17.68155 5.032668 94.17553 17.51787 12.04471 93.02738 17.48062 19.00777 91.39089 17.68986 25.67482 86.57904 17.51792 38.96375 89.2443 17.52116 32.4037 55.9842 17.68159 76.66775 61.4412 17.56743 72.37461 66.56484 17.59962 67.70135 71.44681 17.48065 62.53592 75.88893 17.51788 57.0524 79.89931 17.68154 51.26671 83.45175 17.4806 45.29011 37.54675 17.50387 87.20719 43.94865 17.5997 84.15975 50.12399 17.48064 80.64102 30.98677 17.50758 89.74738 24.34589 17.80117 91.74266 17.64661 17.51791 93.28828 10.66964 17.48066 94.34801 3.672625 17.48067 94.87834 34.31792 0 -88.58487 -5.408713 0 -94.86962 1.94553 15.63565 -94.98872 27.68195 0 -90.87744 20.8949 0 -92.67363 -20.89481 0 -92.67366 -27.68205 0 -90.87741 -34.31795 0 -88.58486 -40.76647 0 -85.80847 -52.96156 0 -78.86743 -46.99224 0 -82.56349 -58.64143 0 -74.74076 -64.00108 0 -70.20584 -69.01119 0 -65.28748 -73.64437 0 -60.01255 -77.87532 0 -54.40985 -87.93556 0 -35.9491 -85.04051 0 -42.34514 -81.68101 0 -48.50991 -94.20624 0 12.25496 -94.85404 0 5.26409 -94.98377 0 -1.755487 -94.59474 0 -8.765552 -93.68907 0 -15.72762 -92.27172 0 -22.60376 -90.35036 0 -29.35661 -91.37343 0 25.99798 -93.04392 0 19.17887 -89.2039 0 32.67513 -86.54713 0 39.1739 -83.41779 0 45.45848 -79.83268 0 51.49506 -75.81163 0 57.2503 -61.36318 0 72.52281 -66.55158 0 67.79296 -71.37656 0 62.69279 -17.45613 0 93.38246 -24.30506 0 91.83824 -31.02105 0 89.7925 -37.56793 0 87.25623 -43.90936 0 84.24349 -50.01102 0 80.77065 -55.83959 0 76.85661 -3.510435 0 94.93512 -10.51203 0 94.41661 -13.99361 0 -93.96371 13.99372 0 -93.9637 -52.04506 63.70653 59.55576 -51.8271 49.52723 66.43839 -52.04416 56.57291 62.97212 -50.91516 40.17451 71.36759 -47.36949 25.64583 79.97199 -48.6672 29.73063 77.4382 -49.9183 34.28552 74.6233 -48.31829 25.22299 79.47718 -47.97122 25.1053 79.84399 -70.08137 24.08915 61.90097 -76.76676 25.11845 52.71397 -79.60399 25.23543 48.1309 -52.64984 25.1146 76.81287 -58.14802 25.11717 72.73769 -63.56026 25.08789 68.09835 -68.20465 25.11622 63.4054 -72.70881 25.11816 58.18262 -79.87522 25.11428 47.90773 -79.91467 25.65401 47.43918 -77.04143 30.27056 48.90299 -64.32394 53.20872 52.11583 -60.00272 62.24612 52.1074 -67.32917 47.37751 51.79402 -69.00451 44.09996 51.52811 -71.49059 39.94883 50.88063 -59.21813 64.40661 52.05395 -62.88599 56.70318 52.0674 -66.57101 49.30221 51.80003 -53.0975 68.49333 56.2352 -52.17162 64.68129 58.90812 -72.01461 38.84281 -50.78556 -69.76686 42.96592 -51.34924 -64.88296 52.44414 -52.05297 -59.54912 63.73886 -52.03768 -62.83535 56.39381 -52.15338 -74.56446 34.4075 -49.93723 -77.32254 29.85136 -48.76255 -79.91803 25.66138 -47.4319 -79.47718 25.22299 -48.31829 -79.84788 25.11533 -47.95261 -76.76128 25.03279 -52.82491 -52.57773 25.09582 -76.8864 -48.03436 25.14818 -79.77716 -72.62303 25.09119 -58.33285 -68.20716 25.09383 -63.43465 -63.21609 25.08214 -68.42401 -58.09172 25.1008 -72.80346 -47.44141 25.63889 -79.91787 -51.98621 53.99455 -64.24795 -48.90301 30.27061 -77.0414 -52.14481 56.39329 -62.84411 -52.11113 63.1657 -59.62137 -52.09722 52.7866 -64.53454 -51.79402 47.37751 -67.32917 -51.52811 44.09996 -69.00451 -51.473 45.00702 -68.78209 -50.38999 36.97925 -73.15482 -56.39389 68.35942 -53.0134 -52.05193 64.9236 -58.97843 -52.92243 68.10301 -56.5855 59.52317 63.79249 52.03829 79.83502 25.6581 47.49029 66.43839 49.52723 51.8271 77.4382 29.73063 48.6672 72.98851 37.24723 50.45121 63.16912 55.85922 52.14523 79.47844 25.2229 48.31692 79.84857 25.11686 47.94978 74.67256 24.07647 56.28413 52.67232 25.1196 76.79401 48.12895 25.23673 79.60395 76.82099 25.07563 52.67477 72.72853 25.11913 58.15662 68.24839 25.11769 63.3566 70.17659 24.08401 61.79561 63.33684 25.11224 68.27426 58.64301 25.07946 72.38845 47.90758 25.11542 79.87438 47.43368 25.65107 79.92423 48.90299 30.27056 77.04143 52.14418 56.32791 62.89603 52.11325 63.19144 59.5864 51.37657 42.9816 69.65409 50.39038 36.98558 73.15231 52.05396 64.40654 59.21816 51.98307 52.75018 64.82022 51.45273 44.88646 68.85588 53.08364 68.43711 56.25989 55.9811 68.77953 53.22932 47.42853 25.66148 -79.9207 51.8271 49.52723 -66.43839 52.03768 63.73885 -59.54913 52.14505 55.8471 -63.17496 50.91516 40.17451 -71.36759 48.66707 29.72996 -77.43855 49.9183 34.28552 -74.6233 47.93442 25.32296 -79.65415 47.95135 25.11625 -79.84803 52.41379 25.02091 -77.04937 76.66249 25.08681 -52.91942 79.56742 25.12151 -48.37804 58.05095 25.09285 -72.8465 63.17018 25.07768 -68.47226 68.09088 25.07608 -63.58573 72.65683 25.08803 -58.29577 80.00883 25.56824 -47.3562 64.24795 53.99455 -51.98621 76.97701 30.35831 -48.94025 59.61167 63.27299 -52.09995 65.31222 51.22236 -52.04009 68.4877 45.50264 -51.55918 73.70901 36.04133 -50.187 53.0134 68.35942 -56.39389 58.66952 65.38195 -52.14578 56.5852 68.11089 -52.92229 -27.27466 22.281 -90.06878 -20.59666 22.25918 -91.82998 -14.0168 22.13104 -93.1032 -7.063092 22.33812 -93.82884 -33.94305 22.15355 -87.81393 -40.34436 22.22782 -85.03459 -46.64276 21.49755 -81.94932 -46.43228 24.02111 -81.18222 -52.56755 21.49755 -78.28085 -58.20523 21.49755 -74.18482 -63.52502 21.49755 -69.68363 -68.49786 21.49755 -64.80186 -81.07342 21.49755 -48.14913 -77.29609 21.49755 -54.00512 -73.09659 21.49755 -59.56615 -84.25545 22.15312 -42.00576 -80.44673 24.14127 -47.62973 -91.39137 22.32458 -22.40406 -89.55641 22.22044 -28.99098 -86.97078 22.38142 -35.87895 -92.86844 22.13903 -15.48307 -93.6948 22.26584 -8.826594 -94.08432 22.29542 -1.955594 -92.1902 22.34009 18.83085 -93.34983 22.21342 12.03345 -94.00799 22.15692 5.067 -90.5579 22.15301 25.74417 -88.43058 22.38862 32.10881 -82.64208 21.97252 45.14744 -85.69599 22.28994 38.88824 -79.18011 22.07634 50.9391 -74.65981 24.08974 56.29159 -75.24773 21.49755 56.82444 -70.84561 21.49755 62.2265 -66.05656 21.49755 67.2887 -60.43144 24.1299 71.32508 -60.90673 21.49755 71.98339 -55.42425 21.49755 76.28493 -54.95489 24.1392 75.63892 -49.63906 21.49755 80.16983 -30.67897 22.32876 88.95475 -37.25396 22.33639 86.40514 -43.4797 22.1461 83.50686 -23.95915 22.13321 91.05232 -17.40465 22.24385 92.49181 -10.63614 22.33167 93.49283 -3.644349 22.28954 94.03541 3.417223 22.1531 94.08384 10.45208 22.30565 93.52012 17.21381 22.31303 92.51231 37.16057 22.40007 86.42949 30.55189 22.27382 89.00998 24.14692 22.14442 90.99949 43.64564 22.12977 83.42535 60.90673 21.49755 71.98339 54.95489 24.1392 75.63892 55.42425 21.49755 76.28493 49.41681 22.09544 80.14262 65.86852 22.34358 67.17498 70.84561 21.49755 62.2265 75.24773 21.49755 56.82444 85.62185 22.31566 39.03427 82.6564 22.03907 45.12388 79.0772 22.10151 51.0893 88.54037 21.49755 32.4321 90.60518 22.12684 25.60425 87.83338 24.51254 31.68295 93.30481 22.2822 12.26559 92.15659 22.28161 19.05883 94.00146 22.15011 5.230807 94.09481 22.2674 -1.77808 93.69687 22.33014 -8.658409 92.83457 22.13958 -15.6839 91.38539 22.3232 -22.43194 89.59704 22.16293 -28.90012 87.04776 22.37473 -35.70478 77.29609 21.49755 -54.00512 80.43798 24.09313 -47.67316 81.07342 21.49755 -48.14913 84.3281 22.15688 -41.85669 73.09659 21.49755 -59.56615 68.49786 21.49755 -64.80186 63.52502 21.49755 -69.68363 58.20523 21.49755 -74.18482 52.56755 21.49755 -78.28085 46.27838 22.40559 -81.90501 40.49752 22.24085 -84.95903 20.80394 22.32758 -91.7681 27.45048 22.26228 -90.01957 34.09761 22.15477 -87.75356 13.83533 22.14821 -93.12549 -0.1023975 22.14007 -94.14994 7.047444 22.35802 -93.82408 0 18.35112 -94.84768 -7.004741 18.35112 -94.58867 36.74489 70.00901 -67.44931 67.34706 69.92416 36.97548 -64.29958 70.03295 42.00901 -60.96439 69.17075 47.12228 -67.47241 69.80155 36.82785 -42.00901 70.03295 64.29958 -37.14805 69.85814 67.2716 -47.30962 69.08805 60.86451 -52.10318 69.97576 56.45104 -56.46694 69.97952 52.08616 -42.00901 70.03295 -64.29958 -47.12228 69.17075 -60.96439 -36.67118 69.96773 -67.50527 -64.29958 70.03295 -42.00901 -67.38835 69.9566 -36.88356 -60.86452 69.08805 -47.30961 -56.45104 69.97576 -52.10318 -52.08615 69.97951 -56.46695 42.00901 70.03295 64.29958 47.12228 69.17075 60.96439 36.80536 69.71574 67.51486 64.29958 70.03295 42.00901 60.86452 69.08805 47.30961 56.45104 69.97576 52.10318 52.08615 69.97951 56.46695 64.29958 70.03295 -42.00901 60.96439 69.17075 -47.12228 67.53965 69.82088 -36.69934 42.00901 70.03295 -64.29958 47.30962 69.08805 -60.86451 52.10318 69.97576 -56.45104 56.46694 69.97952 -52.08616 -30.88681 69.98838 -70.33575 -24.90094 69.89459 -72.70056 -18.69582 70.15952 -74.45378 -70.34375 70.00099 -30.86104 -72.64462 70.03298 -24.93895 -76.03218 72.3709 -0.02756476 -76.53713 70.05149 -6.354667 -74.45227 70.06153 -18.83244 -75.02019 72.46665 -12.24866 -74.94622 72.35562 12.84885 -76.54388 70.03295 6.34257 -70.32448 69.98033 30.91658 -72.66903 69.95267 24.94144 -74.54578 69.78557 18.79463 -30.85226 70.02118 70.34114 -24.95304 70.00995 72.64739 -18.91239 69.90462 74.48229 -12.28291 72.35193 75.04053 -6.453421 69.82211 76.59647 0.1156605 72.35834 76.0362 30.85275 70.03292 70.33706 24.94843 70.01559 72.64698 6.486207 69.84725 76.58419 12.69165 72.45699 74.94789 18.87871 69.9194 74.48525 70.33437 69.96766 30.90572 72.64463 70.03297 24.93895 73.77745 72.48408 18.29063 75.51715 70.47232 13.19789 76.58208 69.89614 6.371958 76.03726 72.35859 -0.2506402 76.53416 70.05851 -6.361408 74.93405 72.46506 -12.76677 74.45209 70.05729 -18.83919 72.64339 70.07063 -24.90649 70.34259 70.00212 -30.86257 30.88043 69.98247 -70.34099 24.882 69.90736 -72.7019 18.6533 70.20547 -74.44877 12.32601 72.46015 -75.00818 6.336246 69.97727 -76.56121 -0.2633553 72.46499 -76.01345 -6.317716 69.96918 -76.56575 -12.84081 72.47562 -74.91983 62.95702 76.80539 41.13187 63.46332 73.37252 41.46266 66.67053 73.37252 36.08028 75.20251 76.80539 0 75.54837 73.37252 -6.260117 71.12783 76.80539 -24.41822 71.69985 73.37252 -24.61459 69.4223 73.37252 -30.45144 46.33017 77.72293 -59.08992 46.5618 73.37252 -59.82261 41.46266 73.37252 -63.46332 -62.95702 76.80539 -41.13187 -63.46332 73.37252 -41.46266 -66.67053 73.37252 -36.08028 -75.08683 77.72291 -0.267215 -75.54837 73.37252 6.260117 -71.12783 76.80539 24.41822 -71.69985 73.37252 24.61459 -69.4223 73.37252 30.45144 -46.19034 76.80539 59.34534 -46.5618 73.37252 59.82261 -41.46266 73.37252 63.46332 18.60959 73.37252 73.48761 59.82261 73.37252 46.5618 69.4223 73.37252 30.45144 71.69985 73.37252 24.61459 73.48761 73.37252 -18.60959 66.67053 73.37252 -36.08028 59.82261 73.37252 -46.5618 36.08028 73.37252 -66.67053 18.60959 73.37252 -73.48761 -18.60959 73.37252 -73.48761 -59.82261 73.37252 -46.5618 -69.4223 73.37252 -30.45144 -71.69985 73.37252 -24.61459 -73.48761 73.37252 18.60959 -66.67053 73.37252 36.08028 -59.82261 73.37252 46.5618 -36.08028 73.37252 66.67053 -6.260117 73.37252 75.54837 -18.60959 73.37252 73.48761 -24.61459 73.37252 71.69985 -51.34288 73.37252 55.77324 -73.48761 73.37252 -18.60959 -55.77324 73.37252 -51.34288 -51.34288 73.37252 -55.77324 -46.5618 73.37252 -59.82261 -36.08028 73.37252 -66.67053 -41.46266 73.37252 -63.46332 -30.45144 73.37252 -69.4223 -6.260117 73.37252 -75.54837 24.61459 73.37252 -71.69985 51.34288 73.37252 -55.77324 74.77338 73.37252 12.47747 55.77324 73.37252 51.34288 51.34288 73.37252 55.77324 46.5618 73.37252 59.82261 36.08028 73.37252 66.67053 41.46266 73.37252 63.46332 30.45144 73.37252 69.4223 6.260117 73.37252 75.54837 -0.2672295 77.72291 75.08683 -6.210174 76.80539 74.94565 -12.6225 77.72295 74.01876 -18.46113 76.80539 72.90133 -24.41822 76.80539 71.12783 -35.79243 76.80539 66.13864 -41.13187 76.80539 62.95702 -55.77324 73.37252 51.34288 -55.32828 76.80539 50.93327 -51.05153 77.72295 55.06218 -59.41819 77.72293 45.9084 -66.11608 77.70149 35.60396 -68.86846 76.80539 30.2085 -72.8548 77.72288 18.17367 -74.17684 76.80539 12.37793 -74.94565 76.80539 6.210174 -65.90972 77.72291 -35.9724 -68.86846 76.80539 -30.2085 -71.12783 76.80539 -24.41822 -72.7236 77.7229 -18.69175 -74.17684 76.80539 -12.37793 -55.32828 76.80539 -50.93327 -50.93327 76.80539 -55.32828 -46.00072 77.70151 -59.35411 -41.13187 76.80539 -62.95702 -35.79243 76.80539 -66.13864 -24.61459 73.37252 -71.69985 -24.41822 76.80539 -71.12783 -29.91732 77.72297 -68.86986 -18.46113 76.80539 -72.90133 0.2672294 77.72291 -75.08683 -6.046643 77.70149 -74.84928 6.260117 73.37252 -75.54837 6.210174 76.80539 -74.94565 18.46113 76.80539 -72.90133 12.62248 77.72295 -74.01876 24.41822 76.80539 -71.12783 35.79243 76.80539 -66.13864 41.13187 76.80539 -62.95702 55.77324 73.37252 -51.34288 55.32828 76.80539 -50.93327 50.93327 76.80539 -55.32828 59.41819 77.72293 -45.9084 66.11608 77.70149 -35.60396 68.86846 76.80539 -30.2085 72.8548 77.72288 -18.17367 74.17684 76.80539 -12.37793 74.94565 76.80539 -6.210174 65.90972 77.72291 35.9724 68.86846 76.80539 30.2085 71.12783 76.80539 24.41822 72.7236 77.7229 18.69175 74.17684 76.80539 12.37793 55.32828 76.80539 50.93327 50.93327 76.80539 55.32828 46.00072 77.70151 59.35411 41.13187 76.80539 62.95702 35.79243 76.80539 66.13864 24.61459 73.37252 71.69985 24.41822 76.80539 71.12783 29.91732 77.72297 68.86986 18.46113 76.80539 72.90133 6.046632 77.70149 74.84928 -6.193496 80.28524 74.74384 -24.35243 80.28524 70.9363 -18.41144 80.2853 72.70502 -30.40677 77.72297 68.65517 -30.45144 73.37252 69.4223 -35.69606 80.28528 65.96054 -41.0211 80.28525 62.78749 -46.06594 80.28529 59.18555 -55.1793 80.28522 50.79611 -62.7875 80.28524 41.02109 -62.95702 76.80539 41.13187 -63.46332 73.37252 41.46266 -68.68299 80.28527 30.12718 -70.9363 80.2852 24.35249 -73.9771 80.28528 12.34463 -74.74385 80.28529 6.19341 -74.74385 80.28527 -6.193412 -74.94565 76.80539 -6.210174 -75.54837 73.37252 -6.260117 -73.9771 80.28521 -12.34463 -70.9363 80.28527 -24.35245 -68.68299 80.28526 -30.12719 -62.78749 80.28524 -41.0211 -59.08993 77.72294 -46.33015 -55.1793 80.28523 -50.79611 -50.7961 80.28526 -55.1793 -35.69606 80.28521 -65.96054 -41.02112 80.28524 -62.78748 -18.41143 80.28527 -72.70502 -24.35244 80.28527 -70.9363 -12.37793 76.80539 -74.17684 -12.34456 80.28526 -73.97711 6.193504 80.28527 -74.74384 24.35243 80.28524 -70.9363 18.41144 80.2853 -72.70502 30.40677 77.72297 -68.65517 30.45144 73.37252 -69.4223 35.69606 80.28528 -65.96054 41.0211 80.28525 -62.78749 50.79611 80.28524 -55.1793 55.1793 80.28522 -50.79611 62.7875 80.28524 -41.02109 62.95702 76.80539 -41.13187 63.46332 73.37252 -41.46266 68.68299 80.28527 -30.12718 70.9363 80.2852 -24.35249 73.9771 80.28528 -12.34463 74.74385 80.28529 -6.19341 75.00001 80.28529 1.78372e-5 74.80831 77.7229 6.466921 75.54837 73.37252 6.260117 73.9771 80.28521 12.34463 70.9363 80.28527 24.35245 68.68299 80.28526 30.12719 62.78749 80.28524 41.0211 59.08993 77.72294 46.33015 55.1793 80.28523 50.79611 50.7961 80.28526 55.1793 35.69606 80.28521 65.96054 41.02112 80.28524 62.78748 18.41143 80.28527 72.70502 24.35244 80.28527 70.9363 12.37793 76.80539 74.17684 12.34457 80.28521 73.97711 -50.91266 84.84967 55.01716 -72.67923 84.85506 18.31651 72.69843 84.7667 -18.40939 -12.31283 84.93376 -73.84889 -6.266878 84.93799 -74.59641 -0.03191012 84.93741 -74.85627 -18.43862 84.9332 -72.54923 -24.39614 84.93168 -70.76709 -30.20371 84.93005 -68.48875 -35.82398 84.92838 -65.72269 -41.20694 84.92671 -62.48774 -46.30394 84.92512 -58.81008 -51.074 84.92362 -54.7186 -55.48242 84.92226 -50.24358 -59.49849 84.92105 -45.41714 -63.09466 84.92 -40.27334 -66.24649 84.91911 -34.84813 -68.90853 84.92157 -29.25227 -71.13383 84.91778 -23.30701 -72.8538 84.91355 -17.16827 -74.03555 84.91286 -11.01249 -74.69805 84.91677 -4.883166 -74.84561 84.91666 1.383627 -73.55289 84.91239 13.90432 -74.72032 84.8356 6.08418 -62.7002 84.89024 40.93056 -59.20071 84.85449 45.96929 -55.20249 84.8544 50.70113 -30.0702 84.84854 68.6657 -24.3809 84.84342 70.88285 -21.65308 84.91661 71.66471 -18.49877 84.88926 72.55844 -12.27229 84.84899 73.94895 0.02263003 84.85395 74.95343 -6.216749 84.84014 74.70436 6.211739 84.85395 74.6956 18.24029 84.85779 72.70144 9.427904 84.90955 74.26198 24.41154 84.83451 70.88369 35.59399 84.84902 65.97093 30.12748 84.85401 68.63188 41.12119 84.84894 62.67518 46.00146 84.86241 59.16827 55.08494 84.84923 50.83992 50.68738 84.83525 55.23654 62.83404 84.8492 40.87719 59.24374 84.84914 45.92665 65.928 84.85455 35.65636 70.94598 84.84945 24.2005 68.70522 84.84937 29.97687 72.11423 84.90917 20.064 74.45877 84.91432 7.70976 73.53265 84.91288 14.011 74.8436 84.91435 1.417624 74.70301 84.91719 -4.83676 72.85041 84.91536 -17.20101 74.04802 84.91427 -10.94742 71.15473 84.9159 -23.23662 68.9597 84.91657 -29.10976 59.54692 84.91945 -45.35076 63.13571 84.91834 -40.20561 55.53876 84.92073 -50.17879 46.37701 84.92372 -58.7504 51.13868 84.92215 -54.65589 41.23421 84.92506 -62.47011 30.23555 84.92949 -68.48028 35.91315 84.92785 -65.6733 24.45377 84.93062 -70.74564 12.35184 84.93344 -73.83731 18.45033 84.93241 -72.55142 6.174055 84.93413 -74.6109 -68.69779 84.83534 30.014 -65.90185 84.85465 35.70444 -41.16254 84.84958 62.64708 -35.63753 84.84858 65.94811 68.68299 84.76394 -30.11358 66.25568 84.92082 -34.84157 -70.96161 84.85013 24.15195 -46.19535 84.84963 59.0338 70.93514 84.76393 -24.339 65.95684 84.75187 -35.69404 3.33748e-4 84.76668 -74.99311 -6.192553 84.7667 -74.73701 -12.30996 84.79325 -73.9708 -18.39805 84.76393 -72.70276 -24.36456 84.76365 -70.92644 -30.12406 84.7667 -68.67684 -35.68256 84.76393 -65.96162 -41.03041 84.76365 -62.77496 -46.06142 84.76669 -59.18033 -50.7833 84.76393 -55.18365 -59.19026 84.76364 -46.05109 -62.79098 84.76365 -41.0059 -70.93594 84.76365 -24.33688 -68.68336 84.74941 -30.11808 -72.68973 84.79684 -18.41147 -73.9599 84.79325 -12.37529 -74.73695 84.7667 -6.19323 -74.99454 84.76391 -0.01239311 -73.96046 84.79286 12.37323 -62.78273 84.76172 41.02033 -18.39591 84.76364 72.70339 12.30996 84.79325 73.9708 72.68973 84.79684 18.41147 73.9599 84.79325 12.37529 74.73967 84.76364 6.178421 74.99312 84.76668 3.4017e-4 74.73941 84.76393 -6.180645 73.96046 84.79286 -12.37323 62.78273 84.76172 -41.02033 59.18032 84.7667 -46.06145 55.17446 84.7667 -50.7912 50.80155 84.76393 -55.16687 46.07236 84.76393 -59.17362 35.6806 84.76364 -65.96276 30.11809 84.74941 -68.68335 18.37849 84.79287 -72.70129 12.3459 84.79682 -73.96188 -55.16685 84.76393 -50.80155 -65.9543 84.7667 -35.69309 41.0285 84.76394 -62.77612 24.35055 84.7667 -70.92967 6.225507 84.79326 -74.72923 -15.59009 84.94934 73.21305 -3.163099 84.9344 74.8125 3.108143 84.9344 74.81481 15.54139 84.9344 73.24876 21.61618 84.9344 71.6914 27.53935 84.9344 69.63117 33.26935 84.9344 67.08254 38.76599 84.9344 64.06336 43.99072 84.9344 60.59482 48.90688 84.9344 56.70126 53.48 84.9344 52.40998 57.67799 84.9344 47.75107 61.47141 84.9344 42.75724 64.83366 84.9344 37.46348 67.74114 84.9344 31.90696 70.17346 84.9344 26.12662 -9.412156 84.9344 74.28545 -74.47202 84.9344 7.799671 -72.12837 84.9344 20.11005 -70.19264 84.9344 26.07507 -67.76456 84.9344 31.85719 -64.86116 84.9344 37.41585 -61.5028 84.9344 42.71207 -57.71305 84.9344 47.70869 -53.51848 84.9344 52.37068 -48.94852 84.9344 56.66532 -44.03522 84.9344 60.56249 -38.81304 84.9344 64.03487 -33.31862 84.9344 67.05808 -27.59049 84.9344 69.61093</float_array>
          <technique_common>
            <accessor source="#eSeries_UR10e_010-mesh-positions-array" count="1372" stride="3">
              <param name="X" type="float"/>
              <param name="Y" type="float"/>
              <param name="Z" type="float"/>
            </accessor>
          </technique_common>
        </source>
        <source id="eSeries_UR10e_010-mesh-normals">
          <float_array id="eSeries_UR10e_010-mesh-normals-array" count="7746">-4.17859e-4 0.9999991 -0.001332104 7.37773e-5 1 -7.06675e-5 4.64028e-4 0.9999999 1.36267e-4 2.09337e-5 1 -7.17918e-5 -3.94701e-4 1 1.45151e-4 3.10699e-4 0.9999998 -5.91299e-4 1.71813e-4 1 -4.23245e-5 -1.82666e-4 1 3.09175e-4 -1.53718e-5 1 -6.281e-5 -3.5529e-4 0.9999995 9.03083e-4 -0.1478483 0.7825294 -0.6048046 -0.2328316 0.6477218 -0.7254281 -0.4682475 0.7529749 -0.462356 -0.592437 0.6048891 -0.5320975 -0.6384195 0.7620711 -0.10802 -0.7430225 0.6625921 -0.09428405 -0.657786 0.7304303 0.1838186 -0.7254224 0.6477309 0.2328242 -0.4925833 0.7468205 0.4467895 -0.5912415 0.4658218 0.6583642 -0.2059525 0.8470237 0.4900354 -0.1168724 0.3753771 0.9194743 0.1183069 0.8204149 0.5593953 0.2328254 0.6477343 0.725419 0.4573265 0.7499424 0.4779527 0.6360552 0.5187802 0.5712275 0.5327484 0.8318797 0.1554199 0.8504489 0.5148487 0.1080172 0.6048059 0.7825285 -0.1478477 0.7254516 0.6476923 -0.2328407 0.4779552 0.7499371 -0.4573326 0.57124 0.5187596 -0.6360609 0.1554159 0.831884 -0.5327429 0.1080222 0.514842 -0.8504522 -0.1838176 0.7304261 -0.6577909 -0.2328292 0.6477313 -0.7254205 -0.4682812 0.7529817 -0.462311 -0.5927227 0.604387 -0.5323497 -0.6381563 0.7622871 -0.1080504 -0.7430204 0.6625943 -0.09428435 -0.7254182 0.6477359 0.2328236 -0.4779519 0.7499411 0.4573296 -0.5712333 0.5187816 0.636049 -0.1554172 0.8318872 0.5327376 -0.1080211 0.5148414 0.8504527 0.1478448 0.7825298 0.6048049 0.2328392 0.6477099 0.7254364 0.4573318 0.7499358 0.4779582 0.636054 0.5187829 0.5712265 0.532745 0.8318822 0.155418 0.8504655 0.5148208 0.1080192 0.6047989 0.7825339 -0.1478478 0.7254334 0.6477148 -0.2328348 0.4623639 0.7529693 -0.4682489 0.5320972 0.6048889 -0.5924374 0.1080207 0.7620657 -0.6384258 0.0942822 0.662608 -0.7430085 -0.1478448 0.7825298 -0.6048049 -0.2328392 0.6477099 -0.7254364 -0.4573318 0.7499358 -0.4779582 -0.636054 0.5187829 -0.5712265 -0.532745 0.8318822 -0.155418 -0.8504655 0.5148208 -0.1080192 -0.6047989 0.7825339 0.1478478 -0.7254334 0.6477148 0.2328348 -0.4623639 0.7529693 0.4682489 -0.5320972 0.6048889 0.5924374 -0.1080207 0.7620657 0.6384258 -0.0942822 0.662608 0.7430085 0.1838176 0.7304261 0.6577909 0.2328292 0.6477313 0.7254205 0.4682449 0.7529761 0.4623568 0.5924397 0.6048876 0.5320962 0.6384266 0.7620649 0.1080212 0.7430204 0.6625943 0.09428435 0.6577785 0.7304326 -0.1838361 0.7255148 0.6476172 -0.2328526 0.4779033 0.7500227 -0.4572467 0.5712333 0.5187816 -0.636049 0.1554172 0.8318872 -0.5327376 0.1080211 0.5148414 -0.8504527 -0.1838314 0.7304333 -0.657779 -0.2328569 0.6476254 -0.725506 -0.4572458 0.7500212 -0.4779063 -0.6360552 0.5187802 -0.5712275 -0.5327484 0.8318797 -0.1554199 -0.8504489 0.5148487 -0.1080172 -0.6048059 0.7825285 0.1478477 -0.7254516 0.6476923 0.2328407 -0.4779552 0.7499371 0.4573326 -0.57124 0.5187596 0.6360609 -0.1554159 0.831884 0.5327429 -0.1080222 0.514842 0.8504522 0.1478483 0.7825294 0.6048046 0.2328316 0.6477218 0.7254281 0.4682475 0.7529749 0.462356 0.592437 0.6048891 0.5320975 0.6384195 0.7620711 0.10802 0.7430225 0.6625921 0.09428405 0.657786 0.7304303 -0.1838186 0.7254224 0.6477309 -0.2328242 0.46236 0.7529761 -0.4682416 0.1080209 0.7620649 -0.6384267 0.09428304 0.6626098 -0.7430068 -1.67611e-4 1 7.46271e-5 -2.79856e-4 1 -6.28076e-5 -3.0313e-4 1 2.94182e-4 -2.18269e-4 1 4.23881e-4 -1.09903e-4 1 4.50344e-4 4.08663e-4 1 2.43678e-4 3.63824e-6 1 5.07343e-5 -1.2984e-4 1 1.22461e-4 7.50084e-5 1 1.67424e-4 -6.21649e-5 1 2.80387e-4 2.79408e-4 1 3.02859e-4 3.84105e-4 1 2.5639e-4 4.51877e-4 1 1.40754e-4 3.28801e-4 1 -3.97701e-4 4.85965e-5 1 2.15367e-6 5.09636e-5 1 1.52998e-4 1.66565e-4 1 -4.18775e-5 1.53941e-4 1 -1.0447e-4 3.49005e-4 1 -1.35328e-5 2.74625e-4 1 -3.62351e-4 1.91565e-4 0.9999999 -4.36073e-4 -3.81517e-4 0.9999998 -4.56908e-4 5.01755e-6 1 -4.88466e-5 1.52807e-4 1 -5.09999e-5 -4.1866e-5 1 -1.66295e-4 -9.96453e-5 1 -1.54772e-4 1.55573e-5 1 -3.22912e-4 -3.07483e-4 1 -2.94144e-4 -4.23933e-4 0.9999999 -2.18579e-4 -4.49549e-4 1 -1.09869e-4 -2.42863e-4 1 4.09476e-4 -5.06437e-5 1 3.82135e-6 -1.22472e-4 1 -1.3023e-4 -2.79854e-4 1 -6.05635e-5 -3.02182e-4 1 2.79231e-4 -2.56537e-4 1 3.83458e-4 -1.40241e-4 1 4.52711e-4 3.97721e-4 1 3.28452e-4 -3.17572e-6 1 4.94792e-5 -1.52807e-4 1 5.0203e-5 4.18662e-5 1 1.6751e-4 1.04261e-4 1 1.53747e-4 1.48565e-5 1 3.49514e-4 3.61247e-4 1 2.7551e-4 4.35622e-4 0.9999999 1.92414e-4 4.56089e-4 1 -3.81832e-4 4.86258e-5 1 4.38368e-6 5.0963e-5 1 1.52999e-4 1.66566e-4 1 -4.12707e-5 1.54875e-4 1 -9.99063e-5 3.21702e-4 1 1.60786e-5 2.94231e-4 1 -3.08311e-4 2.18266e-4 0.9999999 -4.24712e-4 1.09904e-4 1 -4.49441e-4 -4.08659e-4 1 -2.43676e-4 -3.63825e-6 1 -5.07345e-5 1.29839e-4 1 -1.22461e-4 -7.50079e-5 1 -1.67424e-4 6.21657e-5 1 -2.80812e-4 -2.93843e-4 1 -3.0352e-4 -4.23935e-4 1 -2.18578e-4 -4.49544e-4 1 -1.09868e-4 -2.42865e-4 0.9999999 4.09478e-4 -5.06438e-5 1 3.82135e-6 -1.22473e-4 1 -1.30231e-4 -1.67611e-4 1 7.59247e-5 -1.04261e-4 1 -1.53747e-4 -1.48565e-5 1 -3.49514e-4 -3.61247e-4 1 -2.7551e-4 -4.35622e-4 0.9999999 -1.92414e-4 -4.56089e-4 1 3.81832e-4 -4.86258e-5 1 -4.38368e-6 -5.0963e-5 1 -1.52999e-4 -1.66566e-4 1 4.12707e-5 -1.54875e-4 1 9.99063e-5 -3.21702e-4 1 -1.60786e-5 -2.94231e-4 1 3.08311e-4 -2.18266e-4 0.9999999 4.24712e-4 -1.09904e-4 1 4.49441e-4 4.08659e-4 1 2.43676e-4 3.63825e-6 1 5.07345e-5 -1.29839e-4 1 1.22461e-4 7.50079e-5 1 1.67424e-4 -6.21657e-5 1 2.80812e-4 2.93843e-4 1 3.0352e-4 4.23935e-4 1 2.18578e-4 4.49544e-4 1 1.09868e-4 2.42865e-4 0.9999999 -4.09478e-4 5.06438e-5 1 -3.82135e-6 1.22473e-4 1 1.30231e-4 1.67611e-4 1 -7.59247e-5 2.79854e-4 1 6.05635e-5 3.02182e-4 1 -2.79231e-4 2.56537e-4 1 -3.83458e-4 1.40241e-4 1 -4.52711e-4 -3.97721e-4 1 -3.28452e-4 3.17572e-6 1 -4.94792e-5 1.52807e-4 1 -5.0203e-5 -4.18662e-5 1 -1.6751e-4 -7.50084e-5 1 -1.67424e-4 6.21649e-5 1 -2.80387e-4 -2.79408e-4 1 -3.02859e-4 -3.84105e-4 1 -2.5639e-4 -4.51877e-4 1 -1.40754e-4 -3.28801e-4 1 3.97701e-4 -4.85965e-5 1 -2.15367e-6 -5.09636e-5 1 -1.52998e-4 -1.66565e-4 1 4.18775e-5 -1.53941e-4 1 1.0447e-4 -3.49005e-4 1 1.35328e-5 -2.74625e-4 1 3.62351e-4 -1.91565e-4 0.9999999 4.36073e-4 3.81517e-4 0.9999998 4.56908e-4 -5.01755e-6 1 4.88466e-5 -1.52807e-4 1 5.09999e-5 4.1866e-5 1 1.66295e-4 9.96453e-5 1 1.54772e-4 -1.55573e-5 1 3.22912e-4 3.07483e-4 1 2.94144e-4 4.23933e-4 0.9999999 2.18579e-4 4.49549e-4 1 1.09869e-4 2.42863e-4 1 -4.09476e-4 5.06437e-5 1 -3.82135e-6 1.22472e-4 1 1.3023e-4 1.67611e-4 1 -7.46271e-5 2.79856e-4 1 6.28076e-5 3.0313e-4 1 -2.94182e-4 2.18269e-4 1 -4.23881e-4 1.09903e-4 1 -4.50344e-4 -4.08663e-4 1 -2.43678e-4 -3.63824e-6 1 -5.07343e-5 1.2984e-4 1 -1.22461e-4 -0.2437625 0.002871334 -0.9698308 -0.2638729 -0.002615213 -0.964554 -0.5410764 0.00248003 -0.8409698 -0.551147 0 -0.8344083 -0.7225102 0 -0.6913604 -0.7299882 -0.002154409 -0.6834563 -0.8890765 0.002480447 -0.4577521 -0.8945182 0 -0.4470316 -0.9713915 0 -0.2374841 -0.9739174 -0.002155363 -0.2268928 -0.9974253 0.002871751 0.07165706 -0.9957209 -0.002614557 0.09237492 -0.9127638 0.002871751 0.4084777 -0.9040794 -0.002615272 0.4273566 -0.7180119 0.002871751 0.6960249 -0.7033926 -0.002613842 0.7107967 -0.4577605 0.002481341 0.8890722 -0.4178603 -0.006673634 0.9084869 -0.237473 0.007579505 0.9713646 -0.08193302 -0.01196551 0.9965661 0.07165342 0.01222419 0.9973548 0.2325133 -0.00796473 0.9725607 0.4084633 0.007436871 0.9127445 0.4522126 -0.00215584 0.8919076 0.6788889 0.002479553 0.7342368 0.7107805 -0.006674468 0.7033823 0.8315651 0.007577478 0.5553758 0.9084417 -0.0119661 0.4178404 0.9550257 0.008518695 0.2964006 0.9978469 -0.007042229 0.06520783 0.9966336 -0.002616047 0.08194273 0.9698302 0.002872347 -0.2437647 0.9645557 -0.002613067 -0.2638666 0.8279698 0.002872467 -0.5607655 0.8343836 0.005921542 -0.5511524 0.6834312 -0.007615327 -0.7299752 0.6051655 0.008516728 -0.7960541 0.402544 -0.00704354 -0.9153735 0.4178669 -0.002615272 -0.9085045 0.1026409 0.002872347 -0.9947144 0.08194649 -0.002615094 -0.9966334 -0.07165837 0.002871215 -0.9974252 -0.09237617 -0.002615988 -0.9957208 -0.4084777 0.002871394 -0.9127638 -0.4273566 -0.002614974 -0.9040795 -0.6960239 0.002871751 -0.7180129 -0.7107955 -0.002613842 -0.7033939 -0.8890717 0.002482295 -0.4577612 -0.9084877 -0.006673634 -0.4178582 -0.9713642 0.007580101 -0.2374748 -0.9965663 -0.01196622 -0.08193063 -0.9973549 0.01222556 0.07165163 -0.9725605 -0.00796473 0.232514 -0.9127444 0.007436156 0.4084634 -0.8919093 -0.002155363 0.4522092 -0.7342321 0.002479553 0.678894 -0.7033846 -0.006675183 0.7107782 -0.5553697 0.007579028 0.8315691 -0.4178431 -0.0119661 0.9084405 -0.2964025 0.008518576 0.9550252 -0.06520336 -0.007043004 0.9978472 -0.08194595 -0.002615094 0.9966334 0.2437673 0.002871274 0.9698296 0.263871 -0.002614498 0.9645545 0.5607606 0.002873182 0.8279731 0.5511542 0.005921065 0.8343824 0.7299742 -0.007615327 0.6834324 0.7960561 0.008517146 0.6051629 0.9153705 -0.007046163 0.4025511 0.9085059 -0.002614557 0.4178638 0.994714 0.002872526 0.1026445 0.9966336 -0.002614617 0.08194333 0.9698306 0.002872407 -0.2437631 0.9645552 -0.002614498 -0.2638684 0.8409687 0.002480447 -0.5410782 0.8344072 0 -0.5511485 0.6913598 0 -0.7225108 0.6834579 -0.002155303 -0.7299867 0.457749 0.002480506 -0.8890781 0.4470345 0 -0.8945167 0.2374795 0 -0.9713926 0.2268997 -0.002155363 -0.9739158 -0.2437673 0.002871274 -0.9698296 -0.263871 -0.002614498 -0.9645545 -0.5607606 0.002873182 -0.8279731 -0.5511542 0.005921065 -0.8343824 -0.7299742 -0.007615327 -0.6834324 -0.7960561 0.008517146 -0.6051629 -0.9153705 -0.007046163 -0.4025511 -0.9085059 -0.002614557 -0.4178638 -0.994714 0.002872526 -0.1026445 -0.9966336 -0.002614617 -0.08194333 -0.9698306 0.002872407 0.2437631 -0.9645552 -0.002614498 0.2638684 -0.8409687 0.002480447 0.5410782 -0.8344072 0 0.5511485 -0.6913598 0 0.7225108 -0.6834579 -0.002155303 0.7299867 -0.457749 0.002480506 0.8890781 -0.4470345 0 0.8945167 -0.2374795 0 0.9713926 -0.2268997 -0.002155363 0.9739158 0.07165837 0.002871215 0.9974252 0.09237617 -0.002615988 0.9957208 0.4084777 0.002871394 0.9127638 0.4273566 -0.002614974 0.9040795 0.6960239 0.002871751 0.7180129 0.7107955 -0.002613842 0.7033939 0.8890717 0.002482295 0.4577612 0.9084877 -0.006673634 0.4178582 0.9713642 0.007580101 0.2374748 0.9965663 -0.01196622 0.08193063 0.9973549 0.01222556 -0.07165163 0.9725605 -0.00796473 -0.232514 0.9127444 0.007436156 -0.4084634 0.8919093 -0.002155363 -0.4522092 0.7342321 0.002479553 -0.678894 0.7033846 -0.006675183 -0.7107782 0.5553697 0.007579028 -0.8315691 0.4178431 -0.0119661 -0.9084405 0.2964025 0.008518576 -0.9550252 0.06520336 -0.007043004 -0.9978472 0.08194595 -0.002615094 -0.9966334 -0.07165342 0.01222419 -0.9973548 -0.2325133 -0.00796473 -0.9725607 -0.4084633 0.007436871 -0.9127445 -0.4522126 -0.00215584 -0.8919076 -0.6788889 0.002479553 -0.7342368 -0.7107805 -0.006674468 -0.7033823 -0.8315651 0.007577478 -0.5553758 -0.9084417 -0.0119661 -0.4178404 -0.9550257 0.008518695 -0.2964006 -0.9978469 -0.007042229 -0.06520783 -0.9966336 -0.002616047 -0.08194273 -0.9698302 0.002872347 0.2437647 -0.9645557 -0.002613067 0.2638666 -0.8279698 0.002872467 0.5607655 -0.8343836 0.005921542 0.5511524 -0.6834312 -0.007615327 0.7299752 -0.6051655 0.008516728 0.7960541 -0.402544 -0.00704354 0.9153735 -0.4178669 -0.002615272 0.9085045 -0.1026409 0.002872347 0.9947144 -0.08194649 -0.002615094 0.9966334 0.2437625 0.002871334 0.9698308 0.2638729 -0.002615213 0.964554 0.5410764 0.00248003 0.8409698 0.551147 0 0.8344083 0.7225102 0 0.6913604 0.7299882 -0.002154409 0.6834563 0.8890765 0.002480447 0.4577521 0.8945182 0 0.4470316 0.9713915 0 0.2374841 0.9739174 -0.002155363 0.2268928 0.9974253 0.002871751 -0.07165706 0.9957209 -0.002614557 -0.09237492 0.9127638 0.002871751 -0.4084777 0.9040794 -0.002615272 -0.4273566 0.7180119 0.002871751 -0.6960249 0.7033926 -0.002613842 -0.7107967 0.4577605 0.002481341 -0.8890722 0.4178603 -0.006673634 -0.9084869 0.237473 0.007579505 -0.9713646 0.08193302 -0.01196551 -0.9965661 -0.1849432 0.7132651 -0.676054 -0.2540172 0.5559438 -0.7914555 -0.3272197 0.8060576 -0.4931518 -0.6532128 0.4451864 -0.6124722 -0.5137224 0.6786799 -0.5248648 -0.6283343 0.7122927 -0.312786 -0.8025585 0.4985969 -0.3275685 -0.5871462 0.7976314 -0.1379984 -0.7907884 0.6076772 0.07336407 -0.7322796 0.6786851 0.05615282 -0.6336812 0.7132499 0.2995377 -0.6570735 0.6830378 0.3189261 -0.4930211 0.7132458 0.4982073 -0.508382 0.6830115 0.5244457 -0.2928957 0.7132381 0.6367918 -0.2983487 0.6830163 0.666691 -0.057433 0.7132261 0.6985772 -0.06176257 0.7383632 0.6715693 0.1629399 0.7179251 0.6767823 0.2161792 0.6099178 0.7624086 0.2823135 0.7793691 0.5593594 0.5499128 0.441399 0.7090577 0.4208019 0.8059282 0.4164198 0.7214344 0.6078038 0.3318239 0.6622601 0.6786752 0.3175085 0.6985446 0.713258 0.05743205 0.7285166 0.6830263 0.05233293 0.6760665 0.7132531 -0.184944 0.7915629 0.5557571 -0.2540917 0.4930093 0.806179 -0.3271351 0.6126573 0.4446516 -0.6534035 0.5248805 0.6786614 -0.5137307 0.2928911 0.7132487 -0.6367819 0.2983494 0.6830215 -0.6666853 0.05743086 0.7132425 -0.6985605 0.05233561 0.6830217 -0.7285208 -0.5191031 0.8547073 0.00276941 -0.5708643 0.821026 0.005513072 -0.8105328 0.585375 -0.0193091 -0.6093462 0.7262265 0.3182646 -0.3066992 0.9252469 0.2232797 -0.6059618 0.7516968 0.2603121 -0.648689 0.7103235 0.2732091 -0.9374631 -0.2518151 0.2403169 -0.6573846 0.7305511 0.184772 -0.797618 0.5505052 0.2464744 -0.2592873 0.9645787 0.04856073 -0.8184151 0.5538103 0.1532674 -0.8328819 0.5317546 0.1534428 -0.2145845 0.9764623 0.0217933 -0.866194 0.4953013 0.06621563 -0.8379464 0.5412954 0.06960684 0.001117348 0.8263602 0.5631409 0.02798473 0.9655244 0.2588038 -0.2518258 0.8879955 0.3847698 -0.3724561 0.5889232 0.7172489 -0.04588443 0.850795 0.5234909 -0.03950893 0.7542992 0.6553409 -0.09044623 0.8744715 0.4765702 -0.1328867 0.7426978 0.6563087 -0.1440261 0.5478003 0.8241187 -0.06018579 0.977438 0.202466 -0.2413172 0.5318745 0.8117114 -0.2395203 0.537824 0.8083164 -0.1733714 0.9008923 0.397914 -0.2961012 0.6395074 0.7094748 -0.342005 0.5105496 0.7889055 -0.1358206 0.5859401 0.7988912 -0.2057775 0.616944 0.7596288 -0.5205979 0.468842 0.713558 -0.5463951 0.5996261 0.584723 -0.7017644 0.5397873 0.4649263 -0.7475743 0.5488244 0.3740649 -0.212194 0.6713792 0.7100871 -0.3307616 0.6745301 0.6600045 -0.303717 0.7156797 0.6289346 -0.6809456 0.6670091 0.3023439 -0.6988274 0.6870961 0.1988448 -0.6951125 0.6907315 0.1992703 -0.7525988 0.6483801 0.1148846 -0.4827585 0.7349057 0.476296 -0.5140376 0.7528467 0.4110807 -0.09225672 0.9868864 0.1324542 -0.238871 0.9595553 0.1489779 -0.2995368 0.7132561 -0.6336746 -0.3189331 0.6830299 -0.6570783 -0.4982119 0.7132471 -0.4930148 -0.5244359 0.6830179 -0.5083833 -0.6367902 0.7132427 -0.292888 -0.6666842 0.6830207 -0.2983537 -0.6985773 0.7132261 -0.05743235 -0.6718454 0.7381155 -0.06171971 -0.6766213 0.718086 0.1628994 -0.8307243 0.4899853 0.2642189 -0.5384428 0.7976667 0.2716752 -0.5586442 0.607649 0.5645169 -0.5248631 0.6786927 0.5137072 -0.2928913 0.7132514 0.6367788 -0.2983487 0.6830132 0.6666942 -0.05743372 0.7132526 0.6985501 -0.0523324 0.6830155 0.7285267 0.1849404 0.7132687 0.6760509 0.2540966 0.5557382 0.7915744 0.3271329 0.8061755 0.4930164 0.6534049 0.4446567 0.6126521 0.5137306 0.6786595 0.524883 0.6367689 0.7132664 0.2928762 0.6667005 0.6830044 0.2983546 0.6985545 0.7132484 0.05743199 0.7285263 0.6830158 0.05233526 0.6760625 0.7132565 -0.1849449 0.791471 0.5559187 -0.2540238 0.4931493 0.8060603 -0.3272166 0.6124683 0.4451992 -0.6532077 0.5248673 0.6786828 -0.5137159 0.3127872 0.71229 -0.6283368 0.3275669 0.4986363 -0.8025347 0.1380012 0.7976185 -0.587163 -0.07336127 0.6077201 -0.7907556 -0.05615174 0.6786974 -0.7322683 -0.003122031 0.8577811 -0.5140058 -0.00610733 0.823224 -0.5676839 0.01851993 0.5926519 -0.8052458 -0.3880533 0.5637905 -0.7290782 -0.3864253 0.5719936 -0.7235323 -0.1822337 0.9172313 -0.3542282 -0.2671545 0.7473423 -0.6083651 -0.2654456 0.7507756 -0.6048758 -0.3175739 0.5410639 -0.7787149 -0.24031 -0.2517886 -0.9374719 -0.1823859 0.7398256 -0.647606 -0.2475764 0.5495373 -0.797944 -0.04855978 0.9645755 -0.2592993 -0.1532773 0.5537537 -0.8184516 -0.1534517 0.5314571 -0.8330702 -0.0217927 0.9764624 -0.2145845 -0.06624859 0.494385 -0.8667148 -0.06968259 0.5414251 -0.8378563 -0.5626414 0.8267003 0.001134812 -0.2597267 0.9652802 0.0278629 -0.5969793 0.7314992 -0.3294309 -0.3266631 0.9304689 -0.1658878 -0.7066195 0.6045533 -0.3677014 -0.4994111 0.8651491 -0.0458852 -0.5407264 0.8396483 -0.05104708 -0.8328099 0.5513247 -0.04968738 -0.2156482 0.9756552 -0.03990936 -0.8253151 0.5436263 -0.1527271 -0.8249797 0.5441714 -0.1525979 -0.3719363 0.92143 -0.1123847 -0.632574 0.7541905 -0.176202 -0.8044732 0.5390889 -0.2494119 -0.8914458 -0.2379089 -0.3856472 -0.6405007 0.7186094 -0.2708495 -0.6180957 0.7428388 -0.2571932 -0.7982621 0.5864777 -0.1371921 -0.7591845 0.6173016 -0.2063437 -0.5764112 0.5402591 -0.6130825 -0.5021212 0.5488172 -0.6683368 -0.7179561 0.6631178 -0.2116929 -0.6589975 0.6747386 -0.3323405 -0.6351756 0.7088733 -0.306677 -0.6398283 0.6309553 -0.4387655 -0.3226292 0.6290372 -0.7072642 -0.1938349 0.6392861 -0.744138 -0.200663 0.6888846 -0.6965433 -0.1153361 0.6535749 -0.7480224 -0.4880242 0.7610529 -0.4273533 -0.3617519 0.7425483 -0.5637 -0.3109682 0.7547051 -0.5776843 -0.1588968 0.9731022 -0.1668055 -0.08045458 0.9750666 -0.2068148 -0.1849404 0.7132687 -0.6760509 -0.2540966 0.5557382 -0.7915744 -0.3271329 0.8061755 -0.4930164 -0.6534049 0.4446567 -0.6126521 -0.5137306 0.6786595 -0.524883 -0.6367689 0.7132664 -0.2928762 -0.6667005 0.6830044 -0.2983546 -0.6985545 0.7132484 -0.05743199 -0.7285263 0.6830158 -0.05233526 -0.6760625 0.7132565 0.1849449 -0.791471 0.5559187 0.2540238 -0.4931493 0.8060603 0.3272166 -0.6124683 0.4451992 0.6532077 -0.5248673 0.6786828 0.5137159 -0.3127872 0.71229 0.6283368 -0.3275708 0.4985995 0.8025559 -0.1379957 0.7976297 0.5871492 0.07336479 0.6076906 0.7907779 0.05615156 0.6786967 0.7322689 0.2995441 0.7132419 0.633687 0.3189306 0.6830341 0.6570752 0.4982119 0.7132471 0.4930148 0.5244359 0.6830179 0.5083833 0.6367902 0.7132427 0.292888 0.6666992 0.6830044 0.2983574 0.6985871 0.7132164 0.05743318 0.6713681 0.7385435 0.0617941 0.6766508 0.7180559 -0.1629098 0.8307271 0.4899806 -0.2642186 0.5384428 0.7976667 -0.2716752 0.5586442 0.607649 -0.5645169 0.5248631 0.6786927 -0.5137072 0.2928913 0.7132514 -0.6367788 0.2983487 0.6830132 -0.6666942 0.05743372 0.7132526 -0.6985501 0.0523324 0.6830155 -0.7285267 0.4702005 -0.1915056 0.8615319 0.30926 0.7553805 0.5777186 0.2232396 0.9252687 0.3066625 -0.001748144 0.9027912 0.4300759 0.005594491 0.8200201 0.5723074 -0.0192573 0.5854232 0.8104993 0.2043671 0.8517405 0.4824647 0.2746993 0.6938465 0.6656707 0.3304479 0.5524139 0.7652733 0.06032645 0.9776641 0.2013303 0.2399652 0.5487217 0.8008254 0.2408539 0.5367112 0.8086599 0.1093282 0.7528748 0.64902 0.0704475 0.9238702 0.3761665 0.1532684 0.5538259 0.8184043 0.1534209 0.5356079 0.8304133 0.02617734 0.9607592 0.2761459 0.06620842 0.4955615 0.8660458 0.06957054 0.5412968 0.8379485 0.8083066 0.5885002 -0.01755559 0.5726972 0.8197586 0.003739237 0.1808195 0.9833934 -0.01554453 0.3797776 0.8918088 0.2458577 0.7137989 0.5945925 0.3700689 0.4995939 0.8650435 0.04588735 0.4466791 0.8938291 0.03933608 0.8303195 0.5539256 0.06112366 0.8887637 0.4521588 0.07517731 0.2156482 0.9756552 0.03990936 0.8253151 0.5436263 0.1527271 0.8248286 0.5444163 0.1525408 0.3719363 0.92143 0.1123847 0.632574 0.7541905 0.176202 0.8044732 0.5390889 0.2494119 0.6798764 0.6712613 0.2952566 0.6180957 0.7428388 0.2571932 0.7993294 0.5855587 0.1348837 0.7593597 0.6170161 0.2065528 0.7131868 0.4693304 0.5206664 0.5842742 0.5999587 0.5465102 0.4644919 0.5403886 0.7015893 0.373471 0.5494853 0.7473857 0.7117746 0.669423 0.2127202 0.6601591 0.6743471 0.3308264 0.6282325 0.7166445 0.3028935 0.3025617 0.6662327 0.6816087 0.198934 0.6866474 0.699243 0.1995285 0.6916634 0.6941111 0.1151329 0.6492334 0.7518247 0.4769333 0.7339966 0.4835119 0.4113965 0.7524569 0.5143554 0.1324623 0.9868851 0.09225827 0.1489863 0.9595532 0.2388743 0.6336711 0.7132584 -0.299539 0.6570721 0.6830383 -0.3189278 0.4930211 0.7132513 -0.4981996 0.5083765 0.6830193 -0.5244407 0.2928957 0.7132381 -0.6367918 0.2983513 0.6830152 -0.6666909 0.05743306 0.7132332 -0.6985698 0.06179398 0.7385447 -0.6713668 -0.1629115 0.7180437 -0.6766633 -0.2642205 0.4899861 -0.8307233 -0.2716726 0.7976731 -0.5384345 -0.5645167 0.6076608 -0.5586317 -0.5137038 0.6786882 -0.5248721 -0.6367831 0.713248 -0.29289 -0.6666884 0.6830176 -0.2983514 -0.6985446 0.713258 -0.05743205 -0.7285166 0.6830263 -0.05233293 -0.6760665 0.7132531 0.184944 -0.7915629 0.5557571 0.2540917 -0.4930093 0.806179 0.3271351 -0.6126573 0.4446516 0.6534035 -0.5248805 0.6786614 0.5137307 -0.2928911 0.7132487 0.6367819 -0.2983494 0.6830215 0.6666853 -0.05743086 0.7132425 0.6985605 -0.05233561 0.6830217 0.7285208 0.1849432 0.7132651 0.676054 0.2540172 0.5559438 0.7914555 0.3272197 0.8060576 0.4931518 0.6532128 0.4451864 0.6124722 0.5137224 0.6786799 0.5248648 0.6283343 0.7122927 0.312786 0.8025585 0.4985969 0.3275685 0.5871462 0.7976314 0.1379984 0.7907884 0.6076772 -0.07336407 0.7322694 0.6786965 -0.05614912 0.5190532 0.8547376 -0.002771914 0.5724781 0.819901 -0.005605638 0.8106271 0.5852521 0.01907563 0.770325 0.4864817 -0.4122319 0.7257106 0.5636541 -0.39451 0.5589339 0.7793774 -0.2831321 0.1774621 0.977158 -0.1169162 0.4052869 0.898588 -0.1681739 0.602923 0.7526844 -0.2644812 0.7779626 0.5426639 -0.3166861 0.9374631 -0.2518151 -0.2403169 0.6573846 0.7305511 -0.184772 0.797618 0.5505052 -0.2464744 0.2592873 0.9645787 -0.04856073 0.8184151 0.5538103 -0.1532674 0.8328819 0.5317546 -0.1534428 0.2145845 0.9764623 -0.0217933 0.8660584 0.4955397 -0.06620693 0.8379307 0.5413244 -0.06956952 -0.01964253 0.5656313 -0.8244244 0.003616333 0.8214034 -0.5703363 -0.01554173 0.9833899 -0.180839 0.2611744 0.8291248 -0.4943076 0.5929434 0.541725 -0.5957786 0.03826284 0.8963592 -0.4416742 0.03996711 0.7552399 -0.6542288 0.08207422 0.4445225 -0.8919998 0.08137738 0.8954334 -0.437695 0.1330276 0.7422108 -0.656831 0.1445381 0.5394448 -0.8295228 0.06016069 0.9774594 -0.2023703 0.2375168 0.5525356 -0.7989307 0.2413014 0.5396867 -0.8065433 0.1850304 0.8830692 -0.4312224 0.2810304 0.6751177 -0.6820836 0.3318175 0.5427114 -0.7715967 0.1324239 0.5814574 -0.8027274 0.2058734 0.6136991 -0.7622267 0.6126899 0.5385439 -0.5784303 0.6700456 0.5443628 -0.5046862 0.2125238 0.6708869 -0.7104537 0.3330841 0.6766445 -0.6566638 0.3039692 0.71501 -0.6295741 0.4347585 0.6349567 -0.638604 0.7064694 0.6301454 -0.3222078 0.6653315 0.7185068 -0.2026871 0.6931494 0.6925815 -0.1996868 0.7503547 0.6507496 -0.1161588 0.4286011 0.7608763 -0.4872048 0.5529859 0.7567479 -0.3486249 0.1317343 0.9850176 -0.1112943 0 -1 0 -0.9999895 8.68222e-4 -0.004507541 -0.9999992 5.35522e-4 -0.001154065 -0.9936639 -0.002366304 0.1123674 -0.9992031 0.001509547 0.03988766 -0.952056 -0.003385126 0.3059053 -0.9658466 0.002741694 0.2591004 -0.9830921 -0.001067638 0.1831091 -0.9964415 0.01563167 0.08282601 -0.9883576 -0.009015321 0.1518815 -0.8832352 0.01261115 0.4687607 -0.9243082 0.005101323 0.3816128 -0.9596888 0.009061217 0.280919 -0.9235579 0.003464818 0.3834435 -0.003498196 0.9999849 0.004235982 -6.62782e-5 0.9999992 0.001248359 -0.006395578 0.9999619 0.005955755 -0.04513704 0.9938716 0.1009061 -0.002358615 0.9999965 0.001251697 3.68125e-4 0.9999995 0.001015424 -0.007344543 0.9999535 0.006262719 -0.001512825 0.9999986 6.86675e-4 0.003207504 0.9999844 -0.004587531 -9.63203e-4 0.9999996 -2.93939e-5 -0.002660751 0.9999879 0.004148602 6.18728e-4 0.9999998 2.16067e-4 -0.002591013 0.9999864 0.004530012 -0.01149219 0.9996045 0.02566564 -0.01168519 0.9998592 0.01205372 -0.02895247 0.9994497 0.01619118 -0.03577697 0.9993131 0.009663641 -0.02282434 0.9996782 0.01107132 -0.03012502 0.9995452 0.001424252 -0.02517348 0.999681 0.002090871 0.002262532 0.9999929 0.003032386 0.003179192 0.9999948 5.16532e-4 -0.01010179 0.999071 0.04189485 -0.006695747 0.9992282 0.03870749 -0.04875689 0.9962577 0.07136851 -7.74716e-4 0.9999995 -6.85726e-4 -9.65366e-4 0.9999994 -5.4015e-4 -0.01235687 0.9998959 0.007455229 -7.93835e-4 0.9999991 -0.001128375 -0.3787693 -0.005064725 0.9254773 -0.4740171 0.02513486 0.8801568 -0.248704 0.003156483 0.9685744 -0.3681792 -0.001388669 0.9297538 -0.320975 0.001218914 0.9470869 -0.2902716 -0.003654599 0.9569374 -0.187792 -0.002269625 0.9822063 -0.08265334 0.009956538 0.9965286 1.67601e-5 9.2539e-4 0.9999997 0.01578766 0.003495812 0.9998694 -0.1206601 -0.002049863 0.9926918 -0.05775588 6.30449e-4 0.9983306 -0.09999984 0.001418352 0.9949864 -0.1855033 8.9438e-5 0.9826437 -0.2822991 0.001276731 0.9593256 -0.4339564 0.001131832 0.9009332 -0.3328951 1.72447e-4 0.9429639 -0.5746193 0.001175642 0.81842 -0.4959827 -4.73078e-4 0.8683323 -0.7168833 9.38182e-4 0.6971926 -0.6804981 -6.64049e-4 0.7327497 -0.903346 -6.07269e-4 0.4289123 -0.9159137 7.79321e-4 0.4013747 -0.8111146 -3.10087e-4 0.5848873 -0.8316956 9.84337e-4 0.5552312 -0.9953143 0.001052021 0.09668821 -0.9971635 0.001787304 0.07524502 -0.9607476 -1.73309e-4 0.277424 -0.9744186 0.002215862 0.2247303 -0.3941544 0.001653015 -0.9190428 -0.05113518 0.001117467 -0.9986912 0.001630425 -3.1832e-4 -0.9999986 0.01451104 9.27813e-4 -0.9998944 -0.1045693 -0.001315891 -0.9945168 -0.281039 0.008291304 -0.9596605 -0.3075412 -0.005189239 -0.9515206 -0.2470946 0.002234995 -0.9689888 -0.1833066 -6.63159e-4 -0.9830556 -0.08386456 0.0162844 -0.9963442 -0.1595215 -0.01080787 -0.9871354 -0.4710552 -0.01397544 -0.8819931 -0.3843208 0.09970146 -0.9178002 -0.4138695 -0.01605796 -0.9101947 0.003003418 0.9999945 0.001440703 -0.001500308 0.9998404 -0.01780593 -9.16096e-4 0.9997485 -0.02240771 -0.001383662 0.9999991 -7.51915e-5 -0.006258428 0.9999535 -0.007346212 -6.87576e-4 0.9999986 -0.001510262 -0.03932178 0.9992026 -0.006932675 -0.0248959 0.9993989 -0.02412569 -0.03007894 0.9991393 -0.02856802 6.87208e-4 0.9999995 -7.74912e-4 5.27837e-4 0.9999995 -9.80721e-4 -0.005953967 0.9999619 -0.006397306 -7.057e-5 1 3.85905e-4 -0.04724293 0.998765 -0.01538318 -0.03587895 0.9992274 -0.01604789 -0.03732728 0.9991677 -0.01645249 -0.02245694 0.9986774 -0.0462504 -0.004912555 0.9998876 -0.0141732 -0.007854163 0.9998861 -0.01289272 0.001127839 0.9999991 -7.93669e-4 -0.003722608 0.9999878 -0.003278434 -0.1008421 0.9938778 -0.04514259 -0.004002749 0.9999696 -0.006708204 -0.001310944 0.999999 6.44295e-4 -0.00125122 0.9999991 4.44374e-4 0.001839816 0.9999941 0.00289601 -0.01916038 0.9997487 -0.01163828 3.00662e-5 0.9999996 -9.63372e-4 -0.001431405 0.9999979 -0.001557767 8.59694e-5 1 -2.98444e-4 -0.8812818 0.02396702 -0.4719832 -0.9688131 0.003017783 -0.2477745 -0.9231997 0.001552224 -0.3843179 -0.9363846 -0.01139181 -0.3507908 -0.9507644 -0.006897568 -0.3098378 -0.9597315 0.008473813 -0.2807913 -0.9829782 -0.00258857 -0.1837038 -0.9962024 0.008702814 -0.0866326 -0.999989 8.52334e-4 -0.004631817 -0.9998718 0.004336535 0.01541566 -0.9925605 -0.002388715 -0.1217286 -0.9929512 0.001391351 -0.1185164 -0.9949367 9.31762e-4 -0.1004995 -0.9730297 -9.67402e-5 -0.2306801 -0.9591857 0.001089811 -0.2827749 -0.9222798 0.00165826 -0.3865194 -0.9003462 -6.2575e-4 -0.4351741 -0.7862414 1.1843e-4 -0.6179195 -0.8145747 0.001028895 -0.5800579 -0.8673247 -1.51394e-4 -0.4977429 -0.6713135 0.001333892 -0.7411723 -0.709277 -9.24355e-4 -0.7049293 -0.5174798 1.81482e-4 -0.8556954 -0.5692471 0.001335859 -0.8221654 -0.1713173 0.003801822 -0.9852086 -0.4372572 -2.51265e-4 -0.8993365 -0.4073204 0.001295685 -0.9132844 -0.1002088 4.89079e-4 -0.9949663 -0.113879 -5.60674e-5 -0.9934946 -0.2758 6.46994e-4 -0.9612149 0.1123689 -0.002363979 0.9936638 -0.001638829 0.003726005 0.9999917 0.01358306 7.38361e-4 0.9999076 0.1832421 -6.22329e-4 0.9830677 0.08284944 0.01547914 0.996442 0.1546807 -0.009487271 0.987919 0.4733381 0.01305645 0.880784 0.3793193 0.004918992 0.9252527 0.3858519 -9.72737e-4 0.9225603 0.2848539 0.005455732 0.9585554 0.3186191 -0.01193958 0.9478076 0.2650501 0.003776192 0.9642273 0.005953967 0.9999619 0.006397306 6.87576e-4 0.9999986 0.001511216 0.006258428 0.9999535 0.007349789 0.00125122 0.9999991 -4.43465e-4 0.001358628 0.9999988 -8.06617e-4 0.004487276 0.9999613 0.007574379 0.001383662 0.9999991 7.48126e-5 0.003722608 0.9999878 0.003278434 0.1008421 0.9938778 0.04514259 -0.001839816 0.9999941 -0.00289601 0.009439826 0.9999434 0.004911303 -3.00662e-5 0.9999996 9.63372e-4 0.003995239 0.9999887 0.002597928 2.73324e-4 1 -5.04068e-4 7.05702e-5 1 -3.85906e-4 -0.002845704 0.9999951 -0.001386463 0.001308381 0.9995297 0.03063917 0.002071738 0.9996867 0.02494537 0.03890365 0.9992202 0.00675702 0.0256626 0.9996047 0.01149111 0.04203236 0.9990653 0.0100888 0.07135224 0.9962588 0.0487585 0.009681999 0.9993192 0.03560137 0.01106953 0.999678 0.02283275 -0.001805961 0.9999967 0.001868724 -9.96705e-4 0.9999973 0.002085447 0.01205438 0.9998592 0.01167929 0.01617896 0.9994499 0.02895087 9.78108e-5 0.9999999 4.97646e-4 3.72091e-4 0.9999997 8.20575e-4 0.8806805 0.02429777 0.4730874 0.9680609 0.002553761 0.2507022 0.9231997 0.001552224 0.3843179 0.9363846 -0.01139181 0.3507908 0.9507644 -0.006897568 0.3098378 0.9597315 0.008473813 0.2807913 0.9938062 -0.001153171 0.1111214 0.9850323 -0.01488959 0.1717258 0.9828907 -0.001017928 0.1841876 0.9961294 0.01476085 0.08665162 0.9999756 7.84171e-4 0.006945312 0.9999946 0.002390623 -0.002258777 0.9657735 0.001378178 0.2593829 0.9594433 7.32013e-4 0.2819008 0.9950802 -3.49936e-4 0.09907209 0.9884219 0.001697599 0.1517215 0.9120818 9.62878e-4 0.4100072 0.9000388 -1.89696e-4 0.43581 0.8186321 -1.81522e-4 0.5743184 0.8394243 0.00121963 0.5434754 0.737262 -2.66305e-4 0.675607 0.5992656 1.16299e-4 0.8005503 0.6973544 0.001093327 0.7167257 0.5839159 6.67231e-4 0.8118139 0.3091936 3.4255e-4 0.950999 0.429494 2.09479e-4 0.9030697 0.424675 3.87749e-4 0.9053458 0.1196099 4.4103e-4 0.9928209 0.2764347 0.001302719 0.9610319 0.09868454 0.001100778 0.9951182 0.9936276 -0.002417743 -0.1126871 0.9999926 0.003536283 0.001520812 0.9999185 7.45446e-4 -0.01275253 0.952056 -0.003385126 -0.3059053 0.9658466 0.002741694 -0.2591004 0.9830921 -0.001067638 -0.1831091 0.9964396 0.01562666 -0.08284908 0.9883576 -0.009015023 -0.151882 0.8817925 0.008207976 -0.4715663 0.9223963 9.49528e-4 -0.3862438 0.9596888 0.009061217 -0.280919 0.9235579 0.003464818 -0.3834435 0.006762504 0.999221 -0.03888112 0.009341359 0.9991031 -0.04130178 0.007344722 0.9999535 -0.006259322 0.001512825 0.9999986 -6.86673e-4 7.60632e-5 0.9999991 -0.001383721 0.01081568 0.9996495 -0.02416682 0.01161444 0.9996164 -0.0251435 0.01976883 0.9995967 -0.02038693 0.08718574 0.9935065 -0.07309979 0.006395578 0.9999619 -0.005955755 -0.002851188 0.9999926 -0.002590715 0.002539873 0.9999903 -0.003604531 -0.003012537 0.9999929 -0.002292096 0.003277182 0.9999877 -0.003722846 0.04513263 0.9938728 -0.1008962 0.002504825 0.9999906 -0.00355947 0.04248404 0.998992 -0.01449859 0.02852278 0.9994972 -0.01385778 0.03000861 0.9995487 -0.001416623 0.02509182 0.9996831 -0.002077758 -9.17787e-4 0.9999988 -0.001316368 -8.06749e-4 0.9999988 -0.001358807 -4.43833e-4 0.9999992 -0.00125128 9.63203e-4 0.9999996 2.93939e-5 0.001486837 0.9999981 -0.001259148 3.53922e-4 1 1.10111e-4 7.74716e-4 0.9999995 6.85726e-4 9.65366e-4 0.9999994 5.4015e-4 0.02689778 0.9994716 -0.01824891 7.93835e-4 0.9999991 0.001128375 0.467885 0.01459956 -0.8836689 0.3822192 0.001450777 -0.9240707 0.2542471 4.73985e-4 -0.9671393 0.3944328 -0.007321655 -0.9188957 0.3170796 -0.01127421 -0.948332 0.2842109 0.01211303 -0.9586853 0.1151781 -0.003405392 -0.9933391 0.1628332 -0.01329112 -0.9865642 0.1886145 -0.001373231 -0.9820502 0.07947039 0.02015864 -0.9966335 -0.01261824 8.02535e-4 -0.9999201 0.04046177 -0.004615426 -0.9991705 -0.001254558 0.004238903 -0.9999902 0.08372473 3.93732e-6 -0.9964889 0.09415507 -5.2312e-4 -0.9955575 0.284143 5.70681e-4 -0.9587817 0.2840496 5.67867e-4 -0.9588094 0.3975912 0.00148946 -0.9175615 0.4351737 2.72777e-5 -0.9003466 0.6180543 1.79802e-4 -0.7861356 0.5808886 0.001041173 -0.8139825 0.4979414 -1.48392e-4 -0.8672107 0.739879 -2.94805e-4 -0.6727401 0.6999431 0.001037538 -0.7141979 0.8556431 1.80607e-4 -0.5175663 0.8225713 0.001341521 -0.5686606 0.9612137 6.46995e-4 -0.275804 0.9852106 0.003801584 -0.1713058 0.8993342 -2.51126e-4 -0.4372619 0.9132854 0.001295924 -0.4073184 0.9949539 4.55406e-4 -0.1003333 0.9935401 -5.75779e-5 -0.1134819 -0.5885917 0.003026545 -0.8084249 -0.219947 0.002775251 0.9755079 -2.66015e-4 0.003359138 0.9999943 -0.9951087 0.00506848 0.09865611 0.1110579 0.003360807 -0.9938083 -0.9794424 0.003353416 -0.2016962 0.1801838 0.004262626 -0.9836238 -0.9235435 0.1293749 0.361012 -0.8411971 0.19054 0.5060456 -0.7593892 0.2438661 0.6032061 -0.841175 0.2176187 0.495042 -0.708655 0.1985058 0.6770551 -0.7602701 0.1504878 0.6319359 -0.9718143 0.1050769 0.2110354 -0.7514809 0.1849855 0.6332905 -0.9314159 0.1571174 0.3282965 -0.9256269 0.1526288 0.346294 -0.946888 0.03804785 0.3193048 -0.8860105 0.1003015 0.4526866 -0.9686735 -0.04155468 0.2448365 -0.9697597 -0.1082029 0.2187658 -0.6111564 0.5822616 0.5361524 -0.6524953 0.624719 0.4289244 -0.4705406 0.6073786 0.6400647 -0.3785495 0.876161 0.2983997 -0.630257 0.661116 0.4070649 -0.40416 0.8731578 0.2724889 -0.292741 0.9361078 0.1949485 -0.2209624 0.9170809 0.3318709 -0.2649906 0.8796211 0.3950276 -0.3797675 0.7138671 0.5883625 -0.4519236 0.6507711 0.6101329 -0.277075 0.9063869 0.3188923 -0.2642757 0.9157711 0.3025256 -0.5188691 0.6803424 0.5175995 -0.2982202 0.9195093 0.2560613 -0.3154467 0.9090102 0.2723855 -0.6964138 0.3925812 0.6007395 -0.5890904 0.6796079 0.4371563 -0.3540634 0.5981636 0.7189155 -0.666855 0.5323731 0.5214245 -0.3611555 0.8018163 0.4760854 -0.201774 0.09738498 0.9745786 -0.1834541 0.08905935 0.9789858 -0.5179705 0.09602284 0.8499919 -0.1290863 -0.2258249 0.9655774 -0.5389689 0.1584284 0.8272926 -0.3433125 0.0594111 0.9373404 0.8765996 -0.4596536 0.1424487 -0.4892141 0.2130236 0.8457485 -0.3894885 0.1505902 0.9086371 -0.5414731 0.2107594 0.8138719 -0.6019601 0.2418081 0.7610342 -0.990613 -0.1362221 -0.01137775 -0.9085149 0.1429348 0.3926454 -0.4128516 0.1720657 0.8943976 -0.4542384 0.1461302 0.8788138 -0.4879282 0.2315664 -0.8416075 -0.5903255 0.1118164 -0.7993828 -0.707691 0.3178355 -0.6309946 -0.2051497 0.1071091 -0.9728521 -0.1743157 0.6677342 -0.7237024 -0.243395 0.8848412 -0.3972595 -0.6637923 0.5446856 -0.5125403 -0.3157348 0.8176388 -0.4814336 -0.2806443 0.8644345 -0.4171234 -0.4058511 0.8750177 -0.2638732 -0.5852637 0.7147557 -0.3828718 -0.545281 0.7567488 -0.3605549 -0.4405508 0.8347331 -0.3303566 -0.5197306 0.7639774 -0.3823856 -0.3332919 0.895147 -0.296021 -0.4104562 0.8400134 -0.3548286 -0.5279917 0.6637883 -0.5297262 -0.2702603 0.9098864 -0.3147479 -0.2899867 0.8963001 -0.3354902 -0.4361627 0.6795649 -0.5898761 -0.5348681 0.7549768 0.379376 -0.5467914 0.6604816 -0.514571 -0.9602137 0.1238796 -0.2502867 -0.3358517 -0.4033967 0.8511609 -0.8362658 0.1139622 -0.5363508 -0.96588 -0.2172219 -0.1410342 -0.8951243 0.08033668 -0.4385187 -0.7008596 0.2348401 -0.6735325 -0.8183906 0.1861003 -0.5436945 -0.8404648 0.2312246 -0.4900555 -0.1903887 -0.4589942 0.8677999 -0.895843 0.1788432 -0.4067931 -0.8678531 0.1887747 -0.4595599 -0.7865912 0.2417283 -0.5681917 -0.8699537 0.1666547 -0.4641194 -0.8232069 0.1818866 -0.5378176 -0.3114166 -0.6244086 0.7163335 -0.7961042 0.2313411 -0.5591953 0.3327147 -0.4368336 0.8357496 -0.4339923 0.171695 -0.8844047 -0.2873972 0.0565679 -0.9561397 0.2392596 0.1229519 0.9631395 0.3610261 0.1293762 0.9235377 0.4666517 0.1738476 0.8671869 0.4579895 0.1928791 0.8677808 0.574462 0.09894841 0.8125286 0.6321954 0.154915 0.7591643 -0.6631405 -0.3256668 0.6739332 0.6334258 0.1892902 0.7502939 0.7105583 0.2660273 0.6514112 0.3799677 0.07108998 0.922264 0.5007477 0.1202751 0.8571965 0.5414108 0.570199 0.6178572 0.6404893 0.6070536 0.4703822 0.2991413 0.8755966 0.3792693 0.4065439 0.6619197 0.6297495 0.2718465 0.8738405 0.4031158 0.1923055 0.9378844 0.2887758 0.3330911 0.9185445 0.2129002 0.5369659 0.7672238 0.350764 0.5896258 0.7072161 0.3901113 0.4171098 0.853388 0.3126474 0.5097915 0.7745372 0.3744394 0.7385382 0.3924206 0.5482404 0.3139235 0.9075875 0.2788134 0.4024693 0.8471203 0.3469955 0.6966108 0.3929264 0.6002852 0.5274971 0.6658828 0.5275859 0.2714719 0.9090355 0.3161606 0.2636784 0.9140825 0.3081022 0.4493889 0.6590908 0.6030331 0.7142326 0.5981424 0.3634522 0.5220196 0.5325808 0.6662232 0.4759926 0.801719 0.3614939 0.9638533 0.1192377 0.2382628 0.7716822 -0.2733979 -0.5742477 0.9335879 0.1362209 0.3314476 0.9340827 0.1193594 0.3365157 0.8362478 0.1140015 0.5363705 0.9652975 -0.2309095 0.1219898 0.8946011 0.08099973 0.4394633 0.7009472 0.2347804 0.6734622 0.8281678 0.1745249 0.5326153 0.7990214 0.2565042 0.543848 0.8220744 0.2151047 0.5271846 0.8589714 0.1682708 0.4835836 0.7783741 0.2159001 0.589509 -0.5952023 -0.38352 -0.7061492 0.959933 0.01339387 0.2799095 0.861177 0.1854401 0.473272 0.4363773 0.1544061 0.8864163 -0.7652124 -0.4571626 -0.4532687 0.9270199 0.1260864 -0.3531805 0.8411971 0.19054 -0.5060456 0.7593892 0.2438661 -0.6032061 0.8816321 0.1807566 -0.4359495 0.7593256 0.1544761 -0.632109 0.969787 0.1126215 -0.2164017 0.7451722 -0.2934043 0.5988593 0.751481 0.1849482 -0.6333013 0.946888 0.03804785 -0.3193048 0.8860105 0.1003015 -0.4526866 0.9686735 -0.04155468 -0.2448365 0.9697597 -0.1082029 -0.2187658 0.5992643 0.5732423 -0.5588164 0.6854279 0.6886461 0.2365484 0.4925376 0.616498 -0.6142777 0.5037984 0.7989799 -0.3283571 0.4241563 0.8596435 -0.2847888 0.36359 0.7487479 -0.5542373 0.3478275 0.7712575 -0.5330833 0.32124 0.8445107 -0.4284937 0.3990082 0.7353562 -0.5477625 0.3015226 0.8909754 -0.3394807 0.3637977 0.8299542 -0.4228801 0.5205644 0.6741276 -0.5239892 0.3184547 0.9076419 -0.2734465 0.3539152 0.8832948 -0.3074643 0.5826371 0.6871927 -0.4339358 0.6482911 0.4920309 -0.5810545 0.4170268 0.7874566 -0.4538731 -0.2462372 0.9225721 -0.297032 0.0354498 0.0244193 -0.9990731 0.4100331 0.1520074 -0.8993145 0.3503553 0.09161972 -0.932125 0.6926098 0.2102138 -0.6900014 0.6522821 0.2156966 -0.7266382 0.5271921 0.133974 -0.8391183 0.5566556 0.1949824 -0.8075373 0.5023808 0.2408502 -0.8304244 0.3969405 0.1699175 -0.9019791 0.5056592 0.2103959 -0.8366853 0.6340905 0.2434841 -0.7339243 0.4866313 0.1991392 -0.8506078 -0.1751827 -0.09956717 -0.9794884 -0.6294702 -0.6155645 -0.4741811 0.4776512 0.1442406 -0.8666279 0.4850633 0.1981939 -0.8517235 0.8845265 0.171523 -0.4338119 0.9561387 0.05655556 -0.287403 -0.4477383 0.2940313 -0.8444382 -0.5039023 0.2894133 -0.813832 -0.5076678 0.3100701 -0.8038221 -0.561132 0.2977153 -0.7723318 -0.5654515 0.3107101 -0.7640184 -0.6208835 0.2975831 -0.7252228 -0.614493 0.3081617 -0.726247 -0.668913 0.297089 -0.681391 -0.6717793 0.3100579 -0.6727383 -0.8030948 0.2944307 -0.5180246 -0.7596282 0.3064223 -0.5736466 -0.7649366 0.296957 -0.5715667 -0.7144386 0.3095084 -0.6275206 -0.7222993 0.2960016 -0.6250334 -0.8369259 0.2896285 -0.4644033 -0.8029372 0.2923808 -0.5194278 -0.7821184 0.29069 0.5511716 -0.7413433 0.2923231 0.604117 -0.7403935 0.2942481 0.6043472 -0.6956927 0.2878251 0.6581553 -0.6776349 0.3220534 0.6611298 -0.6435463 0.2874758 0.70937 -0.6441286 0.2930049 0.7065738 -0.5898968 0.2945351 0.7518451 -0.5926526 0.2891448 0.75177 -0.5336718 0.2891685 0.7947176 -0.5213415 0.312724 0.7939817 -0.4785658 0.3011658 0.8247873 -0.4314642 0.2770029 0.85855 0.6245961 0.3138715 0.7150976 0.5907616 0.2881258 0.7536473 0.5909065 0.2891677 0.7531346 0.5374605 0.2892124 0.7921442 0.4709416 0.3133139 0.8246505 0.6368601 0.3004325 0.7100349 0.69914 0.2897381 0.6536475 0.741326 0.2923943 0.6041039 0.741319 0.2919468 0.6043288 0.8179425 0.3053718 0.4875637 0.7815147 0.2900285 0.5523752 0.9089459 0.2880322 0.3014215 0.8866192 0.2961685 0.3552333 0.800573 0.2984968 -0.5195985 0.8037607 0.2918449 -0.5184549 0.8373185 0.2899801 -0.4634754 0.7632781 0.306735 -0.5686127 0.7620238 0.2969357 -0.5754554 0.7198083 0.3082318 -0.6219882 0.717698 0.2958527 -0.6303815 0.6667899 0.3066583 -0.6792289 0.6731044 0.2960264 -0.6777159 0.6147814 0.3067812 -0.7265874 0.6208699 0.296733 -0.7255826 0.5659688 0.3088262 -0.7643989 0.5616807 0.2947166 -0.7730827 0.5082367 0.3038343 -0.8058413 0.05421257 0.006108283 -0.9985108 0.02904605 0.07258832 -0.996939 -0.1032401 0.04913878 -0.9934419 -0.01876604 0.03844463 -0.9990846 -0.03684401 0.07739126 -0.9963198 0.5848453 0.004262328 -0.8111337 -0.0402227 0.1799078 -0.9828609 -0.03630161 0.1865723 -0.9817703 -0.1074445 0.1846074 -0.9769216 -0.1163763 0.1687554 -0.9787637 -0.1840776 0.1689031 -0.9682909 -0.1827278 0.1706975 -0.9682319 -0.2505664 0.174511 -0.9522408 -0.2540107 0.1699887 -0.9521463 -0.3183813 0.1749295 -0.9316829 -0.3214607 0.170717 -0.9314069 -0.3903691 0.1755286 -0.9037708 -0.3938426 0.1706341 -0.9032011 -0.4493818 0.1733357 -0.8763623 -0.4574503 0.1602248 -0.8746812 -0.5193939 0.1629713 -0.8388507 -0.5188907 0.1638261 -0.8389955 -0.579713 0.1651773 -0.7979031 -0.5816696 0.1617169 -0.7971876 -0.6373852 0.1620991 -0.753302 -0.638736 0.159635 -0.7526839 -0.6913315 0.1616308 -0.7042275 -0.6906707 0.1628403 -0.7045971 -0.7407655 0.1671184 -0.6506443 -0.7444798 0.1597832 -0.6482433 -0.7874107 0.1624953 -0.5946257 -0.7888062 0.1596698 -0.5935406 -0.8291755 0.162494 -0.5348492 -0.8307279 0.1591526 -0.5334433 -0.8688845 0.1629244 -0.4674348 -0.8636748 0.1735999 -0.4732115 -0.8976116 0.1754845 -0.4043496 -0.8994552 0.1714138 -0.4019922 -0.9228389 0.1766545 -0.342289 -0.924543 0.1725114 -0.3397944 -0.9478119 0.1745615 -0.2667978 -0.9476065 0.1751219 -0.2671598 -0.96322 0.1785886 -0.200782 -0.965744 0.170407 -0.1957044 -0.9776909 0.1691042 -0.1245961 -0.9768975 0.1721263 -0.1266644 -0.9831334 0.1739491 -0.05648297 -0.9838918 0.1704269 -0.0539605 -0.9846196 0.1741393 0.01413655 -0.985784 0.1669039 0.01931583 -0.9806481 0.1732172 0.09124213 -0.9804749 0.1748153 0.09004795 -0.9703974 0.1789286 0.1622146 -0.9708263 0.1715573 0.1675244 -0.9572585 0.1744037 0.2307373 -0.957277 0.1709858 0.2332053 -0.9357053 0.1750872 0.3062684 -0.9354855 0.1717882 0.3087975 -0.9117926 0.1773765 0.370367 -0.9112083 0.1719236 0.3743552 -0.8817005 0.1729664 0.4389613 -0.8814247 0.1710298 0.4402718 -0.846917 0.1719284 0.5031623 -0.8471231 0.1729505 0.5024644 -0.810469 0.1757124 0.558807 -0.8074056 0.1597348 0.5679622 -0.7649018 0.1624938 0.6233146 -0.7640442 0.1591483 0.6252267 -0.7167558 0.1626856 0.6780816 -0.7168122 0.1628786 0.6779756 -0.664221 0.1671199 0.7286162 -0.6618908 0.1597854 0.7323723 -0.6090731 0.1624971 0.7762891 -0.6092146 0.16287 0.7760999 -0.549649 0.1671212 0.8185088 -0.5465943 0.1592851 0.8221089 -0.483202 0.1629287 0.8602152 -0.4876173 0.1713524 0.856077 -0.4199452 0.1744311 0.8906289 -0.4185581 0.1720043 0.8917531 -0.3557977 0.1748644 0.918058 -0.3546689 0.1730287 0.9188423 -0.2887618 0.1745306 0.9413585 -0.2861222 0.1700943 0.9429751 -0.2141414 0.168991 0.9620735 -0.218164 0.1750696 0.9600809 -0.1462364 0.1770542 0.9732763 -0.1421553 0.1709972 0.9749625 -0.07513338 0.1747348 0.9817448 -0.07406216 0.1732527 0.9820888 -0.003286063 0.1791633 0.9838139 0.004488408 0.1678694 0.9857991 0.07501018 0.1711439 0.9823866 0.07445114 0.1719029 0.9822966 0.1449923 0.1736724 0.9740715 0.1470652 0.1709312 0.9742456 0.2139599 0.1748366 0.9610689 0.2143645 0.1742706 0.9610815 0.2888849 0.1743109 0.9413614 0.2904251 0.1721273 0.9412893 0.355252 0.1744928 0.91834 0.3556796 0.173912 0.9182846 0.4198578 0.1745827 0.8906405 0.4212593 0.1725229 0.8903799 0.4878768 0.1713929 0.8559209 0.4905155 0.1675266 0.855178 0.5443453 0.1720883 0.8210201 0.5498573 0.1628705 0.8192253 0.6085966 0.1671239 0.7756804 0.6123802 0.160339 0.774133 0.672079 0.1632944 0.7222499 0.6625198 0.1779765 0.7275932 0.7087806 0.1797225 0.682151 0.7192686 0.1597324 0.6761201 0.7649012 0.162494 0.6233152 0.7665991 0.1591465 0.6220919 0.8125159 0.1629719 0.5596946 0.8072081 0.1727964 0.5644083 0.8447156 0.1773856 0.5049654 0.8500577 0.1665362 0.4996674 0.8829147 0.1700085 0.4376745 0.883044 0.1697468 0.437515 0.9082687 0.175627 0.379741 0.9146038 0.159251 0.3716706 0.9398924 0.1642527 0.2993716 0.9374452 0.1708307 0.3033374 0.9574064 0.173211 0.2310218 0.9580437 0.1713235 0.2297838 0.9709092 0.1743539 0.1641225 0.9721349 0.1701933 0.1612081 0.9801315 0.1747788 0.09377962 0.9810317 0.1710447 0.09121757 0.9844401 0.1749871 0.01604032 0.9850943 0.1714761 0.01361221 0.9833341 0.173195 -0.05529445 0.9835558 0.1715271 -0.05653774 0.9767077 0.1746782 -0.1246185 0.9769678 0.1716529 -0.1267642 0.9637895 0.173797 -0.2022489 0.9638321 0.1722306 -0.2033822 0.9480579 0.1737857 -0.2664297 0.9479423 0.1700122 -0.2692608 0.9234545 0.1769883 -0.3404512 0.9231432 0.1730211 -0.3433226 0.8983244 0.1742334 -0.4033063 0.8978132 0.1704491 -0.4060524 0.8667858 0.1756162 -0.4667347 0.8647564 0.1597852 -0.4760937 0.8291752 0.162498 -0.5348486 0.8287423 0.1602237 -0.5362038 0.787348 0.1629722 -0.5945782 0.7867534 0.1603352 -0.5960803 0.7413657 0.1623376 -0.6511709 0.7411319 0.1614874 -0.6516482 0.6906671 0.1673232 -0.7035496 0.6882335 0.1592998 -0.707784 0.6373218 0.1626881 -0.7532288 0.6360702 0.1591558 -0.7550392 0.5799549 0.1626895 -0.7982385 0.5800293 0.1628738 -0.7981468 0.5102801 0.1676409 -0.8435111 0.5142425 0.1755833 -0.8394792 0.4561282 0.1738425 -0.8727691 0.4556928 0.1730743 -0.8731492 0.3917374 0.1783285 -0.90263 0.3867236 0.1694744 -0.9064896 0.3203822 0.1712028 -0.9316893 0.3202071 0.1709123 -0.9318028 0.2521705 0.1729802 -0.9520966 0.2507401 0.1708635 -0.9528563 0.1838893 0.1752154 -0.9672044 0.1813453 0.1713347 -0.9683792 0.1061387 0.1745322 -0.9789143 0.1035342 0.170808 -0.9798496 0.03946483 0.1759645 -0.9836052 0.04380321 0.1820769 -0.9823082 -0.8219782 0.2968838 0.4860165 -0.7927936 0.3299502 0.5124562 -0.781386 0.3009111 0.546707 -0.7383509 0.3932405 0.547905 -0.8279183 0.3319504 0.4520623 -0.7796977 0.3412001 0.5250278 -0.7587025 0.3444132 0.5529468 -0.8575344 0.4618648 0.2265294 -0.7919692 0.3406584 0.5066919 -0.8078389 0.3429027 0.4793894 -0.7405933 0.2934031 0.6045132 -0.6861516 0.2568514 0.6806051 -0.5449474 0.4026027 0.7354886 -0.6004848 0.3900407 0.698059 -0.5916308 0.2945879 0.7504606 -0.4810781 0.3425539 0.8069825 -0.4872146 0.3432999 0.802974 -0.5530253 0.3445279 0.7585933 -0.526474 0.3413569 0.778653 -0.5198568 0.3411946 0.7831573 -0.5240795 0.2639256 0.8097432 -0.6002329 0.3454061 0.7213981 -0.6013562 0.355094 0.7157367 -0.594867 0.3471364 0.7250032 -0.5823967 0.3443328 0.7363756 -0.5570888 0.3440337 0.7558392 -0.6858146 0.33548 0.6458418 -0.6858843 0.3354745 0.6457706 -0.6354744 0.4382619 0.6356877 -0.6633676 0.3733816 0.6484826 -0.6482561 0.3352702 0.6836358 -0.6468129 0.3340214 0.6856113 -0.7581276 0.3443156 0.5537956 -0.7349746 0.34486 0.5838527 -0.7268193 0.3470984 0.5926689 -0.7144657 0.3594852 0.6002576 -0.7223838 0.3473743 0.5979069 -0.4738023 0.3395071 -0.8125556 -0.5450605 0.34314 -0.7649602 -0.552901 0.3449464 -0.7584935 -0.3715345 0.4023878 -0.8366877 -0.5065788 0.3406404 -0.7920494 -0.4805765 0.3427827 -0.8071842 -0.8069648 0.3424184 -0.4812043 -0.8034119 0.3431376 -0.4866066 -0.7587596 0.3441094 -0.5530576 -0.765201 0.3426428 -0.5450354 -0.772458 0.3417022 -0.535302 -0.7843679 0.3412737 -0.5179762 -0.812833 0.3439034 -0.4701417 -0.7975672 0.3210517 -0.5106982 -0.5186829 0.2728344 -0.8102651 -0.7205379 0.3500307 -0.5985847 -0.7190892 0.3525078 -0.5988732 -0.7281216 0.3446515 -0.5924984 -0.7471312 0.3426924 -0.5695233 -0.6522407 0.3336786 -0.6806179 -0.6466531 0.3315868 -0.6869425 -0.6490123 0.3421353 -0.6795046 -0.6334224 0.4448069 -0.6331847 -0.6638457 0.3754127 -0.6468186 -0.6845268 0.3391744 -0.6452781 -0.6851691 0.3388627 -0.64476 -0.5920619 0.3471155 -0.7273058 -0.5695875 0.3440564 -0.7464551 -0.5955763 0.3541322 -0.7210265 0.5309212 0.3042412 0.7909236 0.5129009 0.3268276 0.7937988 0.4097828 0.2818931 0.8675336 -0.1837463 0.002553701 -0.9829704 0.5442714 0.343109 0.7655357 0.5528917 0.3450607 0.7584484 0.3869919 0.3964573 0.8325017 0.5071512 0.3406913 0.791661 0.478522 0.3430477 0.8082914 0.8069414 0.3425524 0.4811482 0.8034719 0.3432233 0.486447 0.7587983 0.3440133 0.5530641 0.7616083 0.3433623 0.5495954 0.7842386 0.3412683 0.5181755 0.9720544 -0.234362 0.01360219 0.7936661 0.3294545 0.5114234 0.7808109 0.3002558 0.5478876 0.740243 0.2964649 0.6034476 0.6926702 0.3052383 0.6534811 0.6642221 0.3438165 0.6637766 0.5451195 0.4030606 0.7351101 0.7208054 0.3486055 0.5990942 0.7158333 0.3553984 0.6010614 0.7296368 0.3432955 0.5914207 0.7249833 0.3443472 0.5965101 0.7583843 0.3439681 0.5536598 0.6465811 0.3354353 0.6851395 0.6333708 0.4449453 0.6331393 0.6469703 0.3760869 0.6633161 0.687836 0.3356645 0.6435923 0.6795092 0.3434018 0.6483382 0.5709381 0.3440472 0.7454269 0.5920835 0.3461557 0.7277454 0.6006828 0.3601831 0.7137565 0.5995219 0.3426299 0.7233107 0.7647635 0.342932 -0.5454673 0.7585618 0.3447728 -0.5529156 0.8078505 0.3430465 -0.4792668 0.7933922 0.3409451 -0.504267 0.8211782 0.3785094 -0.4270796 0.4812356 0.3425507 -0.80689 0.4850891 0.3430628 -0.8043609 0.5530253 0.3445279 -0.7585933 0.526474 0.3413569 -0.778653 0.519856 0.3411929 -0.7831584 0.4545785 0.3409219 -0.8228795 0.4640286 0.3356813 -0.8197533 0.5120511 0.2958937 -0.8063812 0.7960764 0.3231675 -0.5116888 0.8005789 0.3390786 -0.494064 0.5985857 0.3500292 -0.7205378 0.598874 0.3525089 -0.7190878 0.5913854 0.3432886 -0.7296686 0.5965267 0.3443456 -0.7249704 0.5570888 0.3440337 -0.7558392 0.6808424 0.334617 -0.6515252 0.6860277 0.3328933 -0.6469529 0.6795815 0.3420357 -0.6489843 0.6332016 0.4447902 -0.6334173 0.6464345 0.3776518 -0.6629492 0.6452741 0.3391767 -0.6845294 0.644594 0.3387611 -0.6853755 0.7259631 0.3473152 -0.5935906 0.7464781 0.3440514 -0.5695606 0.7212073 0.353241 -0.5958866 -0.4706161 0.3420838 -0.8133261 -0.4292125 0.3402357 -0.8366698 -0.414067 0.3416502 -0.8436965 -0.371294 0.3394978 -0.8642233 -0.3406671 0.3417914 -0.8758565 -0.3071045 0.3396022 -0.8890204 -0.2690039 0.3418631 -0.9004258 -0.8050237 0.342974 -0.4840514 -0.8300604 0.340227 -0.4418659 -0.8426351 0.3418945 -0.416022 -0.8550728 0.339828 -0.3916218 -0.8753942 0.3416892 -0.3419554 -0.8830963 0.3397814 -0.3235579 -0.9389542 0.340411 -0.04985415 -0.9008348 0.3413686 -0.2682617 -0.9044581 0.340194 -0.2573395 -0.9177643 0.3409023 -0.2037018 -0.9218812 0.3389973 -0.1876589 -0.9354724 0.3383207 -0.10213 -0.9320886 0.3409925 -0.1222094 -0.938859 0.339931 -0.05468726 -0.9338827 0.3410118 0.1075831 -0.936722 0.339411 0.08574455 -0.93871 0.3410943 0.0497834 -0.9408108 0.3385105 0.01690173 -0.8302165 0.3401353 0.4416432 -0.8382751 0.3400144 0.4262453 -0.8425127 0.3412299 0.4168147 -0.8703994 0.3400602 0.3560393 -0.8754331 0.3416209 0.3419243 -0.8956338 0.3400043 0.2867704 -0.9013674 0.3417991 0.2659142 -0.9132345 0.3397933 0.2248185 -0.9165087 0.3409983 0.2091221 -0.9286388 0.3383632 0.1521197 -0.4456269 0.340819 0.8278037 -0.4189781 0.3418386 0.841192 -0.4053881 0.3402521 0.8484628 -0.3417313 0.340911 0.8757851 -0.3395792 0.3406288 0.8767315 -0.2678478 0.3404226 0.9013158 -0.2710676 0.3408746 0.9001816 -0.2071935 0.3400624 0.9172942 -0.2030022 0.3404891 0.9180727 -0.1419625 0.3384756 0.9302048 -0.1012637 0.3413828 0.9344537 -0.07072657 0.3398854 0.9378036 -0.0517174 0.3412784 0.9385384 0.3416182 0.3411062 0.8757532 8.31859e-5 0.3382887 0.9410424 0.05364584 0.340919 0.9385608 0.06779861 0.3398187 0.938044 0.1027815 0.3413972 0.9342826 0.1383543 0.3384968 0.9307406 0.2080323 0.340011 0.9171233 0.2083724 0.3399748 0.9170595 0.2675289 0.3410119 0.9011877 0.2726434 0.3404234 0.8998765 0.3363484 0.3404222 0.8780562 0.4474409 0.3407744 0.8268432 0.4067129 0.3417372 0.8472311 0.4176123 0.3399773 0.8426243 0.8283088 0.3405266 0.4449114 0.8391732 0.340462 0.4241157 0.8423523 0.3413752 0.4170198 0.8676007 0.3402045 0.3626706 0.8748213 0.3426387 0.3424712 0.8978605 0.3408727 0.2786617 0.8987753 0.3404564 0.276211 0.9240931 0.3354057 0.1831802 0.9124036 0.3423232 0.2243542 0.9275091 0.3393232 0.1568013 0.9324623 0.3419291 0.1166129 0.9365837 0.3396334 0.08637183 0.9386537 0.3412659 0.04967039 0.9407606 0.3385832 0.01819634 0.9389804 0.3400713 -0.05164784 0.938988 0.3401167 -0.05120748 0.9341596 0.3409813 -0.1052502 0.932656 0.3389094 -0.1236662 0.9179013 0.3384955 -0.2070699 0.9210023 0.3409073 -0.1885127 0.901453 0.3399533 -0.267982 0.9037398 0.3413512 -0.2583287 0.8842006 0.3396351 -0.3206828 0.8753141 0.3417902 -0.3420597 0.8556772 0.3398095 -0.3903154 0.8429489 0.3418568 -0.4154171 0.8300568 0.3401823 -0.4419071 0.8912529 0.3267701 -0.3144673 0.4316701 0.3401479 -0.8354402 0.4143742 0.3417457 -0.8435069 0.3725588 0.3394984 -0.8636786 0.3404745 0.3418004 -0.8759279 0.3084086 0.3395969 -0.8885709 0.2689023 0.3417963 -0.9004815 0.2424135 0.3396317 -0.9087828 0.2027172 0.3411439 -0.9178925 0.1715207 0.3383324 -0.9252631 0.1015992 0.3397459 -0.9350137 0.1066679 0.340278 -0.9342553 0.05064791 0.341046 -0.9386813 0.03252047 0.3389552 -0.9402403 -0.05379652 0.3383992 -0.9394636 -0.03363603 0.3410163 -0.9394555 -0.1050151 0.3403121 -0.9344301 -0.1076183 0.3399502 -0.9342657 -0.2063013 0.3366521 -0.918752 -0.1721023 0.3419533 -0.923823 -0.2388285 0.3395062 -0.9097784 0.8460464 0.1733583 0.5041353 0.9811904 0.1869066 -0.0482856 0.9174845 0.173361 -0.3580059 0.5730447 0.1656834 -0.8026013 -0.8460464 0.1733583 -0.5041353 -0.98327 0.1758111 0.04765188 -0.9174845 0.173361 0.3580059 -0.5722772 0.1733613 0.8015265 0.7307644 0.2858998 0.6198747 0.7799493 0.2863483 0.5564925 0.892781 0.2856288 0.3483655 0.8607923 0.2842317 -0.4221957 0.2715309 0.2829273 -0.9199039 -0.7307644 0.2858998 -0.6198747 -0.7799493 0.2863483 -0.5564925 -0.8926024 0.2862692 -0.3482972 -0.8607288 0.2820107 0.4238111 -0.1287031 0.287209 0.949182 -0.1846969 0.2858298 0.940313 -0.3483616 0.2865538 0.892486 -0.273395 0.2862879 0.9183107 -0.2738134 0.2871838 0.9179062 -0.4916375 0.289817 0.821157 -0.5564931 0.2863495 0.7799484 -0.556671 0.2867629 0.7796696 -0.619873 0.2859021 0.7307651 -0.6773656 0.2867937 0.6774402 -0.7797564 0.286166 0.5568565 -0.892608 0.2862516 0.3482974 -0.8926703 0.285261 0.3489497 -0.9395062 0.2868181 0.1872522 -0.9577589 0.2861962 0.028104 -0.9399569 0.2863578 -0.185689 -0.8925667 0.2863417 -0.3483291 -0.9182963 0.2863411 -0.2733875 -0.9184583 0.285982 -0.2732191 -0.860817 0.2807139 -0.4244926 -0.8230819 0.286344 -0.4904522 -0.82204 0.2882289 -0.4910951 -0.6774379 0.2867929 -0.6773682 -0.677385 0.2868784 -0.677385 -0.6194509 0.2852305 -0.7313851 -0.618597 0.281816 -0.7334287 -0.4222123 0.2843068 -0.8607593 -0.4903718 0.2868635 -0.8229489 -0.4907175 0.2863486 -0.8229222 -0.556743 0.2863438 -0.7797722 -0.5568583 0.2861683 -0.7797543 -0.3482319 0.2857819 -0.8927841 -0.188455 0.2874432 -0.9390746 -0.03086417 0.2867558 -0.9575064 0.3479484 0.2851178 -0.8931068 0.4908218 0.2874205 -0.8224862 0.5564931 0.2863495 -0.7799484 0.556671 0.2867629 -0.7796696 0.619873 0.2859021 -0.7307651 0.6773656 0.2867937 -0.6774402 0.7797564 0.286166 -0.5568565 0.8927086 0.2858894 -0.3483368 0.8926844 0.2862164 -0.3481306 0.9394809 0.2863429 -0.1881046 0.9578226 0.2858214 -0.0296967 0.9347475 0.2905302 0.2045467 0.892431 0.2863449 0.3486741 0.9215018 0.2862018 0.2625316 0.8607082 0.2793516 0.4256105 0.8230819 0.286344 0.4904522 0.8217481 0.2887575 0.491273 0.6774379 0.2867929 0.6773682 0.677385 0.2868784 0.677385 0.6194509 0.2852305 0.7313851 0.618597 0.281816 0.7334287 0.4231857 0.2826712 0.8608199 0.4903185 0.2872177 0.8228572 0.4909385 0.2863492 0.8227901 0.556743 0.2863438 0.7797722 0.5568583 0.2861683 0.7797543 0.3483497 0.286345 0.8925576 0.1876054 0.2860952 0.9396563 0.02930223 0.2835187 0.958519 -0.04971915 0.170606 0.9840842 -0.1127144 0.1788128 0.9774056 -0.210921 0.169795 0.9626433 -0.2082965 0.1734005 0.9625721 -0.2810146 0.1733593 0.9439161 -0.2810155 0.1733598 0.9439157 -0.5041377 0.1733575 0.8460452 -0.6773868 0.2868797 0.6773827 -0.696398 0.1733606 0.6964022 -0.7031663 0.1603129 0.6927171 -0.7334288 0.2818148 0.6185975 -0.731385 0.2852321 0.6194503 -0.7525359 0.1656836 0.6373685 -0.7480833 0.1733945 0.6405512 -0.8897398 0.1609556 0.4271494 -0.9675475 0.1603129 0.1953246 -0.9594942 0.1880963 0.2097393 -0.9758214 0.1815965 0.1216355 -0.8871023 0.1733911 -0.4277678 -0.9174853 0.1733557 -0.3580065 -0.917486 0.1733604 -0.3580024 -0.943916 0.1733585 -0.2810152 -0.943897 0.1603165 -0.2887164 -0.9639033 0.1653425 -0.2086921 -0.9637701 0.1815084 -0.1954532 -0.6964 0.1733611 -0.6964 -0.6963986 0.1733601 -0.6964017 -0.6414465 0.1734014 -0.7473142 -0.6375362 0.1640959 -0.7527417 -0.5677718 0.1609576 -0.8072966 -0.5722766 0.1733583 -0.8015276 -0.5041376 0.1733582 -0.8460451 -0.504135 0.1733564 -0.8460469 -0.3483729 0.2855681 -0.8927975 -0.3580045 0.1733596 -0.9174853 -0.3519172 0.1603112 -0.922201 -0.2719221 0.2838036 -0.9195183 -0.2733561 0.2866993 -0.9181939 -0.2810135 0.1733583 -0.9439166 -0.2810165 0.1733608 -0.9439152 -0.04925578 0.1781663 -0.9827668 -0.03764986 0.161122 -0.9862162 0.02844434 0.2863327 -0.957708 0.04601657 0.1733947 -0.9837768 0.04940164 0.1685102 -0.9844613 0.1855927 0.2877074 -0.9395637 0.2077859 0.1733974 -0.962683 0.210841 0.1691269 -0.9627785 0.2733654 0.2866224 -0.9182152 0.2810155 0.1733599 -0.9439157 0.2810148 0.1733594 -0.943916 0.5041377 0.1733575 -0.8460452 0.6773868 0.2868797 -0.6773827 0.696398 0.1733606 -0.6964022 0.6964008 0.1733592 -0.6963997 0.7334288 0.2818148 -0.6185975 0.731385 0.2852321 -0.6194503 0.7525359 0.1656836 -0.6373685 0.7480833 0.1733945 -0.6405512 0.8897398 0.1609556 -0.4271494 0.9675475 0.1603129 -0.1953246 0.9600791 0.1861949 -0.2087574 0.9759027 0.1811533 -0.1216456 0.8871023 0.1733911 0.4277678 0.9174853 0.1733557 0.3580065 0.917486 0.1733604 0.3580024 0.9426193 0.1733891 0.2853158 0.942438 0.1674198 0.2894501 0.9647372 0.1793156 0.1926869 0.9649668 0.1733958 0.1969084 0.6964 0.1733611 0.6964 0.6963986 0.1733601 0.6964017 0.6414465 0.1734014 0.7473142 0.6375362 0.1640959 0.7527417 0.5677718 0.1609576 0.8072966 0.5722766 0.1733583 0.8015276 0.5041376 0.1733582 0.8460451 0.504135 0.1733564 0.8460469 0.3482763 0.2864593 0.8925496 0.3580045 0.1733596 0.9174853 0.3519172 0.1603112 0.922201 0.2735353 0.2865861 0.9181759 0.2733913 0.2862827 0.9183134 0.2810135 0.1733583 0.9439166 0.2810165 0.1733608 0.9439152 0.03764992 0.161122 0.9862161 0.04875427 0.1774284 0.9829254 -0.1346848 0.05801343 0.9891889 -0.1165429 0.1733942 0.9779327 -0.04768371 0.1734054 0.9836955 -0.02807819 0.2844193 0.9582887 -0.284861 0.05804955 0.9568095 -0.2848528 0.05804395 0.9568123 -0.1964468 0.0580219 0.9787964 -0.3733931 0.05801963 0.9258572 -0.3530521 0.1733953 0.9193957 -0.3584857 0.1656811 0.9187153 -0.3482859 0.2863748 0.8925729 -0.4401409 0.1603097 0.8835027 -0.4325448 0.1733583 0.8847892 -0.4208076 0.2863306 0.8607763 -0.4268856 0.2769337 0.8608579 -0.430712 0.05802214 0.9006224 -0.511023 0.05804467 0.857605 -0.5110232 0.05804681 0.8576048 -0.490451 0.2863455 0.8230822 -0.5041353 0.1733565 0.8460469 -0.5722787 0.173358 0.8015263 -0.5800982 0.05804699 0.8124756 -0.5800972 0.05804693 0.8124764 -0.653788 0.05801612 0.7544504 -0.6324489 0.1733939 0.7549458 -0.6373676 0.1656845 0.7525366 -0.6195647 0.2846474 0.731516 -0.7690519 0.05801475 0.6365482 -0.6998077 0.05802315 0.7119709 -0.8074491 0.05802607 0.5870767 -0.8075931 0.1603151 0.567532 -0.8015263 0.1733554 0.5722794 -0.7797704 0.2863456 0.5567444 -0.8227306 0.2863533 0.4910358 -0.8626819 0.05801898 0.5024079 -0.8427019 0.1734026 0.5096912 -0.8474099 0.1640923 0.5049459 -0.822809 0.2874077 0.4902881 -0.8931553 0.05802661 0.4459894 -0.8607028 0.2866033 0.4207721 -0.8847882 0.1733556 0.4325478 -0.9174867 0.1733557 0.3580029 -0.9300204 0.05804765 0.3628948 -0.9300203 0.05804407 0.3628957 -0.9599752 0.05801492 0.2740109 -0.9423816 0.1733951 0.2860966 -0.9451814 0.1656843 0.2813911 -0.9182887 0.2863687 0.2733845 -0.9188476 0.2851382 0.2727921 -0.9752667 0.05802488 0.2132794 -0.9906477 0.05804407 0.1234832 -0.9906476 0.05804181 0.1234847 -0.949191 0.2861776 0.1309157 -0.9779801 0.1733962 0.1161404 -0.9837773 0.1733955 0.04600369 -0.9978662 0.05801022 0.02996683 -0.9977818 0.05800861 -0.03266066 -0.9839105 0.1715639 -0.04986065 -0.9836551 0.1734112 -0.04848963 -0.9578168 0.2859736 -0.02839279 -0.9906474 0.05804699 -0.1234834 -0.9772954 0.1733607 -0.1218189 -0.9758334 0.1862723 -0.1142452 -0.9496592 0.286355 -0.1270751 -0.9906474 0.05804353 -0.1234853 -0.9746875 0.05801516 -0.2159135 -0.9592316 0.05802792 -0.2766 -0.9300205 0.0580452 -0.3628949 -0.9300206 0.05804932 -0.3628939 -0.8918595 0.05801677 -0.4485765 -0.8607638 0.2863754 -0.4208028 -0.8859743 0.1656806 -0.4331277 -0.8441383 0.1603115 -0.5115963 -0.8619754 0.05802565 -0.5036182 -0.8058611 0.05801969 -0.5892552 -0.8045943 0.1733928 -0.5679464 -0.8026017 0.1656836 -0.5730442 -0.7796685 0.2867639 -0.5566718 -0.7484187 0.1603135 -0.6435596 -0.7515289 0.1733586 -0.636515 -0.7315173 0.2846491 -0.6195622 -0.7673278 0.05802243 -0.6386247 -0.7059152 0.05804789 -0.7059138 -0.7059132 0.0580455 -0.705916 -0.6375468 0.05802166 -0.7682236 -0.5110247 0.0580452 -0.8576041 -0.5110214 0.05804741 -0.8576058 -0.5869138 0.05802422 -0.8075677 -0.4282797 0.05801481 -0.9017821 -0.4373055 0.1733926 -0.8824392 -0.4331267 0.1656815 -0.8859745 -0.4207899 0.2864658 -0.8607399 -0.2848593 0.05804502 -0.9568104 -0.2848538 0.0580483 -0.9568118 -0.3708931 0.05802619 -0.9268611 -0.2048684 0.05804544 -0.9770669 -0.2021098 0.1733597 -0.9638973 -0.2092081 0.1870691 -0.959811 -0.204868 0.05804437 -0.9770671 -0.1135531 0.05801594 -0.9918367 -0.1291775 0.1811099 -0.9749423 -0.1159124 0.1639198 -0.9796401 -0.1296619 0.2860068 -0.9494145 0.03266006 0.05802184 -0.9977809 0.134683 0.05801242 -0.9891892 0.1165432 0.1733942 -0.9779326 0.113733 0.1773751 -0.9775494 0.127609 0.2861521 -0.9496489 0.284861 0.05804955 -0.9568095 0.2848528 0.05804395 -0.9568123 0.1964467 0.05802208 -0.9787963 0.3733931 0.05801963 -0.9258572 0.3530521 0.1733953 -0.9193957 0.3584857 0.1656811 -0.9187153 0.3483261 0.2859916 -0.8926802 0.4401409 0.1603097 -0.8835027 0.4325448 0.1733583 -0.8847892 0.4207835 0.2865009 -0.8607314 0.4231464 0.2829132 -0.8607597 0.430712 0.05802214 -0.9006224 0.511023 0.05804467 -0.857605 0.5110232 0.05804681 -0.8576048 0.490451 0.2863455 -0.8230822 0.5041353 0.1733565 -0.8460469 0.5679467 0.1733938 -0.8045938 0.5892541 0.05801635 -0.8058622 0.6386235 0.05802315 -0.7673287 0.6435607 0.1603131 -0.748418 0.6365131 0.1733587 -0.7515305 0.6195647 0.2846474 -0.731516 0.7690519 0.05801475 -0.6365482 0.7059145 0.05804795 -0.7059145 0.7059138 0.05804538 -0.7059154 0.8074491 0.05802607 -0.5870767 0.8075931 0.1603151 -0.567532 0.8015263 0.1733554 -0.5722794 0.7797704 0.2863456 -0.5567444 0.8229173 0.2863528 -0.4907231 0.8626819 0.05801898 -0.5024079 0.8427019 0.1734026 -0.5096912 0.8474099 0.1640923 -0.5049459 0.8229499 0.2868562 -0.4903744 0.8931553 0.05802661 -0.4459894 0.8607659 0.2863672 -0.420804 0.8847882 0.1733556 -0.4325478 0.9174867 0.1733557 -0.3580029 0.9300204 0.05804765 -0.3628948 0.9300203 0.05804407 -0.3628957 0.9599752 0.05801492 -0.2740109 0.9423816 0.1733951 -0.2860966 0.9451814 0.1656843 -0.2813911 0.9182349 0.286556 -0.2733687 0.9184344 0.286113 -0.2731623 0.9752667 0.05802488 -0.2132794 0.9906477 0.05804407 -0.1234832 0.9906476 0.05804181 -0.1234847 0.9493255 0.286346 -0.129566 0.9779365 0.1733928 -0.1165137 0.9840171 0.1733608 -0.04069989 0.9974611 0.05804592 -0.04125595 0.9974616 0.05803996 -0.04125446 0.9969326 0.05801105 0.05253791 0.9826105 0.1825399 0.03399747 0.9850667 0.1652812 0.04822742 0.9579208 0.2857186 0.02743321 0.9785448 0.1603135 0.1294205 0.9772961 0.173356 0.1218205 0.9507194 0.2865112 0.1185078 0.9530622 0.2755736 0.1254261 0.9916756 0.05802345 0.1149467 0.9746875 0.05801516 0.2159135 0.9592316 0.05802792 0.2766 0.9300205 0.0580452 0.3628949 0.9300206 0.05804932 0.3628939 0.8918595 0.05801677 0.4485765 0.8606804 0.2866886 0.4207602 0.8859743 0.1656806 0.4331277 0.8441383 0.1603115 0.5115963 0.8619754 0.05802565 0.5036182 0.8058611 0.05801969 0.5892552 0.8045943 0.1733928 0.5679464 0.8026017 0.1656836 0.5730442 0.7796685 0.2867639 0.5566718 0.7484187 0.1603135 0.6435596 0.7515289 0.1733586 0.636515 0.7315173 0.2846491 0.6195622 0.7673278 0.05802243 0.6386247 0.7059152 0.05804789 0.7059138 0.7059132 0.0580455 0.705916 0.6375468 0.05802166 0.7682236 0.5110247 0.0580452 0.8576041 0.5110214 0.05804741 0.8576058 0.5869138 0.05802422 0.8075677 0.4282797 0.05801481 0.9017821 0.4373055 0.1733926 0.8824392 0.4331267 0.1656815 0.8859745 0.4208054 0.2863444 0.8607729 0.2848593 0.05804502 0.9568104 0.2848538 0.0580483 0.9568118 0.3708931 0.05802619 0.9268611 0.2048684 0.05804544 0.9770669 0.2021098 0.1733597 0.9638973 0.2082974 0.1853147 0.9603493 0.2048687 0.05804455 0.9770669 0.113553 0.05801641 0.9918366 0.1293106 0.1821663 0.9747278 0.114804 0.1638864 0.9797762 0.1294933 0.287172 0.9490857 -0.03265953 0.05802226 0.997781 0.03765946 0.02059805 0.9990783 0.04161435 0.01699632 0.9989892 -0.0488578 0.02066659 0.998592 -0.03990566 0.008455455 0.9991677 -0.1237724 0.007967591 0.9922787 -0.1181696 0.0155338 0.9928719 -0.2128272 0.02002924 0.9768846 -0.1993346 0.001048505 0.9799309 -0.2853385 0.001338958 0.9584259 -0.2908895 0.009400308 0.9567105 -0.3630897 0.008656382 0.9317141 -0.3582898 0.01554411 0.9334811 -0.4462343 0.01975542 0.8946982 -0.4386478 0.008075356 0.8986229 -0.511866 0.008906781 0.8590192 -0.5128676 0.01051372 0.8584035 -0.5810641 0.007028102 0.8138275 -0.5831713 0.01046955 0.8122818 -0.6395697 0.007422447 0.7686973 -0.6481992 0.01743984 0.7612711 -0.7130178 0.01832133 0.7009065 -0.7092067 0.01105415 0.704914 -0.7579484 0.009710788 0.6522423 -0.7637135 0.01778042 0.6453104 -0.8182044 0.02004545 0.5745781 -0.8100836 9.61913e-4 0.5863136 -0.8522235 9.99489e-4 0.523177 -0.8621978 0.01871025 0.5062261 -0.9014519 0.02092492 0.4323734 -0.8974964 0.008049428 0.4409485 -0.9315739 0.006011486 0.3635026 -0.9327936 0.01065808 0.3602535 -0.9558836 0.007599592 0.2936476 -0.9591482 0.01795488 0.282334 -0.980082 0.02016949 0.197567 -0.9775456 0.002271831 0.2107121 -0.9923164 0.002878963 0.1236931 -0.9927415 0.008013308 0.120001 -0.9987043 0.006375372 0.0504899 -0.9989304 0.01147276 0.04479563 -0.9985699 0.01494956 -0.05132967 -0.9991316 0.001541078 -0.04163885 -0.9923193 0.001531362 -0.1236935 -0.9921903 0.002940058 -0.1246995 -0.9808624 0.002414107 -0.1946868 -0.9784903 0.0128436 -0.2058927 -0.955558 0.01623696 -0.2943561 -0.9588791 0.001060843 -0.2838132 -0.931591 0.001341164 -0.3635059 -0.9317677 6.63285e-4 -0.3630546 -0.9033328 7.99409e-4 -0.4289398 -0.8981142 0.01174658 -0.4396056 -0.8538433 0.01522731 -0.5203074 -0.8592248 0.001069009 -0.5115973 -0.8139621 0.001339018 -0.5809165 -0.8180135 0.01113665 -0.5750912 -0.7565342 0.01513248 -0.653779 -0.7630855 0.001337528 -0.6462962 -0.7071064 0.001106917 -0.7071064 -0.7069885 0.001334547 -0.7072238 -0.656266 0.001143276 -0.7545288 -0.6460084 0.0132218 -0.7632157 -0.5729181 0.01523411 -0.8194712 -0.5813511 0.001067876 -0.8136522 -0.5118866 0.001338958 -0.8590521 -0.5118866 0.001336932 -0.859052 -0.4492758 0.001139819 -0.8933925 -0.438887 0.01173841 -0.8984657 -0.3542224 0.01522558 -0.9350373 -0.3638228 0.001065969 -0.9314677 -0.2853356 0.001337289 -0.9584268 -0.2853382 0.001335322 -0.9584259 -0.2052152 0.001106381 -0.9787163 -0.203918 0.002937078 -0.9789836 -0.136196 0.002433598 -0.990679 -0.1242167 0.01320141 -0.9921673 -0.03764182 0.01510059 -0.9991773 -0.04131692 0.01172745 -0.9990773 0.05121231 0.01522672 -0.9985717 0.04233747 0.002937436 -0.9990991 0.1130258 0.002417802 -0.9935891 0.124382 0.01284158 -0.9921513 0.2144411 0.01623779 -0.976602 0.2045465 0.002305448 -0.9788541 0.2853396 0.002879023 -0.9584221 0.2844057 0.001537501 -0.9587029 0.3629242 0.001530885 -0.9318175 0.3565982 0.01090347 -0.9341943 0.4481739 0.01482796 -0.8938235 0.4393558 0.001071274 -0.8983126 0.5118892 0.0013417 -0.8590505 0.5118809 0.001334786 -0.8590555 0.5718815 0.001137197 -0.8203355 0.5811728 0.01160782 -0.8136975 0.6538423 0.01494812 -0.7564831 0.6464242 0.001333415 -0.7629771 0.7071064 0.001101434 -0.7071064 0.707327 0.001538872 -0.7068849 0.7558674 0.001532375 -0.6547231 0.7630339 0.01172709 -0.6462521 0.8194683 0.01522439 -0.5729222 0.8136118 9.68246e-4 -0.5814077 0.8522235 9.99489e-4 -0.523177 0.8589697 0.01285988 -0.511865 0.9026613 0.01489174 -0.4300939 0.8985143 0.001334071 -0.4389425 0.9315899 0.001105844 -0.3635095 0.9316505 0.001334547 -0.3633531 0.955156 0.001138269 -0.2961009 0.9584494 0.01173961 -0.2850208 0.9805873 0.01522588 -0.1954917 0.9788299 0.002316415 -0.2046627 0.9923164 0.002878963 -0.1236931 0.9921813 0.001340627 -0.1247988 0.9991452 0.001112401 -0.04132425 0.9991575 0.001536726 -0.04101252 0.9991584 0.001535236 0.04098999 0.9993585 0.01113688 0.03403669 0.9909281 0.0151323 0.1335384 0.9921734 0.002935171 0.1248334 0.9808624 0.002414107 0.1946868 0.9784903 0.0128436 0.2058927 0.955558 0.01623696 0.2943561 0.9574965 0.007566511 0.2883456 0.9315441 0.01012581 0.3634876 0.9322844 0.007372856 0.361651 0.9017484 0.009842514 0.4321494 0.898222 0.01716059 0.4392071 0.855001 0.02077323 0.5182102 0.860256 0.007300615 0.5098103 0.8149473 0.00996077 0.5794495 0.8170926 0.01499569 0.5763115 0.7579895 0.0205546 0.6519429 0.7632443 0.009579002 0.6460391 0.7070841 0.007831037 0.7070862 0.7069958 0.007998108 0.7071726 0.6547227 0.006135046 0.7558443 0.6427069 0.019809 0.765856 0.5749341 0.02116703 0.8179259 0.583522 0.007187366 0.8120656 0.5118611 0.009914457 0.859011 0.5121206 0.009498059 0.8588612 0.4468477 0.007956981 0.8945748 0.4376225 0.01710379 0.8989962 0.3563845 0.02066975 0.9341108 0.366511 0.005997359 0.9303945 0.2853308 0.007375836 0.9584008 0.2825705 0.01132649 0.9591798 0.2052078 0.008446335 0.9786821 0.2092702 0.002976894 0.9778534 0.1361939 0.002433896 0.9906792 0.1181886 0.01860463 0.9928169 0.5903891 0.7577543 -0.2779375 0.7629655 0.573881 -0.2975639 0.6041405 0.7642486 -0.2256956 0.790767 0.5650498 -0.2353858 0.6123167 0.7716799 -0.1719838 -0.03257197 0.6212937 -0.7829006 -0.03222894 0.6257866 -0.7793282 -0.1586217 0.6451916 -0.7473734 -0.1592954 0.6420803 -0.7499052 -0.2239218 0.6248233 -0.7479672 -0.2168734 0.6499683 -0.7283592 -0.3419851 0.6329587 -0.6945571 -0.3220975 0.6800476 -0.6586261 -0.4019735 0.6256942 -0.6685238 -0.3694972 0.6921483 -0.620002 -0.514303 0.6134363 -0.5993232 -0.446856 0.722575 -0.5274516 -0.6707608 0.5746796 -0.4688532 -0.5365116 0.7520158 -0.3829199 -0.6191929 0.7503954 -0.2313157 -0.7934626 0.5235075 -0.3104144 -0.8320854 0.5311585 -0.1597023 -0.4928003 0.8640041 -0.1031744 -0.8524685 0.5145359 -0.0924685 -0.6059576 0.7921627 -0.07275706 -0.8449924 0.5338363 0.0317291 -0.5030453 0.861687 0.06664121 -0.600058 0.679847 0.4215905 -0.2721533 -0.08869701 0.9581573 -0.2106186 0.6598267 0.7212964 0.0782262 0.9079677 0.4116739 0.512046 0.8504612 0.1205191 0.8073808 0.5651412 0.1695629 0.5386972 0.8387524 0.07937151 0.8470528 0.5212148 0.1041004 0.632974 0.7740487 -0.01387691 0.8570039 0.5140922 -0.0354048 0.8758551 0.473311 -0.0940988 0.6116428 0.7877355 -0.07325237 0.5446048 0.7478343 -0.3796703 0.6513663 0.5996118 -0.4649599 0.5115011 0.7471458 -0.4244289 0.6061047 0.6075209 -0.5133765 0.4478839 0.7269313 -0.5205488 0.5076478 0.6190941 -0.5991796 0.3211506 0.6895496 -0.6491408 0.3539366 0.5886479 -0.7267892 0.1501042 0.6867191 -0.7112565 0.1537049 0.6620789 -0.7335029 -0.09624993 0.6062765 -0.7894079 -0.09354794 0.6513563 -0.7529833 -0.270721 0.667164 -0.6939758 -0.2833788 0.631329 -0.7218865 -0.4081599 0.7116044 -0.5718607 -0.4582341 0.6221286 -0.6348052 -0.570986 0.5981253 -0.5623354 -0.4795634 0.7347953 -0.479682 -0.5111662 0.7424867 -0.4329235 -0.6234658 0.5850647 -0.5186423 -0.7171334 0.5587369 -0.4165728 -0.5519494 0.7662017 -0.3290698 -0.6290429 0.7147509 -0.3056733 -0.7563987 0.5460787 -0.360082 -0.7882145 0.5681562 -0.2364672 -0.5319669 0.8336436 -0.148491 -0.5949344 0.8034029 -0.02443152 -0.9067367 0.421157 -0.02134501 -0.7896496 0.5912262 0.1640282 -0.6323783 0.6734754 0.3827906 -0.1534565 0.6902746 0.707087 0.1069535 0.5028858 0.8577103 0.7614969 0.6083023 0.2238101 0.8509191 0.5241183 0.03516727 0.6264982 0.7784801 0.03832507 0.5454728 0.8316141 -0.1042957 0.8064539 0.5660065 -0.1710812 0.759079 0.5342644 -0.3719685 0.5916033 0.7257127 -0.3512077 0.7184155 0.5559251 -0.4181227 0.5583527 0.613627 -0.5583049 0.4801132 0.739602 -0.4716782 0.4087541 0.7168159 -0.564885 0.4530544 0.6263351 -0.6343864 0.4017458 0.6196347 -0.6742798 0.3708708 0.6954708 -0.6154473 0.2828372 0.631975 -0.7215337 0.2834128 0.6302424 -0.722822 0.2147396 0.6664158 -0.7139868 0.2164069 0.6606075 -0.7188643 0.09246832 0.6687172 -0.7377445 0.09307122 0.6601177 -0.745374 0.03038728 0.6493889 -0.7598491 0.03025931 0.6285831 -0.7771536 -0.08436954 0.8630797 0.497971 -0.1204553 0.2193705 0.9681772 -0.04495388 0.8449191 0.5330018 -0.03974926 0.1552309 0.9870783 -1.83892e-4 0.866666 0.4988887 0.04129755 0.1241834 0.9913995 0.03933125 0.9118471 0.4086418 0.1115627 -0.7477853 0.6545006 0.119166 0.8772979 0.4649171 0.2791884 0.1658611 0.9458034 0.1775841 0.8413138 0.510544 0.3579525 0.2073261 0.9104318 0.2036975 0.8653307 0.4579413 0.428003 0.2107851 0.8788533 0.244471 0.8615077 0.4450151 0.5054973 0.1605176 0.8477657 0.2792443 0.8631669 0.4206728 0.5727143 0.1887977 0.7977179 0.300606 0.8749842 0.3795242 0.6241348 0.2440028 0.7422387 0.3768839 0.8346915 0.4015581 0.6820045 0.2613508 0.6830562 0.3834909 0.8564813 0.3455066 0.7494846 0.1888871 0.6345034 0.4072783 0.8593068 0.3093808 0.7911139 0.2399896 0.5626223 0.4336876 0.8579345 0.2754334 0.835167 0.2392508 0.4952326 0.4591351 0.8552594 0.2402634 0.8776623 0.2138532 0.428924 0.4784427 0.8547254 0.2013381 0.8982757 0.2677431 0.3484458 0.4382848 0.8883922 0.1366227 -0.9845579 -0.09367066 0.1478899 -0.535067 0.8443179 0.02882015 -0.4619692 0.8809047 0.1029143 -0.4961922 0.8531506 0.1610201 -0.9255315 0.2628067 0.2726245 -0.8674674 0.257961 0.42539 -0.5156928 0.8289545 0.216553 -0.8991984 0.2652606 0.3479642 -0.8483864 -0.09668833 0.5204729 -0.4631925 0.8525899 0.2419572 -0.5160707 0.7915851 0.3272064 -0.4077311 0.8591446 0.3092347 -0.7127021 -0.5005884 0.4913928 -0.3785601 0.8606037 0.3406666 -0.7528924 0.1689817 0.6360806 -0.347209 0.8619194 0.3695147 -0.6935739 0.2085129 0.6895489 -0.3141081 0.8628777 0.3959522 -0.6334299 0.2127968 0.7439652 -0.2791587 0.8636004 0.4198391 -0.5705047 0.2077926 0.7945734 -0.2450081 0.8611922 0.4453304 -0.5063536 0.1587741 0.8475829 -0.2062863 0.8620692 0.4629068 -0.4274861 0.224097 0.875806 -0.1187621 0.8869407 0.446354 -0.2179718 -0.06220471 0.9739707 -0.1510472 0.8830226 0.4443601 -0.3541976 0.2180652 0.9093908 1.90529e-5 1 -6.59381e-5 0.001330375 0.9999991 -4.18384e-4 -1.2449e-4 1 -1.29192e-4 0.001110553 0.9999993 -5.68239e-4 -6.98498e-4 0.9999998 -6.36199e-5 -4.35297e-5 1 1.03861e-5 6.68225e-4 0.9999998 1.25109e-4 -2.08632e-5 1 7.1552e-5 4.20006e-5 1 1.71617e-4 -3.10323e-4 1 -1.82429e-4 6.28815e-5 1 -1.52782e-5 5.91167e-4 0.9999998 3.11369e-4 7.1757e-5 1 2.0582e-5 -9.0191e-4 0.9999996 -3.55478e-4 -5.26772e-5 1 5.06199e-5 7.05926e-5 1 7.36377e-5 4.28481e-4 0.9999998 6.05748e-4 -7.83279e-6 0.9999983 -0.001865029 -8.19521e-4 0.9999997 5.04057e-4 -1.14321e-5 1 -4.56471e-5 -3.81415e-5 1 -1.17201e-5 2.09035e-5 1 8.56953e-5 -1.04659e-4 1 -3.02783e-5 -2.8099e-5 1 -2.99732e-5 -7.98828e-5 1 1.90323e-5 -1.45109e-4 1 -3.94928e-4 -3.34427e-5 0.9999998 5.7571e-4 9.01592e-5 1 -8.67636e-5 -5.0375e-4 0.9999997 -8.25803e-4 -1.35373e-4 0.9999999 4.62675e-4 -0.8597946 0.003241539 0.5106297 0.9256335 0.002852201 0.3784105 0.7513281 0.002431392 -0.6599245 0.9998241 0.003248333 0.01847738 -0.07385259 0.002690732 0.9972656 -0.6736915 0.003247439 0.7390056 0.219946 0.002852559 0.9755079 -0.9389862 0.00239253 -0.3439465 0.673692 0.003242075 0.7390052 -0.4946507 0.00285238 0.8690872 0.7980139 0.003242075 -0.6026305 -0.2168003 0.004055976 0.9762076 -0.9510517 0.003248453 0.309015 0.8951616 0.002554893 0.4457345 0.5877838 0.002852201 -0.809013 0.4946515 0.003247976 0.8690854 0.8780769 0.003246426 -0.4785087 -0.7264298 0.002852737 0.6872347 0.7005386 0.003387928 -0.7136064 0.3954496 0.003427684 -0.9184814 -0.9712774 0.002690136 0.2379351 0.9957302 0.002853095 0.09226769 -0.1049422 -0.001280307 -0.9944775 -0.7513269 0.003247976 -0.6599222 -0.7005401 0.002391517 -0.713609 0.1473006 0.002553701 0.9890885 0.6172731 0.003354489 0.7867419 -0.1499612 0.004005849 0.9886838 -0.006344854 -0.00463289 -0.9999692 0.8197373 0.002851724 0.5727326 0.6459258 0.00285238 -0.763395 0.9794051 0.003248453 -0.2018793 -0.986848 0.004543364 0.1615874 -0.2913873 0.003242254 0.9565998 0.4622029 0.002553701 -0.8867706 0.840341 0.002552747 -0.542052 -0.8197371 0.003248453 0.572731 -0.9794045 0.003427863 -0.2018795 0.2879272 0.004481136 0.9576419 -0.9998257 0.002690196 0.01847797 -0.5574878 0.003354728 0.8301784 -0.8780781 0.002852857 -0.4785088 0.3610976 0.003110468 0.932523 -0.9957309 0.002592921 0.09226763 -0.9093973 0.004482746 -0.4159048 -0.6172766 0.002553522 0.7867422 0.7264299 0.003247976 0.6872329 0.07385051 0.002553343 0.9972661 0.2558417 0.002391874 -0.9667158 0.7752007 0.002553045 0.63171 0.9389832 0.003354966 -0.3439467 0.4291191 0.003049731 0.9032428 -0.9915429 0.003334999 -0.1297373 -0.8403406 0.002552807 -0.5420528 -0.6459253 0.002886056 -0.7633953 -0.5877829 0.003427863 -0.8090115 0.9510537 0.002593815 0.3090149 -0.5264298 0.003242254 -0.8502125 0.9712754 0.003248453 0.237936 -0.2558386 0.002553761 -0.9667162 -0.4622007 0.00255239 -0.8867717 0.1837517 0.002852618 -0.9829685 0.9916407 0.002851784 -0.1289985 -0.3954483 0.003246724 -0.9184826 0.8597945 0.003248929 0.5106299 -0.4291222 0.003247857 0.9032406 -0.7980163 0.002553701 -0.6026307 0.961822 0.002554059 -0.2736642 -0.775201 0.002554416 0.6317096 -0.6450872 0.003334283 -0.7641018 0.9861978 0.002554297 0.165552 -0.925635 0.002553343 0.3784092 -0.8951608 0.002554237 0.4457361 0.5264279 0.003248274 -0.8502137 -0.3265374 0.002853035 -0.94518 0.3275704 0.00333476 -0.944821 -0.3612371 0.002553582 0.9324705 0.9984605 0.002554178 -0.0554105 0.9110189 0.002851665 -0.412355 -0.9618198 0.003354191 -0.2736629 0.1040199 3.85678e-4 -0.9945752 0.5574904 0.002553045 0.8301795 -0.998432 0.003110408 -0.05589216 0 0.003247559 0.9999948 -0.1854503 0.003232538 -0.9826484 -0.8596693 0.003338634 0.5108402 0.926448 0.003695607 0.3764048 0.747676 0.004608571 -0.6640478 0.9998186 0.003358066 0.01874721 -0.06993544 0.004258632 0.9975425 -0.6738911 0.003357827 0.7388232 0.2246158 0.004716396 0.9744361 -0.9405834 0.004248023 -0.3395363 0.6738734 0.003338098 0.7388393 -0.4914991 0.004261374 0.8708677 0.7984955 0.002930104 -0.6019938 -0.9511349 0.003358125 0.3087577 0.8964372 0.003682255 0.4431558 0.4951156 0.00302875 0.8688219 0.8782059 0.00335884 -0.4782713 -0.7239332 0.004260361 0.689857 0.6999402 0.003705024 -0.714192 0.3952767 0.003352522 -0.918556 -0.9703299 0.004258513 0.2417477 0.9960529 0.004261374 0.08866 -0.113492 0.003221392 -0.9935337 -0.7511497 0.003358721 -0.6601235 -0.7038781 0.004247546 -0.7103081 0.1501478 0.003682255 0.9886567 0.6183569 0.003883838 0.7858878 -0.1472986 0.002916395 0.9890878 -0.01876115 0.001210093 -0.9998233 0.8218026 0.004261374 0.5697565 0.6442769 0.003690898 -0.7647835 0.9794585 0.003359138 -0.201618 -0.9861965 0.00291717 0.1655536 -0.2918629 0.003048121 0.9564554 0.4583508 0.004252851 -0.8887612 0.8385173 0.00386697 -0.5448614 -0.8194304 0.003027975 0.5731709 0.2913881 0.003035247 0.9566002 -0.999773 0.003688991 0.02098381 -0.5567296 0.003704726 0.8306856 -0.8803558 0.004717826 -0.4742904 0.3612396 0.003049314 0.9324681 -0.9110183 0.00288707 -0.412356 -0.6138572 0.004252612 0.7894056 0.7267976 0.003027558 0.6868451 0.0755757 0.003232359 0.9971349 0.2526966 0.003677546 -0.9675387 0.7770143 0.003682792 0.6294723 0.9386681 0.003704011 -0.3448021 0.4297675 0.003336787 0.9029334 -0.9916402 0.003035783 -0.1289989 -0.8418954 0.003681778 -0.5396284 0.9526539 0.004613339 0.3040222 -0.526641 0.003338575 -0.8500813 0.9711903 0.003394544 0.2382813 -0.2586246 0.003682434 -0.9659709 -0.4651685 0.003866791 -0.8852137 0.991162 0.004262328 -0.1325892 -0.3952021 0.003357887 -0.9185882 0.8596572 0.003358781 0.5108605 -0.4293616 0.003358185 0.9031264 -0.7990536 0.003231287 -0.6012511 0.9606224 0.004251837 -0.2778246 -0.7733778 0.003681778 0.6339347 0.9866665 0.003682255 0.1627134 -0.9249761 0.00323224 0.3800116 -0.8936597 0.003866553 0.4487286 0.5266607 0.003359436 -0.850069 -0.3299572 0.004261195 -0.9439864 0.326538 0.002886712 -0.9451797 -0.3581159 0.003866374 0.9336692 0.9982933 0.003683328 -0.05828487 0.9095143 0.004263281 -0.4156509 -0.9624708 0.00427854 -0.2713516 0.5610769 0.004252612 0.8277529 -0.9984595 0.002916097 -0.05541044</float_array>
          <technique_common>
            <accessor source="#eSeries_UR10e_010-mesh-normals-array" count="2582" stride="3">
              <param name="X" type="float"/>
              <param name="Y" type="float"/>
              <param name="Z" type="float"/>
            </accessor>
          </technique_common>
        </source>
        <vertices id="eSeries_UR10e_010-mesh-vertices">
          <input semantic="POSITION" source="#eSeries_UR10e_010-mesh-positions"/>
        </vertices>
        <triangles material="JointGrey-material" count="2667">
          <input semantic="VERTEX" source="#eSeries_UR10e_010-mesh-vertices" offset="0"/>
          <input semantic="NORMAL" source="#eSeries_UR10e_010-mesh-normals" offset="1"/>
          <p>94 0 72 0 74 0 80 1 82 1 74 1 76 2 78 2 74 2 82 3 84 3 74 3 86 4 88 4 74 4 88 5 90 5 74 5 78 6 80 6 74 6 90 7 92 7 74 7 84 8 86 8 74 8 92 9 94 9 74 9 0 10 1 10 2 10 2 11 1 11 3 11 2 12 3 12 4 12 4 13 3 13 5 13 4 14 5 14 6 14 6 15 5 15 7 15 6 16 7 16 8 16 8 17 7 17 9 17 8 18 9 18 10 18 10 19 9 19 11 19 10 20 11 20 12 20 12 21 11 21 13 21 12 22 13 22 14 22 14 23 13 23 15 23 14 24 15 24 16 24 16 25 15 25 17 25 16 26 17 26 18 26 18 27 17 27 19 27 18 28 19 28 20 28 20 29 19 29 21 29 20 30 21 30 22 30 22 31 21 31 23 31 22 32 23 32 0 32 0 33 23 33 1 33 24 34 25 34 26 34 26 35 25 35 27 35 26 36 27 36 28 36 28 37 27 37 29 37 28 38 29 38 30 38 30 39 29 39 31 39 30 16 31 16 32 16 32 40 31 40 33 40 32 41 33 41 34 41 34 42 33 42 35 42 34 43 35 43 36 43 36 44 35 44 37 44 36 45 37 45 38 45 38 46 37 46 39 46 38 47 39 47 40 47 40 48 39 48 41 48 40 49 41 49 42 49 42 50 41 50 43 50 42 51 43 51 44 51 44 52 43 52 45 52 44 53 45 53 46 53 46 54 45 54 47 54 46 55 47 55 24 55 24 56 47 56 25 56 48 57 49 57 50 57 50 58 49 58 51 58 50 59 51 59 52 59 52 60 51 60 53 60 52 61 53 61 54 61 54 62 53 62 55 62 54 63 55 63 56 63 56 64 55 64 57 64 56 65 57 65 58 65 58 66 57 66 59 66 58 67 59 67 60 67 60 68 59 68 61 68 60 69 61 69 62 69 62 70 61 70 63 70 62 71 63 71 64 71 64 72 63 72 65 72 64 73 65 73 66 73 66 74 65 74 67 74 66 75 67 75 68 75 68 76 67 76 69 76 68 77 69 77 70 77 70 78 69 78 71 78 70 79 71 79 48 79 48 80 71 80 49 80 72 81 73 81 74 81 74 82 73 82 75 82 74 83 75 83 76 83 76 84 75 84 77 84 76 85 77 85 78 85 78 86 77 86 79 86 78 87 79 87 80 87 80 88 79 88 81 88 80 89 81 89 82 89 82 90 81 90 83 90 82 91 83 91 84 91 84 92 83 92 85 92 84 93 85 93 86 93 86 94 85 94 87 94 86 95 87 95 88 95 88 96 87 96 89 96 88 97 89 97 90 97 90 98 89 98 91 98 90 99 91 99 92 99 92 100 91 100 93 100 92 101 93 101 94 101 94 54 93 54 95 54 94 102 95 102 72 102 72 103 95 103 73 103 9 104 96 104 97 104 9 105 97 105 11 105 11 106 97 106 98 106 11 107 98 107 99 107 11 108 99 108 100 108 11 109 100 109 13 109 13 110 100 110 101 110 13 111 101 111 15 111 15 112 101 112 102 112 15 113 102 113 17 113 17 114 102 114 103 114 17 115 103 115 104 115 17 116 104 116 105 116 17 117 105 117 19 117 19 118 105 118 106 118 19 119 106 119 21 119 21 120 106 120 107 120 21 121 107 121 108 121 21 122 108 122 23 122 23 123 108 123 109 123 23 124 109 124 110 124 23 125 110 125 1 125 1 126 110 126 111 126 1 127 111 127 3 127 3 128 111 128 112 128 3 129 112 129 113 129 3 130 113 130 5 130 5 131 113 131 114 131 5 132 114 132 115 132 5 133 115 133 116 133 5 134 116 134 7 134 7 135 116 135 96 135 7 136 96 136 9 136 33 137 117 137 35 137 35 138 117 138 118 138 35 139 118 139 119 139 35 140 119 140 120 140 35 141 120 141 37 141 37 142 120 142 121 142 37 143 121 143 39 143 39 144 121 144 122 144 39 145 122 145 123 145 39 146 123 146 41 146 41 147 123 147 124 147 41 148 124 148 125 148 41 149 125 149 43 149 43 150 125 150 126 150 43 151 126 151 45 151 45 152 126 152 127 152 45 153 127 153 128 153 45 154 128 154 47 154 47 155 128 155 129 155 47 156 129 156 130 156 47 157 130 157 131 157 47 158 131 158 25 158 25 159 131 159 132 159 25 160 132 160 27 160 27 161 132 161 133 161 27 162 133 162 29 162 29 163 133 163 134 163 29 164 134 164 135 164 29 165 135 165 136 165 29 166 136 166 31 166 31 167 136 167 137 167 31 168 137 168 33 168 33 169 137 169 117 169 51 170 138 170 139 170 51 171 139 171 53 171 53 172 139 172 140 172 53 173 140 173 141 173 53 174 141 174 55 174 55 175 141 175 142 175 55 176 142 176 57 176 57 177 142 177 143 177 57 178 143 178 144 178 57 179 144 179 59 179 59 180 144 180 145 180 59 181 145 181 146 181 59 182 146 182 147 182 59 183 147 183 61 183 61 184 147 184 148 184 61 185 148 185 63 185 63 186 148 186 149 186 63 187 149 187 65 187 65 188 149 188 150 188 65 189 150 189 151 189 65 190 151 190 152 190 65 191 152 191 67 191 67 192 152 192 153 192 67 193 153 193 69 193 69 194 153 194 154 194 69 195 154 195 71 195 71 196 154 196 155 196 71 197 155 197 156 197 71 198 156 198 157 198 71 199 157 199 49 199 49 200 157 200 158 200 49 201 158 201 51 201 51 202 158 202 138 202 75 203 159 203 160 203 75 204 160 204 77 204 77 205 160 205 161 205 77 206 161 206 162 206 77 207 162 207 163 207 77 208 163 208 79 208 79 209 163 209 164 209 79 210 164 210 81 210 81 211 164 211 165 211 81 212 165 212 166 212 81 213 166 213 83 213 83 214 166 214 167 214 83 215 167 215 168 215 83 216 168 216 85 216 85 217 168 217 169 217 85 218 169 218 87 218 87 219 169 219 170 219 87 220 170 220 171 220 87 221 171 221 89 221 89 222 171 222 172 222 89 223 172 223 173 223 89 224 173 224 174 224 89 225 174 225 91 225 91 226 174 226 175 226 91 227 175 227 93 227 93 228 175 228 176 228 93 229 176 229 95 229 95 230 176 230 177 230 95 231 177 231 178 231 95 232 178 232 179 232 95 233 179 233 73 233 73 234 179 234 159 234 73 235 159 235 75 235 111 236 180 236 112 236 112 237 180 237 181 237 112 238 181 238 113 238 113 239 181 239 182 239 113 240 182 240 114 240 114 241 182 241 183 241 114 242 183 242 115 242 115 243 183 243 184 243 115 244 184 244 116 244 116 245 184 245 185 245 116 246 185 246 96 246 96 247 185 247 186 247 96 248 186 248 97 248 97 249 186 249 187 249 97 250 187 250 98 250 98 251 187 251 188 251 98 252 188 252 99 252 99 253 188 253 189 253 99 254 189 254 100 254 100 255 189 255 190 255 100 256 190 256 101 256 101 257 190 257 191 257 101 258 191 258 102 258 102 259 191 259 192 259 102 260 192 260 103 260 103 261 192 261 193 261 103 262 193 262 104 262 104 263 193 263 194 263 104 264 194 264 105 264 105 265 194 265 106 265 106 266 194 266 195 266 106 267 195 267 107 267 107 268 195 268 196 268 107 269 196 269 108 269 108 270 196 270 197 270 108 271 197 271 198 271 108 272 198 272 109 272 109 273 198 273 110 273 110 274 198 274 199 274 110 275 199 275 111 275 111 276 199 276 180 276 131 277 200 277 132 277 132 278 200 278 201 278 132 279 201 279 133 279 133 280 201 280 202 280 133 281 202 281 134 281 134 282 202 282 203 282 134 283 203 283 135 283 135 284 203 284 204 284 135 285 204 285 136 285 136 286 204 286 205 286 136 287 205 287 137 287 137 288 205 288 206 288 137 289 206 289 117 289 117 290 206 290 207 290 117 291 207 291 118 291 118 292 207 292 208 292 118 293 208 293 119 293 119 294 208 294 209 294 119 295 209 295 120 295 120 296 209 296 121 296 121 297 209 297 210 297 121 298 210 298 122 298 122 299 210 299 211 299 122 300 211 300 123 300 123 301 211 301 212 301 123 302 212 302 213 302 123 303 213 303 124 303 124 304 213 304 125 304 125 305 213 305 214 305 125 306 214 306 126 306 126 307 214 307 215 307 126 308 215 308 127 308 127 309 215 309 216 309 127 310 216 310 128 310 128 311 216 311 217 311 128 312 217 312 129 312 129 313 217 313 218 313 129 314 218 314 130 314 130 315 218 315 219 315 130 316 219 316 131 316 131 317 219 317 200 317 158 318 220 318 138 318 138 319 220 319 221 319 138 320 221 320 139 320 139 321 221 321 222 321 139 322 222 322 223 322 139 323 223 323 140 323 140 324 223 324 141 324 141 325 223 325 224 325 141 326 224 326 142 326 142 327 224 327 225 327 142 328 225 328 143 328 143 329 225 329 226 329 143 330 226 330 144 330 144 331 226 331 227 331 144 332 227 332 145 332 145 333 227 333 228 333 145 334 228 334 146 334 146 335 228 335 229 335 146 336 229 336 147 336 147 337 229 337 230 337 147 338 230 338 148 338 148 339 230 339 231 339 148 340 231 340 149 340 149 341 231 341 232 341 149 342 232 342 150 342 150 343 232 343 233 343 150 344 233 344 151 344 151 345 233 345 234 345 151 346 234 346 152 346 152 347 234 347 235 347 152 348 235 348 153 348 153 349 235 349 236 349 153 350 236 350 154 350 154 351 236 351 237 351 154 352 237 352 155 352 155 353 237 353 238 353 155 354 238 354 156 354 156 355 238 355 239 355 156 356 239 356 157 356 157 357 239 357 158 357 158 358 239 358 220 358 179 359 240 359 159 359 159 360 240 360 241 360 159 361 241 361 160 361 160 362 241 362 242 362 160 363 242 363 161 363 161 364 242 364 243 364 161 365 243 365 162 365 162 366 243 366 244 366 162 367 244 367 163 367 163 368 244 368 164 368 164 369 244 369 245 369 164 370 245 370 165 370 165 371 245 371 246 371 165 372 246 372 166 372 166 373 246 373 247 373 166 374 247 374 248 374 166 375 248 375 167 375 167 376 248 376 168 376 168 377 248 377 249 377 168 378 249 378 169 378 169 379 249 379 250 379 169 380 250 380 170 380 170 381 250 381 251 381 170 382 251 382 171 382 171 383 251 383 252 383 171 384 252 384 172 384 172 385 252 385 253 385 172 386 253 386 173 386 173 387 253 387 254 387 173 388 254 388 174 388 174 389 254 389 255 389 174 390 255 390 175 390 175 391 255 391 256 391 175 392 256 392 176 392 176 393 256 393 257 393 176 394 257 394 177 394 177 395 257 395 258 395 177 396 258 396 178 396 178 397 258 397 259 397 178 398 259 398 179 398 179 399 259 399 240 399 180 400 261 400 181 400 181 401 261 401 262 401 181 402 262 402 182 402 182 403 262 403 183 403 183 404 262 404 263 404 183 405 263 405 184 405 184 406 263 406 264 406 184 407 264 407 185 407 185 408 264 408 186 408 186 409 264 409 265 409 186 410 265 410 187 410 187 411 265 411 266 411 187 412 266 412 188 412 188 413 266 413 267 413 188 414 267 414 189 414 189 415 267 415 268 415 189 416 268 416 190 416 190 417 268 417 269 417 190 418 269 418 191 418 191 419 269 419 270 419 191 420 270 420 192 420 192 421 270 421 271 421 192 422 271 422 193 422 193 423 271 423 194 423 194 424 271 424 272 424 194 425 272 425 195 425 195 426 272 426 273 426 195 427 273 427 196 427 196 428 273 428 274 428 196 429 274 429 197 429 197 430 274 430 198 430 198 431 274 431 275 431 198 432 275 432 199 432 199 433 275 433 276 433 199 434 276 434 180 434 180 435 276 435 261 435 283 436 277 436 284 436 283 437 284 437 285 437 285 438 284 438 282 438 279 439 287 439 286 439 280 440 279 440 286 440 278 441 280 441 288 441 288 442 280 442 286 442 277 443 278 443 289 443 289 444 278 444 288 444 289 445 288 445 290 445 291 446 277 446 289 446 291 447 289 447 281 447 281 448 289 448 290 448 277 449 291 449 284 449 284 450 291 450 282 450 282 451 291 451 281 451 296 452 297 452 305 452 305 453 297 453 269 453 298 454 299 454 293 454 298 455 763 455 299 455 295 456 269 456 297 456 295 457 297 457 301 457 294 458 295 458 302 458 302 459 295 459 301 459 302 460 301 460 292 460 303 461 294 461 302 461 303 462 302 462 300 462 300 463 302 463 292 463 293 464 294 464 303 464 293 465 303 465 298 465 298 466 303 466 300 466 296 467 305 467 313 467 313 468 305 468 312 468 311 469 316 469 310 469 310 470 316 470 309 470 309 471 314 471 308 471 308 472 314 472 307 472 305 473 315 473 312 473 312 474 315 474 316 474 312 475 316 475 311 475 314 476 317 476 307 476 307 477 317 477 283 477 307 478 283 478 306 478 306 479 283 479 285 479 316 480 304 480 309 480 309 481 304 481 314 481 316 482 315 482 304 482 304 483 317 483 314 483 201 484 318 484 202 484 202 485 318 485 319 485 202 486 319 486 203 486 203 487 319 487 320 487 203 488 320 488 204 488 204 489 320 489 321 489 204 490 321 490 205 490 205 491 321 491 322 491 205 492 322 492 206 492 206 493 322 493 323 493 206 494 323 494 207 494 207 495 323 495 208 495 208 496 323 496 324 496 208 497 324 497 209 497 209 498 324 498 325 498 209 499 325 499 210 499 210 500 325 500 326 500 210 501 326 501 211 501 211 502 326 502 327 502 211 503 327 503 212 503 212 504 327 504 213 504 213 505 327 505 328 505 213 506 328 506 214 506 214 507 328 507 329 507 214 508 329 508 215 508 215 509 329 509 330 509 215 510 330 510 216 510 216 511 330 511 331 511 216 512 331 512 217 512 217 513 331 513 218 513 218 514 331 514 332 514 218 515 332 515 219 515 219 516 332 516 333 516 219 517 333 517 200 517 200 518 333 518 201 518 201 519 333 519 318 519 375 520 334 520 338 520 375 521 338 521 339 521 339 522 338 522 337 522 342 523 341 523 340 523 340 524 341 524 782 524 342 525 343 525 341 525 335 526 343 526 342 526 335 527 342 527 344 527 344 528 342 528 340 528 334 529 335 529 345 529 345 530 335 530 344 530 345 531 344 531 346 531 347 532 334 532 345 532 347 533 345 533 336 533 336 534 345 534 346 534 334 535 347 535 338 535 338 536 347 536 337 536 337 537 347 537 336 537 351 538 352 538 353 538 353 539 352 539 322 539 357 540 356 540 355 540 355 541 356 541 354 541 357 542 792 542 356 542 350 543 322 543 358 543 358 544 322 544 352 544 358 545 352 545 359 545 360 546 350 546 358 546 360 547 358 547 348 547 348 548 358 548 359 548 349 549 350 549 360 549 349 550 360 550 361 550 361 551 360 551 348 551 354 552 349 552 355 552 355 553 349 553 357 553 357 554 349 554 361 554 351 555 353 555 362 555 362 556 353 556 363 556 365 557 372 557 366 557 366 558 372 558 367 558 353 559 373 559 363 559 363 560 373 560 371 560 363 561 371 561 364 561 364 562 371 562 365 562 367 563 374 563 368 563 368 564 374 564 375 564 368 565 375 565 369 565 369 566 375 566 339 566 365 567 371 567 372 567 372 568 370 568 367 568 367 569 370 569 374 569 371 570 370 570 372 570 370 571 375 571 374 571 220 572 376 572 221 572 221 573 376 573 377 573 221 574 377 574 222 574 222 575 377 575 223 575 223 576 377 576 378 576 223 577 378 577 224 577 224 578 378 578 379 578 224 579 379 579 225 579 225 580 379 580 380 580 225 581 380 581 226 581 226 582 380 582 381 582 226 583 381 583 227 583 227 584 381 584 228 584 228 585 381 585 382 585 228 586 382 586 229 586 229 587 382 587 383 587 229 588 383 588 230 588 230 589 383 589 231 589 231 590 383 590 384 590 231 591 384 591 232 591 232 592 384 592 385 592 232 593 385 593 233 593 233 594 385 594 386 594 233 595 386 595 234 595 234 596 386 596 387 596 234 597 387 597 235 597 235 598 387 598 388 598 235 599 388 599 236 599 236 600 388 600 389 600 236 601 389 601 237 601 237 602 389 602 238 602 238 603 389 603 390 603 238 604 390 604 239 604 239 605 390 605 391 605 239 606 391 606 220 606 220 607 391 607 376 607 398 608 399 608 806 608 400 609 399 609 398 609 397 610 400 610 398 610 401 611 395 611 402 611 401 612 402 612 403 612 403 613 402 613 394 613 396 614 397 614 404 614 404 615 397 615 398 615 404 616 398 616 392 616 405 617 396 617 404 617 405 618 404 618 406 618 406 619 404 619 392 619 395 620 396 620 407 620 407 621 396 621 405 621 407 622 405 622 393 622 393 623 405 623 406 623 395 624 407 624 402 624 402 625 407 625 394 625 394 626 407 626 393 626 411 627 412 627 413 627 411 628 413 628 422 628 422 629 413 629 388 629 416 630 415 630 414 630 416 631 823 631 415 631 410 632 388 632 417 632 417 633 388 633 413 633 417 634 413 634 418 634 418 635 413 635 412 635 419 636 410 636 417 636 419 637 417 637 408 637 408 638 417 638 418 638 409 639 410 639 419 639 409 640 419 640 420 640 420 641 419 641 408 641 414 642 409 642 416 642 416 643 409 643 420 643 411 644 422 644 423 644 423 645 422 645 424 645 425 646 433 646 426 646 426 647 433 647 427 647 427 648 431 648 428 648 428 649 431 649 429 649 422 650 432 650 424 650 424 651 432 651 433 651 424 652 433 652 425 652 431 653 434 653 429 653 429 654 434 654 401 654 429 655 401 655 430 655 430 656 401 656 403 656 433 657 421 657 427 657 427 658 421 658 431 658 433 659 432 659 421 659 421 660 434 660 431 660 256 661 435 661 257 661 257 662 435 662 436 662 257 663 436 663 258 663 258 664 436 664 437 664 258 665 437 665 259 665 259 666 437 666 438 666 259 667 438 667 240 667 240 668 438 668 439 668 240 669 439 669 241 669 241 670 439 670 440 670 241 671 440 671 242 671 242 672 440 672 243 672 243 673 440 673 441 673 243 674 441 674 244 674 244 675 441 675 442 675 244 676 442 676 245 676 245 677 442 677 443 677 245 678 443 678 246 678 246 679 443 679 444 679 246 680 444 680 247 680 247 681 444 681 248 681 248 682 444 682 445 682 248 683 445 683 249 683 249 684 445 684 446 684 249 685 446 685 250 685 250 686 446 686 447 686 250 687 447 687 251 687 251 688 447 688 448 688 251 689 448 689 252 689 252 690 448 690 253 690 253 691 448 691 449 691 253 692 449 692 254 692 254 693 449 693 450 693 254 694 450 694 255 694 255 695 450 695 256 695 256 696 450 696 435 696 456 697 451 697 457 697 456 698 457 698 458 698 458 699 457 699 455 699 459 700 460 700 834 700 461 701 460 701 459 701 461 702 841 702 460 702 453 703 841 703 461 703 452 704 453 704 461 704 452 705 461 705 462 705 462 706 461 706 459 706 451 707 452 707 463 707 463 708 452 708 462 708 463 709 462 709 464 709 465 710 451 710 463 710 465 711 463 711 454 711 454 712 463 712 464 712 451 713 465 713 457 713 457 714 465 714 455 714 455 715 465 715 454 715 469 716 470 716 471 716 469 717 471 717 472 717 472 718 471 718 439 718 475 719 476 719 473 719 473 720 476 720 474 720 468 721 439 721 471 721 468 722 471 722 477 722 477 723 471 723 470 723 467 724 468 724 478 724 478 725 468 725 477 725 478 726 477 726 466 726 479 727 467 727 478 727 479 728 478 728 480 728 480 729 478 729 466 729 473 730 467 730 479 730 473 731 479 731 475 731 475 732 479 732 480 732 469 733 472 733 481 733 481 734 472 734 482 734 484 735 491 735 485 735 485 736 491 736 486 736 472 737 492 737 482 737 482 738 492 738 490 738 482 739 490 739 483 739 483 740 490 740 484 740 486 741 489 741 487 741 487 742 489 742 456 742 487 743 456 743 488 743 488 744 456 744 458 744 484 745 490 745 491 745 491 746 489 746 486 746 491 747 490 747 489 747 743 748 699 748 493 748 715 748 716 748 493 748 733 748 730 748 493 748 510 748 511 748 493 748 500 748 501 748 493 748 705 748 704 748 493 748 732 748 733 748 493 748 742 748 734 748 493 748 517 748 518 748 493 748 723 748 714 748 493 748 719 748 720 748 493 748 511 748 503 748 493 748 724 748 725 748 493 748 713 748 712 748 493 748 524 748 525 748 493 748 730 748 729 748 493 748 520 748 521 748 493 748 504 748 505 748 493 748 712 748 711 748 493 748 509 748 500 748 493 748 736 748 737 748 493 748 729 748 728 748 493 748 704 748 703 748 493 748 519 748 516 748 493 748 722 748 723 748 493 748 501 748 502 748 493 748 503 748 504 748 493 748 516 748 515 748 493 748 494 748 744 748 493 748 499 748 498 748 493 748 727 748 726 748 493 748 514 748 513 748 493 748 527 748 528 748 493 748 525 748 526 748 493 748 529 748 527 748 493 748 720 748 721 748 493 748 739 748 740 748 493 748 709 748 707 748 493 748 699 748 494 748 493 748 740 748 731 748 493 748 707 748 708 748 493 748 741 748 742 748 493 748 716 748 713 748 493 748 513 748 512 748 493 748 726 748 724 748 493 748 698 748 531 748 493 748 502 748 499 748 493 748 505 748 506 748 493 748 737 748 738 748 493 748 531 748 530 748 493 748 701 748 698 748 493 748 495 748 741 748 493 748 508 748 509 748 493 748 728 748 727 748 493 748 706 748 705 748 493 748 522 748 523 748 493 748 744 748 702 748 493 748 518 748 519 748 493 748 718 748 719 748 493 748 507 748 508 748 493 748 708 748 706 748 493 748 703 748 743 748 493 748 523 748 524 748 493 748 717 748 718 748 493 748 528 748 520 748 493 748 512 748 510 748 493 748 734 748 735 748 493 748 497 748 496 748 493 748 710 748 709 748 493 748 496 748 495 748 493 748 498 748 497 748 493 748 515 748 514 748 493 748 702 748 701 748 493 748 731 748 732 748 493 748 721 748 722 748 493 748 526 748 517 748 493 748 711 748 710 748 493 748 735 748 736 748 493 748 738 748 739 748 493 748 532 749 285 749 533 749 533 750 285 750 282 750 534 751 535 751 282 751 282 752 535 752 533 752 536 753 537 753 290 753 290 754 537 754 538 754 290 755 538 755 281 755 281 756 538 756 282 756 282 757 538 757 534 757 287 758 539 758 286 758 286 759 539 759 288 759 536 760 290 760 288 760 536 761 288 761 539 761 276 762 540 762 541 762 276 763 541 763 261 763 274 764 540 764 275 764 275 765 540 765 276 765 280 766 262 766 541 766 541 767 262 767 261 767 540 768 274 768 542 768 542 769 274 769 273 769 271 770 294 770 293 770 542 771 273 771 272 771 542 772 272 772 293 772 293 773 272 773 271 773 294 774 271 774 295 774 267 775 315 775 268 775 267 776 266 776 304 776 266 777 317 777 304 777 283 778 317 778 265 778 265 779 317 779 266 779 277 780 283 780 264 780 264 781 283 781 265 781 295 782 271 782 270 782 295 783 270 783 269 783 315 784 305 784 268 784 268 785 305 785 269 785 267 786 304 786 315 786 262 787 277 787 263 787 263 788 277 788 264 788 262 789 280 789 278 789 262 790 278 790 277 790 300 791 543 791 298 791 298 792 543 792 763 792 544 793 292 793 768 793 543 794 300 794 545 794 545 795 300 795 544 795 544 796 300 796 292 796 768 797 292 797 301 797 768 798 301 798 297 798 766 799 765 799 296 799 296 800 765 800 297 800 297 801 765 801 768 801 296 802 547 802 766 802 547 803 296 803 313 803 547 804 313 804 548 804 548 805 313 805 312 805 311 806 549 806 312 806 312 807 549 807 548 807 310 808 550 808 311 808 311 809 550 809 549 809 310 810 309 810 551 810 310 811 551 811 550 811 307 812 546 812 308 812 308 813 546 813 773 813 308 814 773 814 309 814 309 815 773 815 551 815 285 816 532 816 306 816 306 817 532 817 774 817 306 818 774 818 307 818 307 819 774 819 546 819 781 820 780 820 344 820 337 821 777 821 779 821 337 822 779 822 339 822 339 823 779 823 567 823 552 824 777 824 337 824 344 825 780 825 346 825 346 826 780 826 775 826 346 827 775 827 776 827 346 828 776 828 336 828 336 829 776 829 337 829 337 830 776 830 552 830 340 831 782 831 553 831 340 832 553 832 344 832 344 833 553 833 781 833 322 834 350 834 323 834 375 835 318 835 333 835 333 836 334 836 375 836 330 837 329 837 554 837 555 838 327 838 556 838 556 839 327 839 326 839 321 840 353 840 322 840 319 841 370 841 320 841 320 842 370 842 371 842 331 843 334 843 332 843 332 844 334 844 333 844 327 845 555 845 328 845 350 846 324 846 323 846 321 847 373 847 353 847 320 848 371 848 321 848 321 849 371 849 373 849 318 850 375 850 319 850 319 851 375 851 370 851 331 852 343 852 335 852 331 853 335 853 334 853 554 854 329 854 555 854 555 855 329 855 328 855 343 856 331 856 557 856 557 857 331 857 554 857 554 858 331 858 330 858 350 859 349 859 324 859 324 860 349 860 354 860 556 861 326 861 325 861 556 862 325 862 354 862 354 863 325 863 324 863 357 864 558 864 792 864 348 865 799 865 559 865 361 866 560 866 357 866 357 867 560 867 558 867 348 868 559 868 560 868 348 869 560 869 361 869 799 870 348 870 359 870 799 871 359 871 352 871 796 872 797 872 351 872 351 873 797 873 352 873 352 874 797 874 799 874 351 875 561 875 796 875 561 876 351 876 362 876 561 877 362 877 562 877 562 878 362 878 363 878 364 879 804 879 562 879 364 880 562 880 363 880 563 881 365 881 564 881 365 882 563 882 364 882 364 883 563 883 804 883 564 884 365 884 565 884 366 885 565 885 365 885 367 886 802 886 565 886 367 887 565 887 366 887 568 888 566 888 368 888 368 889 566 889 367 889 367 890 566 890 802 890 567 891 369 891 339 891 567 892 568 892 369 892 369 893 568 893 368 893 569 894 570 894 394 894 394 895 570 895 403 895 403 896 570 896 571 896 406 897 572 897 393 897 393 898 572 898 394 898 394 899 572 899 569 899 806 900 573 900 398 900 398 901 573 901 392 901 392 902 573 902 574 902 392 903 574 903 406 903 406 904 574 904 575 904 406 905 575 905 572 905 377 906 576 906 378 906 376 907 577 907 377 907 377 908 577 908 576 908 380 909 578 909 381 909 381 910 578 910 579 910 381 911 579 911 397 911 578 912 380 912 379 912 578 913 379 913 576 913 576 914 379 914 378 914 410 915 409 915 390 915 390 916 409 916 414 916 577 917 376 917 391 917 577 918 391 918 414 918 414 919 391 919 390 919 390 920 389 920 410 920 410 921 389 921 388 921 395 922 401 922 383 922 383 923 401 923 384 923 387 924 422 924 388 924 386 925 432 925 387 925 387 926 432 926 422 926 386 927 421 927 432 927 401 928 434 928 384 928 384 929 434 929 385 929 381 930 395 930 382 930 382 931 395 931 383 931 385 932 421 932 386 932 385 933 434 933 421 933 381 934 397 934 396 934 381 935 396 935 395 935 416 936 580 936 823 936 408 937 827 937 581 937 420 938 582 938 416 938 416 939 582 939 580 939 408 940 581 940 582 940 408 941 582 941 420 941 584 942 583 942 412 942 412 943 583 943 827 943 827 944 408 944 418 944 827 945 418 945 412 945 826 946 584 946 411 946 584 947 412 947 411 947 585 948 586 948 424 948 424 949 586 949 423 949 423 950 586 950 411 950 411 951 586 951 826 951 425 952 832 952 585 952 425 953 585 953 424 953 426 954 832 954 425 954 426 955 587 955 832 955 426 956 588 956 587 956 833 957 588 957 427 957 427 958 588 958 426 958 428 959 833 959 427 959 590 960 589 960 429 960 429 961 589 961 428 961 428 962 589 962 833 962 571 963 590 963 430 963 430 964 590 964 429 964 403 965 571 965 430 965 591 966 592 966 455 966 455 967 592 967 458 967 458 968 592 968 593 968 594 969 595 969 464 969 464 970 595 970 596 970 464 971 596 971 454 971 454 972 596 972 455 972 455 973 596 973 591 973 834 974 597 974 459 974 459 975 597 975 462 975 594 976 464 976 462 976 594 977 462 977 597 977 472 978 439 978 438 978 472 979 438 979 492 979 598 980 444 980 599 980 599 981 444 981 443 981 447 982 446 982 600 982 492 983 438 983 437 983 492 984 437 984 490 984 490 985 437 985 436 985 436 986 489 986 490 986 444 987 598 987 445 987 440 988 468 988 441 988 441 989 468 989 467 989 440 990 439 990 468 990 600 991 446 991 598 991 598 992 446 992 445 992 441 993 467 993 473 993 435 994 456 994 489 994 435 995 489 995 436 995 451 996 456 996 450 996 450 997 456 997 435 997 453 998 448 998 601 998 601 999 448 999 600 999 600 1000 448 1000 447 1000 599 1001 443 1001 442 1001 599 1002 442 1002 473 1002 473 1003 442 1003 441 1003 448 1004 451 1004 449 1004 449 1005 451 1005 450 1005 448 1006 453 1006 452 1006 448 1007 452 1007 451 1007 476 1008 475 1008 852 1008 852 1009 475 1009 480 1009 466 1010 602 1010 603 1010 480 1011 604 1011 852 1011 466 1012 603 1012 604 1012 466 1013 604 1013 480 1013 854 1014 605 1014 470 1014 470 1015 605 1015 602 1015 602 1016 466 1016 477 1016 602 1017 477 1017 470 1017 469 1018 606 1018 607 1018 469 1019 607 1019 854 1019 854 1020 470 1020 469 1020 481 1021 609 1021 606 1021 481 1022 606 1022 469 1022 609 1023 481 1023 610 1023 610 1024 481 1024 482 1024 483 1025 859 1025 610 1025 483 1026 610 1026 482 1026 612 1027 611 1027 484 1027 484 1028 611 1028 483 1028 483 1029 611 1029 859 1029 613 1030 612 1030 485 1030 485 1031 612 1031 484 1031 486 1032 857 1032 613 1032 486 1033 613 1033 485 1033 488 1034 608 1034 487 1034 608 1035 614 1035 487 1035 487 1036 614 1036 486 1036 486 1037 614 1037 857 1037 458 1038 593 1038 488 1038 488 1039 593 1039 608 1039 506 748 507 748 493 748 652 1040 707 1040 650 1040 624 1041 735 1041 734 1041 618 1042 741 1042 697 1042 530 748 529 748 493 748 641 1043 717 1043 642 1043 657 1044 744 1044 615 1044 714 748 715 748 493 748 725 748 717 748 493 748 521 748 522 748 493 748 637 1045 722 1045 638 1045 658 1046 744 1046 657 1046 535 1047 534 1047 746 1047 534 1048 538 1048 746 1048 746 1049 538 1049 748 1049 747 1050 535 1050 746 1050 539 1051 287 1051 749 1051 539 1052 749 1052 750 1052 745 1053 532 1053 533 1053 751 1054 539 1054 750 1054 747 1055 745 1055 533 1055 747 1056 533 1056 535 1056 748 1057 538 1057 537 1057 748 1058 537 1058 751 1058 751 1059 537 1059 536 1059 751 1060 536 1060 539 1060 753 1061 287 1061 279 1061 749 1062 287 1062 753 1062 753 1063 279 1063 752 1063 752 1064 279 1064 280 1064 755 1065 756 1065 762 1065 542 1066 756 1066 755 1066 293 1067 756 1067 542 1067 541 1068 752 1068 280 1068 757 1069 752 1069 541 1069 757 1070 753 1070 752 1070 541 1071 758 1071 757 1071 541 1072 540 1072 759 1072 541 1073 759 1073 758 1073 540 1074 760 1074 759 1074 540 1075 542 1075 761 1075 540 1076 761 1076 760 1076 760 1077 761 1077 754 1077 542 1078 755 1078 761 1078 299 1079 763 1079 762 1079 762 1080 756 1080 299 1080 293 1081 299 1081 756 1081 765 1082 766 1082 770 1082 770 1083 771 1083 765 1083 543 1084 545 1084 764 1084 763 1085 543 1085 764 1085 769 1086 545 1086 544 1086 768 1087 769 1087 544 1087 767 1088 768 1088 765 1088 765 1089 771 1089 772 1089 765 1090 772 1090 767 1090 767 1091 772 1091 768 1091 768 1092 772 1092 769 1092 546 1093 774 1093 745 1093 532 1094 745 1094 774 1094 766 1095 547 1095 770 1095 548 1096 770 1096 547 1096 777 1097 778 1097 779 1097 781 1098 553 1098 782 1098 776 1099 777 1099 552 1099 779 1100 778 1100 567 1100 782 1101 341 1101 784 1101 343 1102 783 1102 341 1102 784 1103 341 1103 783 1103 787 1104 786 1104 354 1104 354 1105 786 1105 556 1105 557 1106 783 1106 343 1106 785 1107 784 1107 783 1107 785 1108 783 1108 557 1108 557 1109 554 1109 788 1109 557 1110 788 1110 785 1110 554 1111 555 1111 789 1111 554 1112 789 1112 788 1112 555 1113 790 1113 789 1113 555 1114 556 1114 791 1114 555 1115 791 1115 790 1115 556 1116 786 1116 791 1116 792 1117 787 1117 356 1117 354 1118 356 1118 787 1118 795 1119 796 1119 803 1119 797 1120 796 1120 795 1120 558 1121 560 1121 794 1121 792 1122 558 1122 794 1122 801 1123 560 1123 559 1123 801 1124 794 1124 560 1124 799 1125 801 1125 559 1125 795 1126 803 1126 793 1126 798 1127 799 1127 797 1127 797 1128 795 1128 793 1128 797 1129 793 1129 798 1129 798 1130 793 1130 800 1130 798 1131 800 1131 799 1131 799 1132 800 1132 801 1132 804 1133 803 1133 562 1133 803 1134 796 1134 562 1134 562 1135 796 1135 561 1135 567 1136 778 1136 568 1136 568 1137 778 1137 566 1137 805 1138 571 1138 810 1138 570 1139 569 1139 807 1139 569 1140 572 1140 807 1140 810 1141 570 1141 807 1141 573 1142 806 1142 399 1142 573 1143 399 1143 808 1143 570 1144 810 1144 571 1144 574 1145 573 1145 808 1145 574 1146 808 1146 809 1146 809 1147 572 1147 575 1147 809 1148 575 1148 574 1148 812 1149 399 1149 400 1149 812 1150 400 1150 811 1150 811 1151 400 1151 397 1151 822 1152 814 1152 815 1152 815 1153 814 1153 577 1153 577 1154 414 1154 815 1154 579 1155 811 1155 397 1155 816 1156 812 1156 579 1156 812 1157 811 1157 579 1157 579 1158 578 1158 817 1158 579 1159 817 1159 816 1159 816 1160 817 1160 813 1160 578 1161 576 1161 818 1161 578 1162 818 1162 817 1162 817 1163 818 1163 819 1163 576 1164 820 1164 818 1164 576 1165 577 1165 821 1165 576 1166 821 1166 820 1166 577 1167 814 1167 821 1167 415 1168 823 1168 822 1168 822 1169 815 1169 415 1169 414 1170 415 1170 815 1170 825 1171 826 1171 829 1171 584 1172 826 1172 825 1172 825 1173 830 1173 584 1173 584 1174 830 1174 583 1174 580 1175 582 1175 824 1175 823 1176 580 1176 824 1176 828 1177 582 1177 581 1177 828 1178 824 1178 582 1178 827 1179 828 1179 581 1179 825 1180 829 1180 830 1180 583 1181 830 1181 831 1181 583 1182 831 1182 827 1182 827 1183 831 1183 828 1183 832 1184 587 1184 585 1184 585 1185 829 1185 586 1185 586 1186 829 1186 826 1186 571 1187 805 1187 590 1187 833 1188 589 1188 590 1188 592 1189 591 1189 835 1189 591 1190 596 1190 835 1190 835 1191 596 1191 838 1191 837 1192 592 1192 835 1192 597 1193 834 1193 839 1193 836 1194 593 1194 837 1194 592 1195 837 1195 593 1195 840 1196 597 1196 839 1196 838 1197 596 1197 595 1197 838 1198 595 1198 840 1198 840 1199 595 1199 594 1199 840 1200 594 1200 597 1200 842 1201 460 1201 841 1201 834 1202 460 1202 842 1202 842 1203 841 1203 453 1203 845 1204 844 1204 473 1204 473 1205 844 1205 599 1205 843 1206 842 1206 601 1206 842 1207 453 1207 601 1207 601 1208 600 1208 846 1208 601 1209 846 1209 843 1209 600 1210 598 1210 847 1210 600 1211 847 1211 846 1211 598 1212 848 1212 847 1212 598 1213 599 1213 849 1213 598 1214 849 1214 848 1214 599 1215 844 1215 849 1215 850 1216 474 1216 476 1216 845 1217 473 1217 474 1217 845 1218 474 1218 850 1218 607 1219 606 1219 853 1219 854 1220 855 1220 605 1220 605 1221 855 1221 602 1221 476 1222 852 1222 850 1222 856 1223 852 1223 604 1223 856 1224 604 1224 603 1224 855 1225 603 1225 602 1225 607 1226 853 1226 851 1226 854 1227 607 1227 851 1227 854 1228 851 1228 855 1228 603 1229 855 1229 856 1229 606 1230 609 1230 853 1230 858 1231 851 1231 853 1231 859 1232 858 1232 610 1232 610 1233 858 1233 609 1233 858 1234 853 1234 609 1234 593 1235 836 1235 608 1235 608 1236 836 1236 614 1236 865 1237 866 1237 867 1237 867 1238 866 1238 868 1238 867 1239 868 1239 786 1239 786 1240 868 1240 869 1240 786 1241 869 1241 791 1241 791 1242 869 1242 790 1242 790 1243 869 1243 870 1243 790 1244 870 1244 871 1244 790 1245 871 1245 789 1245 872 1246 785 1246 873 1246 873 1247 785 1247 874 1247 874 1248 785 1248 788 1248 874 1249 788 1249 871 1249 871 1250 788 1250 789 1250 875 1251 876 1251 872 1251 872 1252 876 1252 785 1252 891 1253 890 1253 892 1253 891 1254 892 1254 893 1254 891 1255 893 1255 754 1255 754 1256 893 1256 894 1256 754 1257 894 1257 759 1257 759 1258 894 1258 895 1258 895 1259 894 1259 896 1259 895 1260 896 1260 897 1260 895 1261 897 1261 898 1261 898 1262 897 1262 899 1262 898 1263 899 1263 753 1263 899 1264 902 1264 749 1264 899 1265 749 1265 753 1265 820 1266 821 1266 914 1266 914 1267 821 1267 915 1267 914 1268 915 1268 916 1268 916 1269 915 1269 917 1269 917 1270 823 1270 913 1270 820 1271 914 1271 918 1271 819 1272 918 1272 919 1272 819 1273 919 1273 920 1273 819 1274 920 1274 813 1274 922 1275 399 1275 923 1275 920 1276 923 1276 813 1276 925 1277 926 1277 924 1277 924 1278 926 1278 921 1278 936 1279 844 1279 937 1279 936 1280 937 1280 938 1280 938 1281 937 1281 939 1281 844 1282 936 1282 849 1282 849 1283 936 1283 940 1283 849 1284 940 1284 848 1284 848 1285 940 1285 941 1285 848 1286 941 1286 942 1286 848 1287 942 1287 847 1287 847 1288 942 1288 943 1288 847 1289 943 1289 846 1289 846 1290 943 1290 843 1290 843 1291 943 1291 944 1291 843 1292 944 1292 945 1292 615 1293 494 1293 700 1293 615 1294 700 1294 953 1294 616 1295 954 1295 260 1295 953 1296 700 1296 260 1296 953 1297 260 1297 954 1297 665 1298 529 1298 663 1298 951 1299 953 1299 863 1299 863 1300 953 1300 954 1300 863 1301 954 1301 862 1301 862 1302 954 1302 616 1302 862 1303 616 1303 861 1303 861 1304 616 1304 656 1304 861 1305 656 1305 860 1305 860 1306 656 1306 655 1306 860 1307 655 1307 864 1307 864 1308 655 1308 654 1308 864 1309 654 1309 865 1309 865 1310 654 1310 653 1310 865 1311 653 1311 866 1311 866 1312 653 1312 651 1312 866 1313 651 1313 868 1313 868 1314 651 1314 652 1314 868 1315 652 1315 869 1315 869 1316 652 1316 650 1316 869 1317 650 1317 870 1317 870 1318 650 1318 649 1318 870 1319 649 1319 871 1319 871 1320 649 1320 648 1320 871 1321 648 1321 874 1321 874 1322 648 1322 647 1322 874 1323 647 1323 873 1323 873 1324 647 1324 646 1324 873 1325 646 1325 872 1325 872 1326 646 1326 643 1326 872 1327 643 1327 875 1327 875 1328 643 1328 644 1328 875 1329 644 1329 879 1329 879 1330 644 1330 645 1330 879 1331 645 1331 878 1331 878 1332 645 1332 636 1332 878 1333 636 1333 877 1333 877 1334 636 1334 637 1334 877 1335 637 1335 880 1335 880 1336 637 1336 638 1336 880 1337 638 1337 881 1337 881 1338 638 1338 639 1338 881 1339 639 1339 882 1339 882 1340 639 1340 640 1340 882 1341 640 1341 885 1341 885 1342 640 1342 641 1342 885 1343 641 1343 884 1343 884 1344 641 1344 642 1344 884 1345 642 1345 883 1345 883 1346 642 1346 634 1346 883 1347 634 1347 886 1347 886 1348 634 1348 635 1348 886 1349 635 1349 887 1349 887 1350 635 1350 633 1350 887 1351 633 1351 889 1351 889 1352 633 1352 632 1352 889 1353 632 1353 888 1353 888 1354 632 1354 631 1354 888 1355 631 1355 890 1355 890 1356 631 1356 630 1356 890 1357 630 1357 892 1357 892 1358 630 1358 629 1358 892 1359 629 1359 893 1359 893 1360 629 1360 626 1360 893 1361 626 1361 894 1361 894 1362 626 1362 627 1362 894 1363 627 1363 896 1363 896 1364 627 1364 628 1364 896 1365 628 1365 897 1365 897 1366 628 1366 619 1366 897 1367 619 1367 899 1367 899 1368 619 1368 620 1368 899 1369 620 1369 902 1369 902 1370 620 1370 621 1370 902 1371 621 1371 901 1371 901 1372 621 1372 622 1372 901 1373 622 1373 900 1373 900 1374 622 1374 623 1374 900 1375 623 1375 903 1375 903 1376 623 1376 624 1376 903 1377 624 1377 904 1377 904 1378 624 1378 625 1378 904 1379 625 1379 905 1379 905 1380 625 1380 617 1380 905 1381 617 1381 906 1381 906 1382 617 1382 618 1382 906 1383 618 1383 907 1383 907 1384 618 1384 697 1384 907 1385 697 1385 908 1385 908 1386 697 1386 696 1386 908 1387 696 1387 909 1387 909 1388 696 1388 695 1388 909 1389 695 1389 912 1389 912 1390 695 1390 694 1390 912 1391 694 1391 911 1391 911 1392 694 1392 693 1392 911 1393 693 1393 910 1393 910 1394 693 1394 690 1394 910 1395 690 1395 913 1395 913 1396 690 1396 691 1396 913 1397 691 1397 917 1397 917 1398 691 1398 692 1398 917 1399 692 1399 916 1399 916 1400 692 1400 683 1400 916 1401 683 1401 914 1401 914 1402 683 1402 684 1402 914 1403 684 1403 918 1403 918 1404 684 1404 685 1404 918 1405 685 1405 919 1405 919 1406 685 1406 686 1406 919 1407 686 1407 920 1407 920 1408 686 1408 687 1408 920 1409 687 1409 923 1409 923 1410 687 1410 688 1410 923 1411 688 1411 922 1411 922 1412 688 1412 689 1412 922 1413 689 1413 921 1413 921 1414 689 1414 681 1414 921 1415 681 1415 924 1415 924 1416 681 1416 682 1416 924 1417 682 1417 925 1417 925 1418 682 1418 680 1418 925 1419 680 1419 928 1419 928 1420 680 1420 679 1420 928 1421 679 1421 927 1421 927 1422 679 1422 678 1422 927 1423 678 1423 929 1423 929 1424 678 1424 677 1424 929 1425 677 1425 930 1425 930 1426 677 1426 676 1426 930 1427 676 1427 931 1427 931 1428 676 1428 673 1428 931 1429 673 1429 932 1429 932 1430 673 1430 674 1430 932 1431 674 1431 933 1431 933 1432 674 1432 675 1432 933 1433 675 1433 934 1433 934 1434 675 1434 666 1434 934 1435 666 1435 935 1435 935 1436 666 1436 667 1436 935 1437 667 1437 939 1437 939 1438 667 1438 668 1438 939 1439 668 1439 938 1439 938 1440 668 1440 669 1440 938 1441 669 1441 936 1441 936 1442 669 1442 670 1442 936 1443 670 1443 940 1443 940 1444 670 1444 671 1444 940 1445 671 1445 941 1445 941 1446 671 1446 672 1446 941 1447 672 1447 942 1447 942 1448 672 1448 664 1448 942 1449 664 1449 943 1449 943 1450 664 1450 665 1450 943 1451 665 1451 944 1451 944 1452 665 1452 663 1452 944 1453 663 1453 945 1453 945 1454 663 1454 662 1454 945 1455 662 1455 946 1455 946 1456 662 1456 661 1456 946 1457 661 1457 949 1457 949 1458 661 1458 660 1458 949 1459 660 1459 948 1459 948 1460 660 1460 659 1460 948 1461 659 1461 947 1461 947 1462 659 1462 658 1462 947 1463 658 1463 950 1463 950 1464 658 1464 657 1464 950 1465 657 1465 952 1465 952 1466 657 1466 615 1466 952 1467 615 1467 951 1467 951 1468 615 1468 953 1468 762 1469 888 1469 890 1469 762 1470 890 1470 755 1470 755 1471 890 1471 891 1471 755 1472 891 1472 761 1472 888 1473 762 1473 763 1473 957 1474 545 1474 769 1474 957 1475 769 1475 958 1475 764 1476 545 1476 763 1476 763 1477 545 1477 957 1477 763 1478 957 1478 959 1478 761 1479 891 1479 754 1479 760 1480 754 1480 759 1480 898 1481 757 1481 758 1481 759 1482 895 1482 758 1482 758 1483 895 1483 898 1483 960 1484 750 1484 961 1484 961 1485 750 1485 749 1485 962 1486 748 1486 960 1486 748 1487 751 1487 960 1487 960 1488 751 1488 750 1488 898 1489 753 1489 757 1489 962 1490 963 1490 546 1490 962 1491 546 1491 745 1491 962 1492 745 1492 747 1492 747 1493 746 1493 962 1493 962 1494 746 1494 748 1494 964 1495 548 1495 549 1495 964 1496 549 1496 550 1496 551 1497 963 1497 964 1497 551 1498 964 1498 550 1498 773 1499 546 1499 963 1499 963 1500 551 1500 773 1500 958 1501 769 1501 772 1501 772 1502 771 1502 958 1502 958 1503 771 1503 770 1503 958 1504 770 1504 548 1504 958 1505 548 1505 964 1505 867 1506 787 1506 792 1506 965 1507 801 1507 800 1507 965 1508 800 1508 966 1508 794 1509 801 1509 792 1509 792 1510 801 1510 965 1510 792 1511 965 1511 967 1511 968 1512 781 1512 969 1512 969 1513 781 1513 782 1513 970 1514 776 1514 968 1514 968 1515 776 1515 775 1515 775 1516 780 1516 968 1516 968 1517 780 1517 781 1517 876 1518 782 1518 784 1518 876 1519 784 1519 785 1519 867 1520 786 1520 787 1520 970 1521 971 1521 566 1521 970 1522 566 1522 778 1522 970 1523 778 1523 777 1523 970 1524 777 1524 776 1524 803 1525 804 1525 972 1525 972 1526 804 1526 563 1526 563 1527 564 1527 972 1527 564 1528 971 1528 972 1528 564 1529 565 1529 971 1529 802 1530 566 1530 971 1530 971 1531 565 1531 802 1531 793 1532 803 1532 966 1532 800 1533 793 1533 966 1533 966 1534 803 1534 972 1534 917 1535 915 1535 814 1535 814 1536 822 1536 917 1536 917 1537 822 1537 823 1537 703 1538 616 1538 743 1538 828 1539 831 1539 973 1539 973 1540 831 1540 974 1540 824 1541 828 1541 823 1541 823 1542 828 1542 973 1542 823 1543 973 1543 975 1543 956 1544 976 1544 808 1544 956 1545 808 1545 399 1545 977 1546 572 1546 976 1546 976 1547 572 1547 809 1547 976 1548 809 1548 808 1548 399 1549 812 1549 923 1549 923 1550 812 1550 816 1550 923 1551 816 1551 813 1551 813 1552 817 1552 819 1552 819 1553 818 1553 918 1553 918 1554 818 1554 820 1554 915 1555 821 1555 814 1555 977 1556 978 1556 590 1556 977 1557 590 1557 805 1557 977 1558 805 1558 810 1558 810 1559 807 1559 977 1559 977 1560 807 1560 572 1560 979 1561 585 1561 587 1561 588 1562 978 1562 979 1562 588 1563 979 1563 587 1563 833 1564 590 1564 978 1564 588 1565 833 1565 978 1565 974 1566 831 1566 830 1566 974 1567 830 1567 829 1567 974 1568 829 1568 585 1568 974 1569 585 1569 979 1569 980 1570 856 1570 855 1570 980 1571 855 1571 981 1571 982 1572 850 1572 980 1572 856 1573 980 1573 850 1573 856 1574 850 1574 852 1574 955 1575 983 1575 839 1575 955 1576 839 1576 834 1576 984 1577 838 1577 983 1577 838 1578 840 1578 983 1578 983 1579 840 1579 839 1579 955 1580 834 1580 945 1580 834 1581 842 1581 945 1581 945 1582 842 1582 843 1582 937 1583 844 1583 845 1583 937 1584 845 1584 850 1584 984 1585 985 1585 614 1585 984 1586 614 1586 836 1586 984 1587 836 1587 837 1587 837 1588 835 1588 984 1588 984 1589 835 1589 838 1589 986 1590 858 1590 859 1590 986 1591 859 1591 611 1591 611 1592 612 1592 986 1592 612 1593 985 1593 986 1593 612 1594 613 1594 985 1594 857 1595 614 1595 985 1595 985 1596 613 1596 857 1596 851 1597 858 1597 981 1597 855 1598 851 1598 981 1598 981 1599 858 1599 986 1599 867 1600 792 1600 967 1600 867 1601 967 1601 865 1601 865 1602 967 1602 987 1602 865 1603 987 1603 864 1603 864 1604 987 1604 988 1604 864 1605 988 1605 860 1605 860 1606 988 1606 989 1606 969 1607 782 1607 876 1607 969 1608 876 1608 875 1608 969 1609 875 1609 990 1609 990 1610 875 1610 879 1610 990 1611 879 1611 991 1611 991 1612 879 1612 878 1612 882 1613 992 1613 993 1613 991 1614 878 1614 994 1614 994 1615 878 1615 877 1615 994 1616 877 1616 995 1616 995 1617 877 1617 880 1617 995 1618 880 1618 993 1618 993 1619 880 1619 881 1619 993 1620 881 1620 882 1620 996 1621 997 1621 884 1621 884 1622 997 1622 885 1622 885 1623 997 1623 992 1623 885 1624 992 1624 882 1624 888 1625 763 1625 959 1625 888 1626 959 1626 889 1626 889 1627 959 1627 998 1627 889 1628 998 1628 887 1628 887 1629 998 1629 999 1629 887 1630 999 1630 886 1630 886 1631 999 1631 1000 1631 886 1632 1000 1632 883 1632 883 1633 1000 1633 996 1633 883 1634 996 1634 884 1634 961 1635 749 1635 902 1635 961 1636 902 1636 1001 1636 1001 1637 902 1637 901 1637 1001 1638 901 1638 1002 1638 1002 1639 901 1639 900 1639 1002 1640 900 1640 1003 1640 1003 1641 900 1641 903 1641 1003 1642 903 1642 904 1642 1003 1643 904 1643 1004 1643 1004 1644 904 1644 905 1644 1004 1645 905 1645 1005 1645 1005 1646 905 1646 906 1646 1005 1647 906 1647 1006 1647 910 1648 1007 1648 1008 1648 1006 1649 906 1649 907 1649 1006 1650 907 1650 1009 1650 1009 1651 907 1651 908 1651 1009 1652 908 1652 1010 1652 1010 1653 908 1653 909 1653 1010 1654 909 1654 1011 1654 1011 1655 909 1655 912 1655 1011 1656 912 1656 1008 1656 1008 1657 912 1657 911 1657 1008 1658 911 1658 910 1658 823 1659 975 1659 913 1659 913 1660 975 1660 910 1660 910 1661 975 1661 1007 1661 399 1662 922 1662 956 1662 956 1663 922 1663 921 1663 956 1664 921 1664 1012 1664 1012 1665 921 1665 926 1665 1012 1666 926 1666 1013 1666 1013 1667 926 1667 1014 1667 1014 1668 926 1668 925 1668 1014 1669 925 1669 1015 1669 925 1670 928 1670 1015 1670 1015 1671 928 1671 927 1671 1015 1672 927 1672 1016 1672 1016 1673 927 1673 929 1673 1016 1674 929 1674 1017 1674 929 1675 930 1675 1017 1675 1017 1676 930 1676 1018 1676 1018 1677 930 1677 931 1677 1018 1678 931 1678 1019 1678 1019 1679 931 1679 932 1679 1019 1680 932 1680 1020 1680 1020 1681 932 1681 933 1681 1020 1682 933 1682 1021 1682 1021 1683 933 1683 934 1683 1021 1684 934 1684 935 1684 1021 1685 935 1685 1022 1685 1022 1686 935 1686 939 1686 1022 1687 939 1687 982 1687 982 1688 939 1688 937 1688 982 1689 937 1689 850 1689 955 1690 945 1690 946 1690 955 1691 946 1691 1023 1691 1023 1692 946 1692 949 1692 1023 1693 949 1693 1024 1693 1024 1694 949 1694 948 1694 1024 1695 948 1695 1025 1695 1025 1696 948 1696 947 1696 1025 1697 947 1697 1026 1697 1026 1698 947 1698 950 1698 1026 1699 950 1699 1027 1699 1027 1700 950 1700 952 1700 1027 1701 952 1701 1028 1701 1028 1702 952 1702 951 1702 1028 1703 951 1703 1029 1703 1029 1704 951 1704 863 1704 1029 1705 863 1705 1030 1705 1030 1706 863 1706 862 1706 1030 1707 862 1707 989 1707 989 1708 862 1708 861 1708 989 1709 861 1709 860 1709 1031 1710 1032 1710 1033 1710 1034 1711 1017 1711 1035 1711 1036 1712 1037 1712 1038 1712 1039 1713 1040 1713 1041 1713 1042 1714 1043 1714 1044 1714 1045 1715 992 1715 1046 1715 1047 1716 1048 1716 1049 1716 1050 1717 1051 1717 1052 1717 978 1718 977 1718 1054 1718 977 1719 976 1719 1032 1719 1055 1720 1012 1720 1056 1720 1022 1721 982 1721 1058 1721 1024 1722 1025 1722 1061 1722 971 1723 970 1723 1063 1723 970 1724 968 1724 1043 1724 1064 1725 990 1725 1065 1725 998 1726 959 1726 1067 1726 1005 1727 1070 1727 1004 1727 1071 1728 1003 1728 1004 1728 1001 1729 1002 1729 1072 1729 1072 1730 1002 1730 1071 1730 1071 1731 1002 1731 1003 1731 961 1732 1069 1732 960 1732 960 1733 1052 1733 962 1733 962 1734 1052 1734 1051 1734 962 1735 1051 1735 963 1735 964 1736 963 1736 1073 1736 958 1737 1068 1737 957 1737 1048 1738 999 1738 1049 1738 1049 1739 999 1739 998 1739 1000 1740 1066 1740 996 1740 997 1741 1046 1741 992 1741 994 1742 995 1742 1074 1742 990 1743 991 1743 1065 1743 1065 1744 991 1744 1074 1744 1074 1745 991 1745 994 1745 1044 1746 969 1746 990 1746 1043 1747 968 1747 1044 1747 1044 1748 968 1748 969 1748 971 1749 1075 1749 972 1749 972 1750 1075 1750 1076 1750 972 1751 1076 1751 1077 1751 972 1752 1077 1752 966 1752 987 1753 967 1753 1078 1753 1078 1754 967 1754 1079 1754 1079 1755 967 1755 965 1755 1079 1756 965 1756 1077 1756 1077 1757 965 1757 966 1757 988 1758 987 1758 1080 1758 989 1759 1062 1759 1030 1759 1028 1760 1029 1760 1081 1760 1023 1761 1024 1761 1082 1761 955 1762 1060 1762 983 1762 983 1763 1041 1763 984 1763 984 1764 1041 1764 1040 1764 984 1765 1040 1765 985 1765 986 1766 985 1766 1083 1766 981 1767 1059 1767 980 1767 1037 1768 1021 1768 1038 1768 1038 1769 1021 1769 1022 1769 1020 1770 1057 1770 1019 1770 1018 1771 1035 1771 1017 1771 1015 1772 1084 1772 1014 1772 1012 1773 1013 1773 1056 1773 1056 1774 1013 1774 1014 1774 1033 1775 956 1775 1012 1775 1032 1776 976 1776 1033 1776 1033 1777 976 1777 956 1777 978 1778 1085 1778 979 1778 979 1779 1085 1779 1086 1779 979 1780 1086 1780 1087 1780 979 1781 1087 1781 974 1781 1007 1782 975 1782 1088 1782 1088 1783 975 1783 1089 1783 1089 1784 975 1784 973 1784 1089 1785 973 1785 1087 1785 1087 1786 973 1786 974 1786 1008 1787 1007 1787 1090 1787 1011 1788 1053 1788 1010 1788 1006 1789 1009 1789 1091 1789 1006 1790 1092 1790 1093 1790 1070 1791 1094 1791 1004 1791 1004 1792 1094 1792 1095 1792 1004 1793 1095 1793 1071 1793 1071 1794 1095 1794 1096 1794 1071 1795 1096 1795 1072 1795 1069 1796 1097 1796 1098 1796 1099 1797 964 1797 1073 1797 1099 1798 1073 1798 1100 1798 1100 1799 1073 1799 1101 1799 958 1800 964 1800 1068 1800 1068 1801 964 1801 1099 1801 1068 1802 1099 1802 1102 1802 1102 1803 1099 1803 1100 1803 1067 1804 1103 1804 1104 1804 1066 1805 1105 1805 1106 1805 996 1806 1066 1806 1106 1806 996 1807 1106 1807 1107 1807 1108 1808 1064 1808 1109 1808 1109 1809 1064 1809 1065 1809 1109 1810 1065 1810 1110 1810 1110 1811 1065 1811 1074 1811 1110 1812 1074 1812 1111 1812 1111 1813 1074 1813 995 1813 1111 1814 995 1814 1112 1814 1075 1815 1113 1815 1114 1815 1075 1816 1114 1816 1076 1816 1076 1817 1114 1817 1115 1817 1076 1818 1115 1818 1077 1818 1077 1819 1115 1819 1116 1819 1077 1820 1116 1820 1079 1820 1079 1821 1116 1821 1117 1821 1079 1822 1117 1822 1078 1822 1118 1823 988 1823 1080 1823 1118 1824 1080 1824 1119 1824 1119 1825 1080 1825 1120 1825 989 1826 988 1826 1062 1826 1062 1827 988 1827 1118 1827 1062 1828 1118 1828 1121 1828 1121 1829 1118 1829 1119 1829 1028 1830 1081 1830 1122 1830 1122 1831 1081 1831 1123 1831 1124 1832 1027 1832 1028 1832 1124 1833 1028 1833 1125 1833 1125 1834 1028 1834 1122 1834 1061 1835 1025 1835 1026 1835 1061 1836 1026 1836 1126 1836 1126 1837 1026 1837 1127 1837 1082 1838 1024 1838 1061 1838 1082 1839 1061 1839 1128 1839 1128 1840 1061 1840 1126 1840 1060 1841 1129 1841 1130 1841 1131 1842 986 1842 1083 1842 1131 1843 1083 1843 1132 1843 1132 1844 1083 1844 1133 1844 981 1845 986 1845 1059 1845 1059 1846 986 1846 1131 1846 1059 1847 1131 1847 1134 1847 1134 1848 1131 1848 1132 1848 1058 1849 1135 1849 1136 1849 1057 1850 1137 1850 1138 1850 1019 1851 1057 1851 1138 1851 1019 1852 1138 1852 1139 1852 1140 1853 1055 1853 1141 1853 1141 1854 1055 1854 1056 1854 1141 1855 1056 1855 1142 1855 1142 1856 1056 1856 1014 1856 1142 1857 1014 1857 1143 1857 1143 1858 1014 1858 1084 1858 1143 1859 1084 1859 1144 1859 1085 1860 1145 1860 1146 1860 1085 1861 1146 1861 1086 1861 1086 1862 1146 1862 1147 1862 1086 1863 1147 1863 1087 1863 1087 1864 1147 1864 1148 1864 1087 1865 1148 1865 1089 1865 1089 1866 1148 1866 1149 1866 1089 1867 1149 1867 1088 1867 1150 1868 1008 1868 1090 1868 1150 1869 1090 1869 1151 1869 1151 1870 1090 1870 1152 1870 1011 1871 1008 1871 1053 1871 1053 1872 1008 1872 1150 1872 1053 1873 1150 1873 1153 1873 1153 1874 1150 1874 1151 1874 1154 1875 1092 1875 1091 1875 1091 1876 1092 1876 1006 1876 1155 1877 1094 1877 1093 1877 1093 1878 1094 1878 1070 1878 1093 1879 1070 1879 1006 1879 1006 1880 1070 1880 1005 1880 1156 1881 1096 1881 1157 1881 1157 1882 1096 1882 1095 1882 1157 1883 1095 1883 1094 1883 1096 1884 1156 1884 1158 1884 1096 1885 1158 1885 1072 1885 1072 1886 1158 1886 1159 1886 1072 1887 1159 1887 1001 1887 1158 1888 1097 1888 1159 1888 1159 1889 1097 1889 1069 1889 1159 1890 1069 1890 1001 1890 1001 1891 1069 1891 961 1891 1158 1892 1160 1892 1097 1892 1097 1893 1160 1893 1098 1893 1098 1894 1160 1894 1161 1894 960 1895 1069 1895 1052 1895 1052 1896 1069 1896 1098 1896 1052 1897 1098 1897 1050 1897 1050 1898 1098 1898 1161 1898 1050 1899 1161 1899 1162 1899 1050 1900 1162 1900 1101 1900 1050 1901 1101 1901 1051 1901 1051 1902 1101 1902 1073 1902 1051 1903 1073 1903 963 1903 1163 1904 1102 1904 1100 1904 1163 1905 1100 1905 1101 1905 1102 1906 1164 1906 1165 1906 1102 1907 1165 1907 1068 1907 1068 1908 1165 1908 1166 1908 1068 1909 1166 1909 957 1909 957 1910 1166 1910 959 1910 1165 1911 1164 1911 1103 1911 1165 1912 1103 1912 1166 1912 1166 1913 1103 1913 1067 1913 1166 1914 1067 1914 959 1914 1104 1915 1103 1915 1167 1915 998 1916 1067 1916 1049 1916 1049 1917 1067 1917 1104 1917 1049 1918 1104 1918 1047 1918 1047 1919 1104 1919 1167 1919 1047 1920 1167 1920 1168 1920 1047 1921 1168 1921 1105 1921 1047 1922 1105 1922 1048 1922 1048 1923 1105 1923 1066 1923 1048 1924 1066 1924 999 1924 999 1925 1066 1925 1000 1925 1105 1926 1169 1926 1106 1926 1106 1927 1169 1927 1107 1927 1107 1928 1169 1928 1170 1928 997 1929 996 1929 1046 1929 1046 1930 996 1930 1107 1930 1046 1931 1107 1931 1045 1931 1045 1932 1107 1932 1170 1932 1045 1933 1171 1933 1172 1933 1045 1934 1172 1934 992 1934 992 1935 1172 1935 1173 1935 992 1936 1173 1936 993 1936 1172 1937 1171 1937 1112 1937 1172 1938 1112 1938 1173 1938 1173 1939 1112 1939 995 1939 1173 1940 995 1940 993 1940 1171 1941 1174 1941 1112 1941 1112 1942 1174 1942 1111 1942 1110 1943 1111 1943 1175 1943 1110 1944 1175 1944 1176 1944 1110 1945 1176 1945 1109 1945 1109 1946 1176 1946 1108 1946 990 1947 1064 1947 1044 1947 1044 1948 1064 1948 1108 1948 1044 1949 1108 1949 1042 1949 1042 1950 1108 1950 1177 1950 1042 1951 1177 1951 1178 1951 1042 1952 1178 1952 1043 1952 1043 1953 1178 1953 1063 1953 1043 1954 1063 1954 970 1954 1178 1955 1113 1955 1063 1955 1063 1956 1113 1956 1075 1956 1063 1957 1075 1957 971 1957 1178 1958 1179 1958 1113 1958 1113 1959 1179 1959 1114 1959 1114 1960 1179 1960 1180 1960 1114 1961 1180 1961 1115 1961 1181 1962 1117 1962 1182 1962 1182 1963 1117 1963 1116 1963 1182 1964 1116 1964 1115 1964 1117 1965 1181 1965 1120 1965 1117 1966 1120 1966 1078 1966 1078 1967 1120 1967 1080 1967 1078 1968 1080 1968 987 1968 1183 1969 1121 1969 1184 1969 1184 1970 1121 1970 1119 1970 1184 1971 1119 1971 1120 1971 1121 1972 1183 1972 1185 1972 1121 1973 1185 1973 1062 1973 1062 1974 1185 1974 1030 1974 1183 1975 1186 1975 1185 1975 1185 1976 1186 1976 1123 1976 1185 1977 1123 1977 1030 1977 1030 1978 1123 1978 1081 1978 1030 1979 1081 1979 1029 1979 1187 1980 1125 1980 1122 1980 1125 1981 1187 1981 1127 1981 1125 1982 1127 1982 1124 1982 1124 1983 1127 1983 1026 1983 1124 1984 1026 1984 1027 1984 1188 1985 1128 1985 1189 1985 1189 1986 1128 1986 1126 1986 1189 1987 1126 1987 1127 1987 1128 1988 1188 1988 1190 1988 1128 1989 1190 1989 1082 1989 1082 1990 1190 1990 1191 1990 1082 1991 1191 1991 1023 1991 1190 1992 1129 1992 1191 1992 1191 1993 1129 1993 1060 1993 1191 1994 1060 1994 1023 1994 1023 1995 1060 1995 955 1995 1190 1996 1192 1996 1129 1996 1129 1997 1192 1997 1130 1997 1130 1998 1192 1998 1193 1998 983 1999 1060 1999 1041 1999 1041 2000 1060 2000 1130 2000 1041 2001 1130 2001 1039 2001 1039 2002 1130 2002 1193 2002 1039 2003 1194 2003 1133 2003 1039 2004 1133 2004 1040 2004 1040 2005 1133 2005 1083 2005 1040 2006 1083 2006 985 2006 1195 2007 1134 2007 1132 2007 1195 2008 1132 2008 1133 2008 1195 2009 1133 2009 1194 2009 1134 2010 1196 2010 1197 2010 1134 2011 1197 2011 1059 2011 1059 2012 1197 2012 1198 2012 1059 2013 1198 2013 980 2013 980 2014 1198 2014 982 2014 1197 2015 1196 2015 1135 2015 1197 2016 1135 2016 1198 2016 1198 2017 1135 2017 1058 2017 1198 2018 1058 2018 982 2018 1136 2019 1135 2019 1199 2019 1022 2020 1058 2020 1038 2020 1038 2021 1058 2021 1136 2021 1038 2022 1136 2022 1036 2022 1036 2023 1136 2023 1199 2023 1036 2024 1199 2024 1200 2024 1036 2025 1200 2025 1137 2025 1036 2026 1137 2026 1037 2026 1037 2027 1137 2027 1057 2027 1037 2028 1057 2028 1021 2028 1021 2029 1057 2029 1020 2029 1137 2030 1201 2030 1138 2030 1138 2031 1201 2031 1139 2031 1139 2032 1201 2032 1202 2032 1018 2033 1019 2033 1035 2033 1035 2034 1019 2034 1139 2034 1035 2035 1139 2035 1034 2035 1034 2036 1139 2036 1202 2036 1034 2037 1202 2037 1203 2037 1034 2038 1203 2038 1204 2038 1034 2039 1204 2039 1017 2039 1017 2040 1204 2040 1205 2040 1017 2041 1205 2041 1016 2041 1204 2042 1144 2042 1205 2042 1205 2043 1144 2043 1084 2043 1205 2044 1084 2044 1016 2044 1016 2045 1084 2045 1015 2045 1204 2046 1206 2046 1144 2046 1144 2047 1206 2047 1143 2047 1142 2048 1143 2048 1207 2048 1142 2049 1207 2049 1208 2049 1142 2050 1208 2050 1141 2050 1141 2051 1208 2051 1140 2051 1012 2052 1055 2052 1033 2052 1033 2053 1055 2053 1140 2053 1033 2054 1140 2054 1031 2054 1031 2055 1140 2055 1209 2055 1031 2056 1209 2056 1210 2056 1031 2057 1210 2057 1032 2057 1032 2058 1210 2058 1054 2058 1032 2059 1054 2059 977 2059 1210 2060 1145 2060 1054 2060 1054 2061 1145 2061 1085 2061 1054 2062 1085 2062 978 2062 1210 2063 1211 2063 1145 2063 1145 2064 1211 2064 1146 2064 1146 2065 1211 2065 1212 2065 1146 2066 1212 2066 1147 2066 1213 2067 1149 2067 1214 2067 1214 2068 1149 2068 1148 2068 1214 2069 1148 2069 1147 2069 1149 2070 1213 2070 1152 2070 1149 2071 1152 2071 1088 2071 1088 2072 1152 2072 1090 2072 1088 2073 1090 2073 1007 2073 1215 2074 1153 2074 1216 2074 1216 2075 1153 2075 1151 2075 1216 2076 1151 2076 1152 2076 1153 2077 1215 2077 1217 2077 1153 2078 1217 2078 1053 2078 1053 2079 1217 2079 1010 2079 1215 2080 1218 2080 1217 2080 1217 2081 1218 2081 1154 2081 1217 2082 1154 2082 1010 2082 1010 2083 1154 2083 1091 2083 1010 2084 1091 2084 1009 2084 1093 2085 1092 2085 1155 2085 1154 2086 1254 2086 1092 2086 1092 2087 1254 2087 1252 2087 1092 2088 1252 2088 1155 2088 1155 2089 1252 2089 1253 2089 1155 2090 1253 2090 1251 2090 1155 2091 1251 2091 1094 2091 1094 2092 1251 2092 1157 2092 1157 2093 1251 2093 1320 2093 1157 2094 1320 2094 1156 2094 1156 2095 1320 2095 1248 2095 1156 2096 1248 2096 1247 2096 1156 2097 1247 2097 1158 2097 1158 2098 1247 2098 1160 2098 1160 2099 1247 2099 1293 2099 1160 2100 1293 2100 1161 2100 1161 2101 1293 2101 1292 2101 1161 2102 1292 2102 1162 2102 1162 2103 1292 2103 1297 2103 1162 2104 1297 2104 1101 2104 1101 2105 1297 2105 1219 2105 1101 2106 1219 2106 1163 2106 1163 2107 1219 2107 1246 2107 1163 2108 1246 2108 1102 2108 1102 2109 1246 2109 1245 2109 1102 2110 1245 2110 1164 2110 1164 2111 1245 2111 1319 2111 1164 2112 1319 2112 1103 2112 1103 2113 1319 2113 1291 2113 1103 2114 1291 2114 1167 2114 1167 2115 1291 2115 1290 2115 1167 2116 1290 2116 1168 2116 1168 2117 1290 2117 1296 2117 1168 2118 1296 2118 1105 2118 1105 2119 1296 2119 1220 2119 1105 2120 1220 2120 1169 2120 1169 2121 1220 2121 1318 2121 1169 2122 1318 2122 1170 2122 1170 2123 1318 2123 1243 2123 1170 2124 1243 2124 1045 2124 1045 2125 1243 2125 1317 2125 1045 2126 1317 2126 1171 2126 1171 2127 1317 2127 1316 2127 1171 2128 1316 2128 1174 2128 1174 2129 1316 2129 1315 2129 1174 2130 1315 2130 1111 2130 1111 2131 1315 2131 1314 2131 1111 2132 1314 2132 1175 2132 1175 2133 1314 2133 1312 2133 1175 2134 1312 2134 1176 2134 1176 2135 1312 2135 1313 2135 1176 2136 1313 2136 1108 2136 1108 2137 1313 2137 1338 2137 1108 2138 1338 2138 1177 2138 1177 2139 1338 2139 1311 2139 1177 2140 1311 2140 1310 2140 1177 2141 1310 2141 1178 2141 1178 2142 1310 2142 1179 2142 1179 2143 1310 2143 1337 2143 1179 2144 1337 2144 1180 2144 1180 2145 1337 2145 1309 2145 1180 2146 1309 2146 1115 2146 1115 2147 1309 2147 1308 2147 1115 2148 1308 2148 1182 2148 1182 2149 1308 2149 1307 2149 1182 2150 1307 2150 1181 2150 1181 2151 1307 2151 1306 2151 1181 2152 1306 2152 1120 2152 1120 2153 1306 2153 1305 2153 1120 2154 1305 2154 1184 2154 1184 2155 1305 2155 1304 2155 1184 2156 1304 2156 1183 2156 1183 2157 1304 2157 1303 2157 1183 2158 1303 2158 1186 2158 1186 2159 1303 2159 1302 2159 1186 2160 1302 2160 1123 2160 1123 2161 1302 2161 1301 2161 1123 2162 1301 2162 1122 2162 1122 2163 1301 2163 1300 2163 1122 2164 1300 2164 1187 2164 1187 2165 1300 2165 1341 2165 1187 2166 1341 2166 1127 2166 1127 2167 1341 2167 1336 2167 1127 2168 1336 2168 1189 2168 1189 2169 1336 2169 1335 2169 1189 2170 1335 2170 1188 2170 1188 2171 1335 2171 1340 2171 1188 2172 1340 2172 1334 2172 1188 2173 1334 2173 1190 2173 1190 2174 1334 2174 1192 2174 1192 2175 1334 2175 1333 2175 1192 2176 1333 2176 1193 2176 1193 2177 1333 2177 1339 2177 1193 2178 1339 2178 1039 2178 1039 2179 1339 2179 1332 2179 1039 2180 1332 2180 1194 2180 1194 2181 1332 2181 1331 2181 1194 2182 1331 2182 1195 2182 1195 2183 1331 2183 1330 2183 1195 2184 1330 2184 1134 2184 1134 2185 1330 2185 1329 2185 1134 2186 1329 2186 1196 2186 1196 2187 1329 2187 1328 2187 1196 2188 1328 2188 1135 2188 1135 2189 1328 2189 1299 2189 1135 2190 1299 2190 1199 2190 1199 2191 1299 2191 1294 2191 1199 2192 1294 2192 1200 2192 1200 2193 1294 2193 1298 2193 1200 2194 1298 2194 1137 2194 1137 2195 1298 2195 1221 2195 1137 2196 1221 2196 1201 2196 1201 2197 1221 2197 1327 2197 1201 2198 1327 2198 1202 2198 1202 2199 1327 2199 1326 2199 1202 2200 1326 2200 1203 2200 1203 2201 1326 2201 1325 2201 1203 2202 1325 2202 1324 2202 1203 2203 1324 2203 1204 2203 1204 2204 1324 2204 1206 2204 1206 2205 1324 2205 1323 2205 1206 2206 1323 2206 1143 2206 1143 2207 1323 2207 1322 2207 1143 2208 1322 2208 1207 2208 1207 2209 1322 2209 1267 2209 1207 2210 1267 2210 1208 2210 1208 2211 1267 2211 1268 2211 1208 2212 1268 2212 1140 2212 1140 2213 1268 2213 1266 2213 1140 2214 1266 2214 1209 2214 1209 2215 1266 2215 1264 2215 1209 2216 1264 2216 1265 2216 1209 2217 1265 2217 1210 2217 1210 2218 1265 2218 1211 2218 1211 2219 1265 2219 1262 2219 1211 2220 1262 2220 1212 2220 1212 2221 1262 2221 1263 2221 1212 2222 1263 2222 1147 2222 1147 2223 1263 2223 1261 2223 1147 2224 1261 2224 1214 2224 1214 2225 1261 2225 1260 2225 1214 2226 1260 2226 1213 2226 1213 2227 1260 2227 1258 2227 1213 2228 1258 2228 1152 2228 1152 2229 1258 2229 1259 2229 1152 2230 1259 2230 1216 2230 1216 2231 1259 2231 1257 2231 1216 2232 1257 2232 1215 2232 1215 2233 1257 2233 1255 2233 1215 2234 1255 2234 1218 2234 1218 2235 1255 2235 1321 2235 1218 2236 1321 2236 1154 2236 1154 2237 1321 2237 1254 2237 1294 2238 1295 2238 1277 2238 1298 2239 1294 2239 1277 2239 1298 2240 1277 2240 1276 2240 1221 2241 1298 2241 1276 2241 1221 2242 1276 2242 1274 2242 1223 2243 1224 2243 1300 2243 1223 2244 1300 2244 1301 2244 1225 2245 1222 2245 1302 2245 1225 2246 1302 2246 1303 2246 1226 2247 1225 2247 1303 2247 1226 2248 1303 2248 1304 2248 1228 2249 1227 2249 1305 2249 1228 2250 1305 2250 1306 2250 1229 2251 1228 2251 1306 2251 1229 2252 1306 2252 1307 2252 1231 2253 1230 2253 1308 2253 1231 2254 1308 2254 1309 2254 1234 2255 1233 2255 1310 2255 1234 2256 1310 2256 1311 2256 1237 2257 1236 2257 1312 2257 1312 2258 1236 2258 1313 2258 1239 2259 1238 2259 1314 2259 1239 2260 1314 2260 1315 2260 1240 2261 1239 2261 1315 2261 1240 2262 1315 2262 1316 2262 1243 2263 1241 2263 1317 2263 1242 2264 1243 2264 1318 2264 1245 2265 1244 2265 1319 2265 1249 2266 1248 2266 1250 2266 1250 2267 1248 2267 1320 2267 1255 2268 1256 2268 1321 2268 1271 2269 1269 2269 1322 2269 1271 2270 1322 2270 1323 2270 1270 2271 1271 2271 1323 2271 1270 2272 1323 2272 1324 2272 1273 2273 1272 2273 1325 2273 1273 2274 1325 2274 1326 2274 1275 2275 1273 2275 1327 2275 1327 2276 1273 2276 1326 2276 1278 2277 1279 2277 1328 2277 1278 2278 1328 2278 1329 2278 1280 2279 1278 2279 1329 2279 1280 2280 1329 2280 1330 2280 1281 2281 1282 2281 1331 2281 1281 2282 1331 2282 1332 2282 1284 2283 1285 2283 1333 2283 1284 2284 1333 2284 1334 2284 1287 2285 1288 2285 1335 2285 1287 2286 1335 2286 1336 2286 1301 2287 1302 2287 1223 2287 1223 2288 1302 2288 1222 2288 1304 2289 1305 2289 1227 2289 1304 2290 1227 2290 1226 2290 1307 2291 1308 2291 1230 2291 1307 2292 1230 2292 1229 2292 1232 2293 1231 2293 1309 2293 1232 2294 1309 2294 1337 2294 1337 2295 1310 2295 1233 2295 1337 2296 1233 2296 1232 2296 1235 2297 1234 2297 1311 2297 1235 2298 1311 2298 1338 2298 1338 2299 1313 2299 1236 2299 1338 2300 1236 2300 1235 2300 1312 2301 1314 2301 1237 2301 1237 2302 1314 2302 1238 2302 1316 2303 1317 2303 1241 2303 1316 2304 1241 2304 1240 2304 1220 2305 1242 2305 1318 2305 1291 2306 1319 2306 1244 2306 1320 2307 1251 2307 1250 2307 1254 2308 1321 2308 1256 2308 1267 2309 1322 2309 1269 2309 1324 2310 1325 2310 1272 2310 1324 2311 1272 2311 1270 2311 1274 2312 1275 2312 1327 2312 1274 2313 1327 2313 1221 2313 1294 2314 1299 2314 1295 2314 1299 2315 1328 2315 1295 2315 1295 2316 1328 2316 1279 2316 1330 2317 1331 2317 1282 2317 1330 2318 1282 2318 1280 2318 1283 2319 1281 2319 1332 2319 1283 2320 1332 2320 1339 2320 1339 2321 1333 2321 1285 2321 1339 2322 1285 2322 1283 2322 1286 2323 1284 2323 1340 2323 1340 2324 1284 2324 1334 2324 1340 2325 1335 2325 1286 2325 1286 2326 1335 2326 1288 2326 1289 2327 1287 2327 1336 2327 1289 2328 1336 2328 1341 2328 1224 2329 1289 2329 1341 2329 1224 2330 1341 2330 1300 2330 1358 2331 1342 2331 1251 2331 1251 2332 1253 2332 1358 2332 1358 2333 1253 2333 1343 2333 1253 2334 1252 2334 1343 2334 1343 2335 1252 2335 1344 2335 1344 2336 1252 2336 1254 2336 1256 2337 1344 2337 1254 2337 1345 2338 1256 2338 1255 2338 1346 2339 1345 2339 1255 2339 1346 2340 1255 2340 1257 2340 1346 2341 1257 2341 1347 2341 1347 2342 1257 2342 1259 2342 1259 2343 1348 2343 1347 2343 1259 2344 1258 2344 1348 2344 1348 2345 1258 2345 1349 2345 1349 2346 1258 2346 1260 2346 1260 2347 1350 2347 1349 2347 1260 2348 1261 2348 1350 2348 1350 2349 1261 2349 1351 2349 1351 2350 1261 2350 1263 2350 1263 2351 1352 2351 1351 2351 1263 2352 1262 2352 1352 2352 1352 2353 1262 2353 1353 2353 1353 2354 1262 2354 1265 2354 1265 2355 1354 2355 1353 2355 1265 2356 1264 2356 1354 2356 1354 2357 1264 2357 1355 2357 1355 2358 1264 2358 1266 2358 1266 2359 1356 2359 1355 2359 1266 2360 1268 2360 1356 2360 1356 2361 1268 2361 1357 2361 1357 2362 1268 2362 1267 2362 1267 2363 1269 2363 1357 2363 1243 2364 1242 2364 1359 2364 1359 2365 1241 2365 1243 2365 1360 2366 1242 2366 1220 2366 1361 2367 1360 2367 1296 2367 1296 2368 1360 2368 1220 2368 1290 2369 1291 2369 1362 2369 1362 2370 1361 2370 1290 2370 1290 2371 1361 2371 1296 2371 1291 2372 1244 2372 1363 2372 1363 2373 1362 2373 1291 2373 1364 2374 1363 2374 1244 2374 1365 2375 1364 2375 1245 2375 1245 2376 1364 2376 1244 2376 1366 2377 1365 2377 1246 2377 1246 2378 1365 2378 1245 2378 1367 2379 1366 2379 1219 2379 1219 2380 1366 2380 1246 2380 1368 2381 1367 2381 1297 2381 1297 2382 1367 2382 1219 2382 1369 2383 1368 2383 1292 2383 1292 2384 1368 2384 1297 2384 1370 2385 1369 2385 1293 2385 1293 2386 1369 2386 1292 2386 1371 2387 1370 2387 1247 2387 1247 2388 1370 2388 1293 2388 1249 2389 1250 2389 1342 2389 1342 2390 1250 2390 1251 2390 1249 2391 1371 2391 1248 2391 1248 2392 1371 2392 1247 2392 34 2393 36 2393 28 2393 64 2394 66 2394 68 2394 14 2395 16 2395 10 2395 6 2396 8 2396 10 2396 30 2397 32 2397 28 2397 42 2398 44 2398 28 2398 2 2399 4 2399 10 2399 22 2400 0 2400 10 2400 48 2401 50 2401 68 2401 60 2402 62 2402 68 2402 54 2403 56 2403 68 2403 58 2404 60 2404 68 2404 52 2405 54 2405 68 2405 62 2406 64 2406 68 2406 20 2407 22 2407 10 2407 50 2408 52 2408 68 2408 24 2409 26 2409 28 2409 12 2410 14 2410 10 2410 4 2411 6 2411 10 2411 36 2412 38 2412 28 2412 40 2413 42 2413 28 2413 0 2414 2 2414 10 2414 16 2415 18 2415 10 2415 38 2416 40 2416 28 2416 18 2417 20 2417 10 2417 56 2418 58 2418 68 2418 44 2419 46 2419 28 2419 32 2420 34 2420 28 2420 46 2421 24 2421 28 2421 70 2422 48 2422 68 2422 729 2423 631 2423 728 2423 510 2424 681 2424 511 2424 520 2425 671 2425 521 2425 676 2426 515 2426 516 2426 741 2427 617 2427 742 2427 628 2428 732 2428 731 2428 498 2429 695 2429 497 2429 723 2430 645 2430 714 2430 507 2431 684 2431 508 2431 738 2432 620 2432 739 2432 521 2433 670 2433 522 2433 625 2434 624 2434 734 2434 633 2435 724 2435 726 2435 511 2436 689 2436 503 2436 665 2437 527 2437 529 2437 692 2438 501 2438 500 2438 669 2439 524 2439 523 2439 732 2440 626 2440 733 2440 528 2441 672 2441 520 2441 660 2442 531 2442 698 2442 724 2443 634 2443 725 2443 515 2444 678 2444 514 2444 743 2445 260 2445 699 2445 647 2446 711 2446 712 2446 711 2447 649 2447 710 2447 497 2448 696 2448 496 2448 508 2449 683 2449 509 2449 734 2450 617 2450 625 2450 699 2451 700 2451 494 2451 504 2452 687 2452 505 2452 527 2453 664 2453 528 2453 675 2454 518 2454 517 2454 717 2455 634 2455 642 2455 735 2456 623 2456 736 2456 531 2457 662 2457 530 2457 522 2458 669 2458 523 2458 629 2459 729 2459 730 2459 638 2460 722 2460 721 2460 498 2461 693 2461 694 2461 718 2462 640 2462 719 2462 739 2463 619 2463 740 2463 715 2464 643 2464 716 2464 499 2465 690 2465 693 2465 641 2466 718 2466 717 2466 715 2467 645 2467 644 2467 740 2468 628 2468 731 2468 686 2469 507 2469 506 2469 496 2470 697 2470 495 2470 702 2471 659 2471 701 2471 505 2472 686 2472 506 2472 525 2473 666 2473 526 2473 501 2474 690 2474 502 2474 721 2475 639 2475 638 2475 716 2476 646 2476 713 2476 649 2477 709 2477 710 2477 650 2478 707 2478 709 2478 512 2479 682 2479 510 2479 707 2480 651 2480 708 2480 679 2481 512 2481 513 2481 704 2482 656 2482 703 2482 708 2483 653 2483 706 2483 658 2484 702 2484 744 2484 518 2485 673 2485 519 2485 653 2486 705 2486 706 2486 689 2487 504 2487 503 2487 622 2488 738 2488 737 2488 713 2489 647 2489 712 2489 526 2490 675 2490 517 2490 733 2491 629 2491 730 2491 649 2492 650 2492 709 2492 514 2493 679 2493 513 2493 727 2494 633 2494 726 2494 728 2495 632 2495 727 2495 662 2496 529 2496 530 2496 705 2497 655 2497 704 2497 698 2498 659 2498 660 2498 736 2499 622 2499 737 2499 519 2500 676 2500 516 2500 524 2501 667 2501 525 2501 722 2502 636 2502 723 2502 615 2503 744 2503 494 2503 509 2504 692 2504 500 2504 720 2505 640 2505 639 2505 697 2506 741 2506 495 2506 703 2507 656 2507 616 2507 729 2508 630 2508 631 2508 510 2509 682 2509 681 2509 520 2510 672 2510 671 2510 676 2511 677 2511 515 2511 741 2512 618 2512 617 2512 628 2513 627 2513 732 2513 498 2514 694 2514 695 2514 723 2515 636 2515 645 2515 507 2516 685 2516 684 2516 738 2517 621 2517 620 2517 521 2518 671 2518 670 2518 633 2519 635 2519 724 2519 511 2520 681 2520 689 2520 692 2521 691 2521 501 2521 669 2522 668 2522 524 2522 732 2523 627 2523 626 2523 528 2524 664 2524 672 2524 660 2525 661 2525 531 2525 724 2526 635 2526 634 2526 515 2527 677 2527 678 2527 743 2528 616 2528 260 2528 647 2529 648 2529 711 2529 711 2530 648 2530 649 2530 497 2531 695 2531 696 2531 508 2532 684 2532 683 2532 734 2533 742 2533 617 2533 699 2534 260 2534 700 2534 504 2535 688 2535 687 2535 527 2536 665 2536 664 2536 675 2537 674 2537 518 2537 717 2538 725 2538 634 2538 735 2539 624 2539 623 2539 531 2540 661 2540 662 2540 522 2541 670 2541 669 2541 629 2542 630 2542 729 2542 498 2543 499 2543 693 2543 718 2544 641 2544 640 2544 739 2545 620 2545 619 2545 715 2546 644 2546 643 2546 499 2547 502 2547 690 2547 715 2548 714 2548 645 2548 740 2549 619 2549 628 2549 686 2550 685 2550 507 2550 496 2551 696 2551 697 2551 702 2552 658 2552 659 2552 505 2553 687 2553 686 2553 525 2554 667 2554 666 2554 501 2555 691 2555 690 2555 721 2556 720 2556 639 2556 716 2557 643 2557 646 2557 512 2558 680 2558 682 2558 707 2559 652 2559 651 2559 679 2560 680 2560 512 2560 704 2561 655 2561 656 2561 708 2562 651 2562 653 2562 518 2563 674 2563 673 2563 653 2564 654 2564 705 2564 689 2565 688 2565 504 2565 622 2566 621 2566 738 2566 713 2567 646 2567 647 2567 526 2568 666 2568 675 2568 733 2569 626 2569 629 2569 514 2570 678 2570 679 2570 727 2571 632 2571 633 2571 728 2572 631 2572 632 2572 662 2573 663 2573 529 2573 705 2574 654 2574 655 2574 698 2575 701 2575 659 2575 736 2576 623 2576 622 2576 519 2577 673 2577 676 2577 524 2578 668 2578 667 2578 722 2579 637 2579 636 2579 509 2580 683 2580 692 2580 720 2581 719 2581 640 2581</p>
        </triangles>
      </mesh>
    </geometry>
  </library_geometries>
  <library_visual_scenes>
    <visual_scene id="Scene" name="Scene">
      <node id="eSeries_UR10e_001" name="eSeries_UR10e_001" type="NODE">
        <matrix sid="transform">-3.89409e-10 4.37108e-11 9.99987e-4 0 0 -9.99987e-4 4.37108e-11 0 9.99987e-4 0 3.89409e-10 0 0 0 0 1</matrix>
        <instance_geometry url="#eSeries_UR10e_043-mesh" name="eSeries_UR10e_001">
          <bind_material>
            <technique_common>
              <instance_material symbol="Black-material" target="#Black-material"/>
            </technique_common>
          </bind_material>
        </instance_geometry>
      </node>
      <node id="eSeries_UR10e_010" name="eSeries_UR10e_010" type="NODE">
        <matrix sid="transform">-3.89409e-10 4.37108e-11 9.99987e-4 0 0 -9.99987e-4 4.37108e-11 0 9.99987e-4 0 3.89409e-10 0 0 0 0 1</matrix>
        <instance_geometry url="#eSeries_UR10e_010-mesh" name="eSeries_UR10e_010">
          <bind_material>
            <technique_common>
              <instance_material symbol="JointGrey-material" target="#JointGrey-material"/>
            </technique_common>
          </bind_material>
        </instance_geometry>
      </node>
    </visual_scene>
  </library_visual_scenes>
  <scene>
    <instance_visual_scene url="#Scene"/>
  </scene>
</COLLADA>